Buenos Aires,AVELLANEDA,2458,1870,6
Buenos Aires,CRUCESITA,2459,1870,6
Buenos Aires,DOCK SUD,2460,1871,6
Buenos Aires,SARANDI,2461,1872,6
Buenos Aires,VILLA DOMINICO,2462,1874,6
Buenos Aires,WILDE,2463,1875,6
Buenos Aires,25 DE mayo,2464,6660,6
Buenos Aires,AGUSTIN MOSCONI,2465,6667,6
Buenos Aires,ARAUJO,2466,6643,6
Buenos Aires,BLAS DURAÃ‘ONA,2467,6661,6
Buenos Aires,COLONIA INCHAUSTI,2468,6667,6
Buenos Aires,DEL VALLE,2469,6509,6
Buenos Aires,DESVIO GARBARINI,2470,6509,6
Buenos Aires,ERNESTINA,2471,6665,6
Buenos Aires,ESCUELA AGRICOLA SALESIANA,2472,6509,6
Buenos Aires,GOBERNADOR UGARTE,2473,6621,6
Buenos Aires,HUETEL,2474,6511,6
Buenos Aires,ISLAS,2475,6667,6
Buenos Aires,JUAN VELA,2476,6663,6
Buenos Aires,LA GLORIA,2477,6665,6
Buenos Aires,LA RABIA,2478,6667,6
Buenos Aires,LA TRIBU,2480,6660,6
Buenos Aires,LAGUNA LAS MULITAS,2481,6660,6
Buenos Aires,LUCAS MONTEVERDE,2482,6661,6
Buenos Aires,MAMAGUITA,2483,6661,6
Buenos Aires,MARTIN BERRAONDO,2484,6667,6
Buenos Aires,NORBERTO DE LA RIESTRA,2485,6663,6
Buenos Aires,ORTIZ DE ROSAS,2486,6660,6
Buenos Aires,PEDERNALES,2487,6665,6
Buenos Aires,PUEBLITOS,2488,6661,6
Buenos Aires,SAN ENRIQUE,2489,6661,6
Buenos Aires,SAN JOSE,2490,6665,6
Buenos Aires,SANTIAGO GARBARINI,2491,6660,6
Buenos Aires,VALDEZ,2492,6667,6
Buenos Aires,12 DE octubre,2493,6501,6
Buenos Aires,9 DE julio,2494,6500,6
Buenos Aires,ALFREDO DEMARCHI,2495,6533,6
Buenos Aires,AMALIA,2497,6516,6
Buenos Aires,BACACAY,2498,6516,6
Buenos Aires,BARRIO JULIO DE VEDIA,2499,6500,6
Buenos Aires,CAMBACERES,2500,6516,6
Buenos Aires,CARLOS MARIA NAON,2501,6515,6
Buenos Aires,COLONIA LAS YESCAS,2502,6513,6
Buenos Aires,CORBETT,2503,6507,6
Buenos Aires,DENNEHY,2504,6516,6
Buenos Aires,DESVIO KILOMETRO 234,2505,6503,6
Buenos Aires,DUDIGNAC,2506,6505,6
Buenos Aires,EL JABALI,2507,6531,6
Buenos Aires,EL TEJAR,2508,6515,6
Buenos Aires,ESTACION PROVINCIAL,2509,6501,6
Buenos Aires,FAUZON,2510,6500,6
Buenos Aires,FRENCH,2511,6516,6
Buenos Aires,GALO LLORENTE,2512,6513,6
Buenos Aires,GERENTE CILLEY,2513,6507,6
Buenos Aires,INGENIERO DE MADRID,2514,6651,6
Buenos Aires,LA ADELA,2515,6533,6
Buenos Aires,LA AURORA,2516,6513,6
Buenos Aires,LA NIÃ‘A,2517,6513,6
Buenos Aires,LA YESCA,2518,6513,6
Buenos Aires,LAGUNA DEL CURA,2519,6501,6
Buenos Aires,LAS NEGRAS,2520,6507,6
Buenos Aires,LAS ROSAS,2521,6533,6
Buenos Aires,MOREA,2522,6507,6
Buenos Aires,MULCAHY,2523,6501,6
Buenos Aires,NORUMBEGA,2524,6501,6
Buenos Aires,PATRICIOS,2525,6503,6
Buenos Aires,QUIROGA,2526,6533,6
Buenos Aires,RAMON J NEILD,2527,6533,6
Buenos Aires,REGINALDO J NEILD,2528,6533,6
Buenos Aires,SAN JUAN,2529,6500,6
Buenos Aires,SANTOS UNZUE,2530,6507,6
Buenos Aires,TROPEZON,2531,6501,6
Buenos Aires,VILLA DIAMANTINA,2532,6500,6
Buenos Aires,ADOLFO ALSINA,2533,6430,6
Buenos Aires,ARANO,2534,6443,6
Buenos Aires,ARTURO VATTEONE,2535,6433,6
Buenos Aires,AVESTRUZ,2536,8183,6
Buenos Aires,CAMPO DEL NORTE AMERICANO,2537,8185,6
Buenos Aires,CAMPO LA ZULEMA,2538,8185,6
Buenos Aires,CAMPO LOS AROMOS,2539,8185,6
Buenos Aires,CAMPO SAN JUAN,2540,8185,6
Buenos Aires,CAÃ‘ADA MARIANO,2541,8183,6
Buenos Aires,CANONIGO GORRITI,2542,8185,6
Buenos Aires,CARHUE,2543,6430,6
Buenos Aires,CHAPI TALO,2544,6341,6
Buenos Aires,COLONIA BARON HIRSCH,2545,6441,6
Buenos Aires,COLONIA LA ESTRELLA,2546,8185,6
Buenos Aires,COLONIA LAPIN,2547,8185,6
Buenos Aires,COLONIA LEVEN,2548,8185,6
Buenos Aires,COLONIA MURATURE,2549,6341,6
Buenos Aires,COLONIA NAVIERA,2550,6341,6
Buenos Aires,COLONIA PHILLIPSON N 1,2551,8185,6
Buenos Aires,COLONIA SANTA MARIANA,2552,8185,6
Buenos Aires,DELFIN HUERGO,2553,8185,6
Buenos Aires,EL PARQUE,2554,6341,6
Buenos Aires,EPUMER,2555,6443,6
Buenos Aires,ESTACION LAGO EPECUEN,2556,6431,6
Buenos Aires,ESTEBAN A GASCON,2557,8185,6
Buenos Aires,FATRALO,2558,6430,6
Buenos Aires,FRANCISCO MURATURE,2559,6341,6
Buenos Aires,JUAN V CILLEY,2560,6430,6
Buenos Aires,LA FLORIDA,2561,8185,6
Buenos Aires,LA PALA,2562,6341,6
Buenos Aires,LAGO EPECUEN,2563,6431,6
Buenos Aires,LEUBUCO,2564,6338,6
Buenos Aires,LOS GAUCHOS,2565,6343,6
Buenos Aires,MALABIA,2566,6443,6
Buenos Aires,VILLA MAZA,2567,6343,6
Buenos Aires,MONTE FIORE,2568,8185,6
Buenos Aires,POCITO,2569,6430,6
Buenos Aires,RIVERA,2570,6441,6
Buenos Aires,SAN ANTONIO,2571,8185,6
Buenos Aires,SAN MIGUEL ARCANGEL,2572,8185,6
Buenos Aires,THAMES,2573,6343,6
Buenos Aires,TRES LAGUNAS,2574,6443,6
Buenos Aires,VILLA CASTELAR EST ERIZE,2575,6430,6
Buenos Aires,VILLA MARGARITA,2576,8185,6
Buenos Aires,VILLA SAURI,2578,6430,6
Buenos Aires,YUTUYACO,2579,6443,6
Buenos Aires,ADOLFO GONZALES CHAVES,2580,7513,6
Buenos Aires,ALZAGA,2581,7021,6
Buenos Aires,DE LA GARMA,2582,7515,6
Buenos Aires,JUAN E BARRA,2583,7517,6
Buenos Aires,PEDRO LASALLE,2584,7515,6
Buenos Aires,VASQUEZ,2585,7519,6
Buenos Aires,ALBERTI,2586,6634,6
Buenos Aires,ANDRES VACCAREZZA,2588,6634,6
Buenos Aires,BAUDRIX,2589,6643,6
Buenos Aires,COLONIA PALANTELEN,2590,6643,6
Buenos Aires,COLONIA ZAMBUNGO,2591,6628,6
Buenos Aires,CORONEL MOM,2592,6628,6
Buenos Aires,CORONEL SEGUI,2593,6628,6
Buenos Aires,EMITA,2594,6634,6
Buenos Aires,GRISOLIA,2595,6627,6
Buenos Aires,LARREA,2596,6634,6
Buenos Aires,PALANTELEN,2597,6434,6
Buenos Aires,PLA,2598,6634,6
Buenos Aires,PRESIDENTE QUINTANA,2599,6621,6
Buenos Aires,SAN JOSE,2600,6643,6
Buenos Aires,VILLA MARIA,2601,6628,6
Buenos Aires,VILLA ORTIZ,2602,6628,6
Buenos Aires,BALNEARIO ATLANTIDA,2615,7607,6
Buenos Aires,BALNEARIO CAMET NORTE,2616,7607,6
Buenos Aires,BALNEARIO FRENTE MAR,2617,7607,6
Buenos Aires,BALNEARIO LA BALIZA,2618,7607,6
Buenos Aires,BALNEARIO LA CALETA,2619,7609,6
Buenos Aires,BALNEARIO MAR DE COBO,2620,7609,6
Buenos Aires,BALNEARIO PLAYA DORADA,2621,7607,6
Buenos Aires,BARRIO OESTE,2622,7607,6
Buenos Aires,BARRIO PARQUE BRISTOL,2623,7607,6
Buenos Aires,COMANDANTE NICANOR OTAMENDI,2624,7603,6
Buenos Aires,DIONISIA,2625,7603,6
Buenos Aires,EL CENTINELA,2626,7607,6
Buenos Aires,EL MARQUESADO,2627,7607,6
Buenos Aires,EL PITO,2628,7607,6
Buenos Aires,GENERAL ALVARADO,2629,7607,6
Buenos Aires,LA BALLENERA,2630,7605,6
Buenos Aires,LA COLMENA,2631,7603,6
Buenos Aires,LA ELMA,2632,7603,6
Buenos Aires,LA LUCIA,2633,7603,6
Buenos Aires,LA MADRECITA,2634,7603,6
Buenos Aires,LA REFORMA,2635,7603,6
Buenos Aires,LAS LOMAS,2636,7603,6
Buenos Aires,LAS PIEDRITAS,2637,7605,6
Buenos Aires,LOS PATOS,2638,7603,6
Buenos Aires,MAR DEL SUD,2639,7607,6
Buenos Aires,MECHONGUE,2640,7605,6
Buenos Aires,MIRAMAR,2641,7607,6
Buenos Aires,PLA Y RAGNONI,2642,7607,6
Buenos Aires,SAN CORNELIO,2643,7603,6
Buenos Aires,SAN EDUARDO DEL MAR,2644,7607,6
Buenos Aires,SAN FELIPE,2645,7603,6
Buenos Aires,SAN JOSE DE OTAMENDI,2646,7601,6
Buenos Aires,SANTA IRENE,2647,7607,6
Buenos Aires,VILLA COPACABANA,2648,7607,6
Buenos Aires,YRAIZOS,2649,7605,6
Buenos Aires,EL CHUMBEAU,2650,7263,6
Buenos Aires,EL PARCHE,2651,7263,6
Buenos Aires,EMMA,2652,7263,6
Buenos Aires,GENERAL ALVEAR,2653,7263,6
Buenos Aires,HARAS R DE LA PARVA,2654,7263,6
Buenos Aires,JOSE M MICHEO,2655,7263,6
Buenos Aires,LA PAMPA,2656,7263,6
Buenos Aires,LOS CUATRO CAMINOS,2657,7263,6
Buenos Aires,SANTA ISABEL,2658,6550,6
Buenos Aires,FLORENTINO AMEGHINO,2659,6064,6
Buenos Aires,BLAQUIER,2660,6065,6
Buenos Aires,EDUARDO COSTA,2661,6064,6
Buenos Aires,NUEVA SUIZA,2662,6077,6
Buenos Aires,PORVENIR,2663,6063,6
Buenos Aires,PIÃ‘EYRO,2665,1870,6
Buenos Aires,AYACUCHO,2666,7150,6
Buenos Aires,CANGALLO,2667,7153,6
Buenos Aires,FAIR,2668,7153,6
Buenos Aires,LA CONSTANCIA,2669,7153,6
Buenos Aires,LANGUEYU,2670,7151,6
Buenos Aires,LAS SULTANAS,2671,7151,6
Buenos Aires,SAN IGNACIO,2672,7151,6
Buenos Aires,SAN LAUREANO,2673,7150,6
Buenos Aires,SOLANET,2674,7151,6
Buenos Aires,UDAQUIOLA,2675,7151,6
Buenos Aires,16 DE julio,2676,7313,6
Buenos Aires,ARROYO LOS HUESOS,2677,7301,6
Buenos Aires,ANTONIO DE LOS HEROS,2678,7305,6
Buenos Aires,ARIEL,2679,7301,6
Buenos Aires,AZUL,2680,7300,6
Buenos Aires,BASE NAVAL AZOPARDO,2681,7301,6
Buenos Aires,BERNARDO VERA Y PINTADO,2682,7313,6
Buenos Aires,CACHARI,2683,7214,6
Buenos Aires,CAMINERA AZUL,2684,7300,6
Buenos Aires,CAMPODONICO,2685,7305,6
Buenos Aires,CERRO AGUILA,2686,7403,6
Buenos Aires,CHILLAR,2687,7311,6
Buenos Aires,COVELLO,2688,7305,6
Buenos Aires,ESTACION LAZZARINO,2689,7300,6
Buenos Aires,FORTIN IRENE,2690,7316,6
Buenos Aires,FRANCISCO J MEEKS,2691,7301,6
Buenos Aires,KILOMETRO 433,2692,7313,6
Buenos Aires,LA CHUMBEADA,2693,7316,6
Buenos Aires,LA COLORADA,2694,7300,6
Buenos Aires,LA MANTEQUERIA,2695,7300,6
Buenos Aires,LA PROTEGIDA,2696,7311,6
Buenos Aires,LAGUNA MEDINA,2697,7214,6
Buenos Aires,LAS CORTADERAS,2698,7300,6
Buenos Aires,LAS NIEVES,2699,7316,6
Buenos Aires,LAZZARINO,2700,7300,6
Buenos Aires,MARTIN FIERRO,2701,7311,6
Buenos Aires,MIRAMONTE,2702,7214,6
Buenos Aires,NIEVES,2703,7316,6
Buenos Aires,PABLO ACOSTA,2704,7301,6
Buenos Aires,PARISH,2705,7316,6
Buenos Aires,SAN GERVACIO,2706,7305,6
Buenos Aires,SAN RAMON DE ANCHORENA,2707,7311,6
Buenos Aires,SHAW,2708,7316,6
Buenos Aires,VAÃ‘A,2709,7301,6
Buenos Aires,VICENTE PEREDA,2710,7300,6
Buenos Aires,ADELA CORTI,2711,8000,6
Buenos Aires,AGUARA,2712,8105,6
Buenos Aires,ALFEREZ SAN MARTIN,2714,8117,6
Buenos Aires,CABILDO,2737,8118,6
Buenos Aires,GRAL DANIEL CERRI,2738,8105,6
Buenos Aires,CHOIQUE,2739,8000,6
Buenos Aires,COCHRANE,2740,8118,6
Buenos Aires,CORTI,2742,8118,6
Buenos Aires,ESPORA,2744,8107,6
Buenos Aires,GARRO,2746,8103,6
Buenos Aires,GRUMBEIN,2747,8101,6
Buenos Aires,KILOMETRO 11,2749,8101,6
Buenos Aires,KILOMETRO 652,2750,8109,6
Buenos Aires,KILOMETRO 666,2751,8105,6
Buenos Aires,KILOMETRO 9 SUD,2752,8101,6
Buenos Aires,LA VITICOLA,2753,8122,6
Buenos Aires,PUERTO GALVAN,2757,8000,6
Buenos Aires,SAUCE CHICO,2758,8105,6
Buenos Aires,SPURR,2759,8103,6
Buenos Aires,VENANCIO,2760,8117,6
Buenos Aires,VILLA BUENOS AIRES,2761,8000,6
Buenos Aires,VILLA CERRITO,2762,8000,6
Buenos Aires,VILLA DOMINGO PRONSATO,2763,8000,6
Buenos Aires,VILLA FLORESTA,2764,8000,6
Buenos Aires,VILLA HARDING GREEN,2765,8101,6
Buenos Aires,VILLA HERMINIA,2766,8101,6
Buenos Aires,VILLA ITALIA,2767,8000,6
Buenos Aires,VILLA LIBRE,2768,8000,6
Buenos Aires,VILLA LORETO,2769,8000,6
Buenos Aires,VILLA MITRE,2770,8000,6
Buenos Aires,VILLA NOCITO,2771,8000,6
Buenos Aires,VILLA OBRERA,2772,8000,6
Buenos Aires,VILLA OLGA GRUMBEIN,2773,8000,6
Buenos Aires,VILLA ROSAS,2774,8103,6
Buenos Aires,VILLA SANCHEZ ELIA,2775,8000,6
Buenos Aires,VILLA SERRA,2776,8103,6
Buenos Aires,BALCARCE,2778,7620,6
Buenos Aires,BOSCH,2779,7620,6
Buenos Aires,CAMINERA NAPALEOFU,2780,7007,6
Buenos Aires,CAMPO LA PLATA,2781,7623,6
Buenos Aires,CAMPO LEITE,2782,7623,6
Buenos Aires,EL HERVIDERO,2783,7007,6
Buenos Aires,EL JUNCO,2784,7620,6
Buenos Aires,EL VERANO,2785,7620,6
Buenos Aires,EL VOLANTE,2786,7620,6
Buenos Aires,HARAS OJO DEL AGUA,2787,7620,6
Buenos Aires,LA BRAVA,2788,7620,6
Buenos Aires,LA ESPERANZA,2789,7007,6
Buenos Aires,LA PARA,2790,7620,6
Buenos Aires,LA SARA,2791,7621,6
Buenos Aires,LAGUNA BRAVA,2792,7620,6
Buenos Aires,LAS SUIZAS,2793,7007,6
Buenos Aires,LOS CARDOS,2794,7620,6
Buenos Aires,LOS PINOS,2795,7623,6
Buenos Aires,NAPALEOFU,2796,7007,6
Buenos Aires,RAMOS OTERO,2797,7621,6
Buenos Aires,RINCON DE BAUDRIX,2798,7621,6
Buenos Aires,SAN AGUSTIN,2799,7623,6
Buenos Aires,SAN SIMON,2800,7621,6
Buenos Aires,ALSINA,2801,2938,6
Buenos Aires,BARADERO,2802,2942,6
Buenos Aires,EL SILENCIO,2803,2752,6
Buenos Aires,ESTACION BARADERO,2804,2942,6
Buenos Aires,ESTANCIA SANTA CATALINA,2805,2761,6
Buenos Aires,IRENEO PORTELA,2806,2943,6
Buenos Aires,ISLA LOS LAURELES,2807,2931,6
Buenos Aires,PANAME,2808,2931,6
Buenos Aires,SANTA COLOMA,2809,2761,6
Buenos Aires,ALMACEN LA COLINA,2810,2740,6
Buenos Aires,ARRECIFES,2811,2740,6
Buenos Aires,CAMPO CRISOL,2812,2754,6
Buenos Aires,CAÃ‘ADA MARTA,2813,2740,6
Buenos Aires,EL NACIONAL,2814,2740,6
Buenos Aires,LA DELIA,2815,2740,6
Buenos Aires,LA NELIDA,2816,2740,6
Buenos Aires,PUENTE CAÃ‘ETE,2817,2740,6
Buenos Aires,TODD,2818,2754,6
Buenos Aires,VILLA SANGUINETTI,2819,2740,6
Buenos Aires,VIÃ‘A,2820,2754,6
Buenos Aires,BARKER,2822,7005,6
Buenos Aires,VILLA JUAREZ,2823,7020,6
Buenos Aires,BENITO JUAREZ,2824,7020,6
Buenos Aires,CAMINERA JUAREZ,2825,7020,6
Buenos Aires,CHAPAR,2826,7020,6
Buenos Aires,CORONEL RODOLFO BUNGE,2828,7313,6
Buenos Aires,EL LUCHADOR,2829,7313,6
Buenos Aires,ESTANCIA CHAPAR,2830,7020,6
Buenos Aires,HARAS EL CISNE,2831,7020,6
Buenos Aires,KILOMETRO 404,2832,7005,6
Buenos Aires,LA CALERA,2833,7020,6
Buenos Aires,LA NUTRIA,2834,7313,6
Buenos Aires,LOPEZ,2835,7021,6
Buenos Aires,MARIANO ROLDAN,2836,7517,6
Buenos Aires,MOLINO GALILEO,2837,7020,6
Buenos Aires,MONTE CRESPO,2838,7020,6
Buenos Aires,PACHAN,2839,7020,6
Buenos Aires,PARQUE MUÃ‘OZ,2840,7020,6
Buenos Aires,RICARDO GAVIÃ‘A,2841,7313,6
Buenos Aires,TEDIN URIBURU,2842,7021,6
Buenos Aires,VILLA CACIQUE,2843,7005,6
Buenos Aires,ARROYO DEL PESCADO,2853,1923,6
Buenos Aires,ARROYO LA MAZA,2854,1923,6
Buenos Aires,BERISSO,2855,1923,6
Buenos Aires,FRIGORIFICO ARMOUR,2856,1923,6
Buenos Aires,ISLA PAULINO,2857,1929,6
Buenos Aires,LA BALANDRA,2858,1923,6
Buenos Aires,LOS TALAS,2859,1923,6
Buenos Aires,PALO BLANCO,2860,1923,6
Buenos Aires,BOLIVAR,2861,6550,6
Buenos Aires,EL PORVENIR,2862,6550,6
Buenos Aires,HALE,2863,6511,6
Buenos Aires,JUAN F IBARRA,2864,6551,6
Buenos Aires,LA PERLA,2865,6550,6
Buenos Aires,LA TORRECITA,2866,6553,6
Buenos Aires,PARAJE MIRAMAR,2867,6550,6
Buenos Aires,NUEVA ESPAÃ‘A,2868,6553,6
Buenos Aires,PAULA,2869,6557,6
Buenos Aires,PIROVANO,2870,6551,6
Buenos Aires,MARIANO UNZUE,2871,6551,6
Buenos Aires,URDAMPILLETA,2872,6553,6
Buenos Aires,VALLIMANCA,2873,6557,6
Buenos Aires,VILLA LYNCH PUEYRREDON,2874,6553,6
Buenos Aires,VILLA SANZ,2875,6511,6
Buenos Aires,ASAMBLEA,2876,6640,6
Buenos Aires,BRAGADO,2877,6640,6
Buenos Aires,COLONIA SAN EDUARDO,2878,6646,6
Buenos Aires,COMODORO PY,2879,6641,6
Buenos Aires,GENERAL O BRIEN,2880,6646,6
Buenos Aires,IRALA,2881,6013,6
Buenos Aires,LA LIMPIA,2882,6645,6
Buenos Aires,LA MARIA,2883,6640,6
Buenos Aires,MAXIMO FERNANDEZ,2884,6645,6
Buenos Aires,MECHA,2885,6648,6
Buenos Aires,MECHITA,2886,6648,6
Buenos Aires,OLASCOAGA,2887,6652,6
Buenos Aires,WARNES,2888,6646,6
Buenos Aires,ALTAMIRANO,2889,1986,6
Buenos Aires,BARRIO LA DOLLY,2890,1980,6
Buenos Aires,BARRIO LAS MANDARINAS,2891,1980,6
Buenos Aires,CAMINERA SAMBOROMBON,2892,7130,6
Buenos Aires,CAMPO LOPE SECO,2893,1980,6
Buenos Aires,BRANDSEN,2894,1980,6
Buenos Aires,DESVIO KILOMETRO 55,2895,1981,6
Buenos Aires,DOYHENARD,2896,1980,6
Buenos Aires,GOBERNADOR OBLIGADO,2897,1981,6
Buenos Aires,GOMEZ,2898,1983,6
Buenos Aires,GOMEZ DE LA VEGA,2899,1983,6
Buenos Aires,JEPPENER,2900,1986,6
Buenos Aires,KILOMETRO 44,2901,1980,6
Buenos Aires,KILOMETRO 58,2902,1981,6
Buenos Aires,KILOMETRO 82,2903,1980,6
Buenos Aires,LA POSADA,2904,1980,6
Buenos Aires,OLIDEN,2905,1981,6
Buenos Aires,SAMBOROMBON,2906,1980,6
Buenos Aires,ARROYO ALELI,2907,2805,6
Buenos Aires,ARROYO CARABELITAS,2908,2805,6
Buenos Aires,ARROYO EL AHOGADO,2909,2805,6
Buenos Aires,ARROYO LAS CRUCES,2910,2805,6
Buenos Aires,ARROYO LAS ROSAS,2911,2805,6
Buenos Aires,ARROYO LOS TIGRES,2912,2805,6
Buenos Aires,ARROYO Ã‘ACURUTU CHICO,2913,2805,6
Buenos Aires,ARROYO PESQUERIA,2914,2805,6
Buenos Aires,ARROYO TAJIBER,2915,2805,6
Buenos Aires,ARROYO ZANJON,2916,2805,6
Buenos Aires,BLONDEAU,2917,2805,6
Buenos Aires,CAMPANA,2918,2804,6
Buenos Aires,CANAL N ALEM 1A SEC,2919,2805,6
Buenos Aires,CANAL N ALEM 2A SEC,2920,2805,6
Buenos Aires,EL FENIX,2921,2804,6
Buenos Aires,KILOMETRO 88,2922,2804,6
Buenos Aires,LA HORQUETA,2923,2805,6
Buenos Aires,OTAMENDI,2924,2802,6
Buenos Aires,LOMAS DEL RIO LUJAN,2925,2802,6
Buenos Aires,ALEJANDRO PETION,2926,1808,6
Buenos Aires,BARRIO 1 DE MAYO,2927,1814,6
Buenos Aires,CAÃ‘UELAS,2928,1814,6
Buenos Aires,COLONIA SANTA ROSA,2929,1816,6
Buenos Aires,ESCUELA AGRICOLA DON BOSCO,2930,1815,6
Buenos Aires,FRANCISCO CASAL,2931,1808,6
Buenos Aires,GOBERNADOR UDAONDO,2932,7221,6
Buenos Aires,INDIA MUERTA,2933,7114,6
Buenos Aires,KILOMETRO 59,2934,1814,6
Buenos Aires,KILOMETRO 88,2935,7221,6
Buenos Aires,LA COSTA,2936,1814,6
Buenos Aires,LA GARITA,2937,1814,6
Buenos Aires,LA NORIA,2938,1814,6
Buenos Aires,LOS AROMOS,2939,1816,6
Buenos Aires,MAXIMO PAZ,2940,1812,6
Buenos Aires,PALMITAS,2941,7221,6
Buenos Aires,RUTA 205 KILOMETRO 57,2942,1816,6
Buenos Aires,RUTA 3 KILOMETRO 75 700,2943,1816,6
Buenos Aires,SANTA ROSA,2944,1739,6
Buenos Aires,URIBELARREA,2945,1815,6
Buenos Aires,VICENTE CASARES,2946,1808,6
Buenos Aires,VILLA ADRIANA,2947,1816,6
Buenos Aires,ALMACEN EL DESCANSO,2948,2752,6
Buenos Aires,ARROYO DE LUNA,2949,2752,6
Buenos Aires,CAMPO LA ELISA,2950,2752,6
Buenos Aires,CAPITAN SARMIENTO,2951,2752,6
Buenos Aires,COLEGIO SAN PABLO,2952,2752,6
Buenos Aires,LA LUISA,2953,2752,6
Buenos Aires,ALGARROBO,2954,6531,6
Buenos Aires,BELLOCQ,2955,6535,6
Buenos Aires,CADRET,2956,6535,6
Buenos Aires,EL CAMOATI,2957,6537,6
Buenos Aires,CARLOS CASARES,2958,6530,6
Buenos Aires,CENTENARIO,2959,6535,6
Buenos Aires,COLONIA LA ESPERANZA,2960,6531,6
Buenos Aires,COLONIA MAURICIO,2961,6531,6
Buenos Aires,COLONIA SANTA MARIA,2962,6535,6
Buenos Aires,EL CARPINCHO,2963,6537,6
Buenos Aires,ESTANCIA SAN CLAUDIO,2964,6537,6
Buenos Aires,GOBERNADOR ARIAS,2965,6531,6
Buenos Aires,HORTENSIA,2966,6537,6
Buenos Aires,LA DORITA,2967,6538,6
Buenos Aires,LA SOFIA,2968,6535,6
Buenos Aires,MAURICIO HIRSCH,2969,6531,6
Buenos Aires,MOCTEZUMA,2970,6531,6
Buenos Aires,ORDOQUI,2971,6537,6
Buenos Aires,SAN JUAN DE NELSON,2972,6530,6
Buenos Aires,SANTA MARIA BELLOQ,2973,6535,6
Buenos Aires,SANTO TOMAS,2974,6530,6
Buenos Aires,SANTO TOMAS CHICO,2975,6538,6
Buenos Aires,SMITH,2976,6531,6
Buenos Aires,CARLOS TEJEDOR,2977,6455,6
Buenos Aires,COLONIA SERE,2978,6459,6
Buenos Aires,CUENCA,2979,6231,6
Buenos Aires,CURARU,2980,6451,6
Buenos Aires,DRYSDALE,2981,6455,6
Buenos Aires,ENCINA,2982,6077,6
Buenos Aires,ESTEBAN DE LUCA,2983,6475,6
Buenos Aires,HEREFORD,2984,6233,6
Buenos Aires,HUSARES,2985,6455,6
Buenos Aires,INGENIERO BEAUGEY,2986,6457,6
Buenos Aires,KILOMETRO 386,2987,6457,6
Buenos Aires,KILOMETRO 393,2988,6467,6
Buenos Aires,LA HIGUERA,2989,6475,6
Buenos Aires,LOS CHAÃ‘ARES,2990,6475,6
Buenos Aires,LOS INDIOS,2991,6451,6
Buenos Aires,MARUCHA,2992,6451,6
Buenos Aires,NECOL ESTACION FCGM,2993,6077,6
Buenos Aires,SAN CARLOS,2994,6451,6
Buenos Aires,SANTA INES,2995,6459,6
Buenos Aires,TIMOTE,2996,6457,6
Buenos Aires,TRES ALGARROBOS,2997,6231,6
Buenos Aires,CARMEN DE ARECO,2998,6725,6
Buenos Aires,ESTRELLA NACIENTE,2999,6725,6
Buenos Aires,GOUIN,3000,6727,6
Buenos Aires,HARAS LOS CARDALES,3001,2752,6
Buenos Aires,KENNY,3002,2745,6
Buenos Aires,LA CENTRAL,3003,6725,6
Buenos Aires,PARADA TATAY,3004,6725,6
Buenos Aires,RETIRO SAN PABLO,3005,2752,6
Buenos Aires,SAN ERNESTO,3006,6725,6
Buenos Aires,TATAY,3007,6721,6
Buenos Aires,TRES SARGENTOS,3008,6727,6
Buenos Aires,AMBROSIO P LEZICA,3009,8508,6
Buenos Aires,BAHIA SAN BLAS,3010,8506,6
Buenos Aires,CANTERA VILLALONGA,3011,8504,6
Buenos Aires,CARDENAL CAGLIERO,3012,8506,6
Buenos Aires,CARMEN DE PATAGONES,3013,8504,6
Buenos Aires,COLONIA MIGUEL ESTEVERENA,3014,8508,6
Buenos Aires,COLONIA EL GUANACO,3015,8142,6
Buenos Aires,COLONIA BARGA,3016,8142,6
Buenos Aires,COLONIA LA CELINA,3017,8508,6
Buenos Aires,COLONIA LA GRACIELA,3018,8142,6
Buenos Aires,COLONIA LOS ALAMOS,3019,8142,6
Buenos Aires,COLONIA SAN FRANCISCO,3020,8142,6
Buenos Aires,COLONIA TAPATTA,3021,8142,6
Buenos Aires,EL BAGUAL,3022,8504,6
Buenos Aires,EMILIO LAMARCA,3023,8505,6
Buenos Aires,FARO SEGUNDA BARRANCOSA,3024,8504,6
Buenos Aires,FORTIN VIEJO,3025,8148,6
Buenos Aires,IGARZABAL,3026,8512,6
Buenos Aires,JARRILLA,3027,8508,6
Buenos Aires,JOSE B CASAS,3028,8506,6
Buenos Aires,JUAN A PRADERE,3029,8142,6
Buenos Aires,LAS CORTADERAS,3030,8504,6
Buenos Aires,LOS POZOS,3031,8512,6
Buenos Aires,PASO ALSINA,3032,8142,6
Buenos Aires,PUERTO TRES BONETES,3033,8508,6
Buenos Aires,PUERTO WASSERMANN,3034,8506,6
Buenos Aires,SALINA DE PIEDRA,3035,8506,6
Buenos Aires,STROEDER,3036,8508,6
Buenos Aires,TERMAS LOS GAUCHOS,3037,8504,6
Buenos Aires,VILLA ELENA,3038,8512,6
Buenos Aires,VILLALONGA,3039,8512,6
Buenos Aires,CANAL 15 CERRO DE LA GLORIA,3041,7114,6
Buenos Aires,CASTELLI,3042,7114,6
Buenos Aires,CENTRO GUERRERO,3043,7114,6
Buenos Aires,GUERRERO,3044,7116,6
Buenos Aires,LA CORINCO,3045,7114,6
Buenos Aires,LA COSTA,3046,7114,6
Buenos Aires,PARQUE TAILLADE,3047,7114,6
Buenos Aires,SAN JOSE DE GALI,3048,7114,6
Buenos Aires,CASTILLA,3049,6616,6
Buenos Aires,CHACABUCO,3050,6740,6
Buenos Aires,COLIQUEO,3051,6743,6
Buenos Aires,CUCHA CUCHA,3052,6746,6
Buenos Aires,GREGORIO VILLAFAÃ‘E,3053,6740,6
Buenos Aires,INGENIERO SILVEYRA,3054,6743,6
Buenos Aires,LA CALIFORNIA ARGENTINA,3055,6616,6
Buenos Aires,LOS ANGELES,3056,2743,6
Buenos Aires,MEMBRILLAR,3057,6748,6
Buenos Aires,O HIGGINS,3058,6748,6
Buenos Aires,PALEMON HUERGO,3059,6628,6
Buenos Aires,RAWSON,3060,6734,6
Buenos Aires,SAN PATRICIO,3061,6734,6
Buenos Aires,VILLAFAÃ‘E,3062,6740,6
Buenos Aires,ADELA,3063,7136,6
Buenos Aires,CHASCOMUS,3065,7130,6
Buenos Aires,COLONIA ESCUELA ARGENTINA,3066,7136,6
Buenos Aires,COMANDANTE GIRIBONE,3067,7135,6
Buenos Aires,CUARTEL 6,3068,7136,6
Buenos Aires,CUARTEL 8,3069,7135,6
Buenos Aires,DON CIPRIANO,3070,7135,6
Buenos Aires,EL CARBON,3071,7135,6
Buenos Aires,EL DESTINO,3072,7116,6
Buenos Aires,EL EUCALIPTUS,3073,7130,6
Buenos Aires,EL RINCON,3074,7130,6
Buenos Aires,ESTANCIA SAN RAFAEL,3075,7130,6
Buenos Aires,GANDARA,3076,7136,6
Buenos Aires,HARAS SAN IGNACIO,3077,7136,6
Buenos Aires,LA ALAMEDA,3078,7130,6
Buenos Aires,LA AMALIA,3079,7130,6
Buenos Aires,LA AMISTAD,3080,7130,6
Buenos Aires,LA AZOTEA GRANDE,3081,7130,6
Buenos Aires,LA HORQUETA,3082,7130,6
Buenos Aires,LA REFORMA,3084,7130,6
Buenos Aires,LAS BRUSCAS,3085,7130,6
Buenos Aires,LAS MULAS,3086,7130,6
Buenos Aires,LEGARISTI,3087,7130,6
Buenos Aires,LEZAMA,3088,7116,6
Buenos Aires,LIBRES DEL SUD,3089,7135,6
Buenos Aires,MONASTERIO,3090,7136,6
Buenos Aires,PEDRO NICOLAS ESCRIBANO,3091,7135,6
Buenos Aires,PESSAGNO,3092,7135,6
Buenos Aires,VISTA ALEGRE,3093,7130,6
Buenos Aires,VITEL,3094,7130,6
Buenos Aires,BENITEZ,3095,6632,6
Buenos Aires,CAÃ‘ADA LA RICA,3096,6625,6
Buenos Aires,GOROSTIAGA,3098,6632,6
Buenos Aires,HARAS EL CARMEN,3099,6627,6
Buenos Aires,HENRY BELL,3100,6621,6
Buenos Aires,INDACOCHEA,3101,6623,6
Buenos Aires,LA CARLOTA,3102,6628,6
Buenos Aires,LA DORMILONA,3103,6628,6
Buenos Aires,LA RICA,3104,6623,6
Buenos Aires,PUENTE BATALLA,3105,6620,6
Buenos Aires,RAMON BIAUS,3106,6627,6
Buenos Aires,SAN SEBASTIAN,3107,6623,6
Buenos Aires,VILLA MOQUEHUA,3108,6625,6
Buenos Aires,COLON,3109,2720,6
Buenos Aires,EL ARBOLITO,3110,2721,6
Buenos Aires,EL PELADO,3111,2720,6
Buenos Aires,ESTANCIA LAS GAMAS,3112,2723,6
Buenos Aires,PEARSON,3114,2711,6
Buenos Aires,SARASA,3115,2721,6
Buenos Aires,ALMIRANTE SOLIER,3116,8109,6
Buenos Aires,ARROYO PAREJA,3117,8111,6
Buenos Aires,BAJO HONDO,3118,8115,6
Buenos Aires,BALNEARIO PARADA,3119,8109,6
Buenos Aires,BATERIAS,3120,8113,6
Buenos Aires,CALDERON,3121,8101,6
Buenos Aires,DESVIO SANDRINI,3122,8109,6
Buenos Aires,ISLA CATARELLI,3123,8111,6
Buenos Aires,LA MARTINA,3124,8109,6
Buenos Aires,LA VIRGINIA,3125,8115,6
Buenos Aires,PASO MAYOR,3126,8115,6
Buenos Aires,PEHUEN CO,3127,8109,6
Buenos Aires,PUERTO BELGRANO,3128,8111,6
Buenos Aires,PUERTO ROSALES,3129,8111,6
Buenos Aires,PUNTA ALTA,3130,8109,6
Buenos Aires,VILLA DEL MAR,3131,8109,6
Buenos Aires,VILLA GENERAL ARIAS,3132,8101,6
Buenos Aires,VILLA LAURA,3133,8109,6
Buenos Aires,VILLA MAIO,3134,8109,6
Buenos Aires,FARO,3135,8150,6
Buenos Aires,APARICIO,3136,8158,6
Buenos Aires,CALVO,3137,8154,6
Buenos Aires,CAMPO LA LIMA,3138,8150,6
Buenos Aires,CORONEL DORREGO,3139,8150,6
Buenos Aires,EL ZORRO,3140,8151,6
Buenos Aires,GIL,3141,8151,6
Buenos Aires,IRENE,3142,7507,6
Buenos Aires,EL PERDIDO EST JOSE GUISASOLA,3143,8156,6
Buenos Aires,KILOMETRO 563,3144,8151,6
Buenos Aires,LA AURORA,3145,8151,6
Buenos Aires,LA LUNA,3146,8150,6
Buenos Aires,LA SIRENA,3147,8150,6
Buenos Aires,LA SOBERANA,3148,8154,6
Buenos Aires,LAS OSCURAS,3149,8115,6
Buenos Aires,NICOLAS DESCALZI,3150,8151,6
Buenos Aires,ORIENTE,3151,7509,6
Buenos Aires,PARAJE LA AURORA,3152,8158,6
Buenos Aires,SAN RAMON,3153,8150,6
Buenos Aires,SAN ROMAN,3154,8154,6
Buenos Aires,LAGUNA SAUCE GRANDE,3155,8150,6
Buenos Aires,CORONEL FALCON,3156,8118,6
Buenos Aires,CORONEL PRINGLES,3157,7530,6
Buenos Aires,DESPEÃ‘ADEROS,3158,7531,6
Buenos Aires,EL DIVISORIO,3159,7531,6
Buenos Aires,EL PENSAMIENTO,3160,7531,6
Buenos Aires,ESTACION CORONEL PRINGLES,3161,7536,6
Buenos Aires,INDIO RICO,3162,7501,6
Buenos Aires,KRABBE,3163,7530,6
Buenos Aires,LA RESERVA,3164,7536,6
Buenos Aires,LARTIGAU,3165,7531,6
Buenos Aires,LAS MOSTAZAS,3166,7530,6
Buenos Aires,PILLAHUINCO,3167,7530,6
Buenos Aires,STEGMANN,3168,7536,6
Buenos Aires,TEJO GALETA,3169,7530,6
Buenos Aires,BATHURST ESTACION,3170,7540,6
Buenos Aires,CASCADA,3171,7547,6
Buenos Aires,CORONEL SUAREZ,3172,7540,6
Buenos Aires,CURA MALAL,3173,7548,6
Buenos Aires,D ORBIGNY,3174,7541,6
Buenos Aires,HUANGUELEN,3175,7545,6
Buenos Aires,LA PRIMAVERA,3176,7543,6
Buenos Aires,OMBU,3177,7545,6
Buenos Aires,OTOÃ‘O,3178,7545,6
Buenos Aires,PASMAN,3179,7547,6
Buenos Aires,PIÃ‘EYRO,3180,7540,6
Buenos Aires,PUEBLO SAN JOSE,3181,7541,6
Buenos Aires,PUEBLO SANTA MARIA,3182,7541,6
Buenos Aires,QUIÃ‘IHUAL ESTACION,3183,7533,6
Buenos Aires,SANTA TRINIDAD,3184,7541,6
Buenos Aires,VILLA ARCADIA,3185,7540,6
Buenos Aires,ZENTENA,3186,7545,6
Buenos Aires,ZOILO PERALTA,3187,7530,6
Buenos Aires,ALFALAD,3188,6555,6
Buenos Aires,ANDANT,3189,6555,6
Buenos Aires,ARBOLEDA,3190,6557,6
Buenos Aires,ATAHUALPA,3191,6471,6
Buenos Aires,CORONEL MARCELINO FREYRE,3192,6555,6
Buenos Aires,DAIREAUX,3193,6555,6
Buenos Aires,ENRIQUE LAVALLE,3194,6467,6
Buenos Aires,LA ARMONIA,3195,6555,6
Buenos Aires,LA COPETA,3196,7545,6
Buenos Aires,LA LARGA,3197,6555,6
Buenos Aires,LA MANUELA,3198,6439,6
Buenos Aires,LOS COLONIALES,3199,6555,6
Buenos Aires,LOUGE,3200,7545,6
Buenos Aires,LURO,3201,6439,6
Buenos Aires,MASUREL,3202,6438,6
Buenos Aires,MAURAS,3203,6555,6
Buenos Aires,MOURAS,3204,6471,6
Buenos Aires,SALAZAR,3205,6471,6
Buenos Aires,VILLA ALDEANITA,3206,6471,6
Buenos Aires,VILLA CAROLA,3207,6555,6
Buenos Aires,DOLORES,3208,7100,6
Buenos Aires,EL 60,3209,7100,6
Buenos Aires,KILOMETRO 212,3210,7100,6
Buenos Aires,LA ESTRELLA,3211,7100,6
Buenos Aires,LA POSTA,3212,7112,6
Buenos Aires,LA PROTECCION,3213,7112,6
Buenos Aires,LAS VIBORAS,3214,7100,6
Buenos Aires,LOMA DE SALOMON,3215,7100,6
Buenos Aires,PARAJE LA VASCA,3216,7100,6
Buenos Aires,PARRAVICHINI,3217,7100,6
Buenos Aires,SEVIGNE,3218,7101,6
Buenos Aires,TRES LEGUAS,3219,7100,6
Buenos Aires,VECINO,3220,7118,6
Buenos Aires,BASE NAVAL RIO SANTIAGO,3221,1929,6
Buenos Aires,DESTILERIA FISCAL,3222,1925,6
Buenos Aires,DOCK CENTRAL,3223,1925,6
Buenos Aires,ENSENADA,3224,1925,6
Buenos Aires,ESC NAV MILITAR RIO SANTIAGO,3225,1927,6
Buenos Aires,FUERTE BARRAGAN,3226,1925,6
Buenos Aires,GRAND DOCK,3227,1925,6
Buenos Aires,ISLA SANTIAGO,3228,1929,6
Buenos Aires,PUERTO LA PLATA,3229,1925,6
Buenos Aires,PUNTA LARA,3230,1931,6
Buenos Aires,ARROYO CANELON,3231,1625,6
Buenos Aires,ARROYO LAS ROSAS,3232,1625,6
Buenos Aires,BARRIO GARIN NORTE,3233,1623,6
Buenos Aires,BARRIO PARQUE LAMBARE,3234,1623,6
Buenos Aires,BELEN DE ESCOBAR,3235,1625,6
Buenos Aires,GARIN,3236,1619,6
Buenos Aires,INGENIERO MASCHWITZ,3237,1623,6
Buenos Aires,LA GRACIELITA,3238,1623,6
Buenos Aires,LOMA VERDE,3239,1625,6
Buenos Aires,MAQUINISTA F SAVIO,3240,1619,6
Buenos Aires,MATHEU,3241,1627,6
Buenos Aires,PUERTO DE ESCOBAR,3242,1625,6
Buenos Aires,PUNTA DE CANAL,3243,1623,6
Buenos Aires,BARRIO EL CAZADOR,3244,1625,6
Buenos Aires,VILLA LA CHECHELA,3247,1625,6
Buenos Aires,VILLA VALLIER,3248,1625,6
Buenos Aires,ARROYO DE LA CRUZ,3478,2813,6
Buenos Aires,CAMPO LA NENA,3479,2764,6
Buenos Aires,CAPILLA DEL SEÃ‘OR,3480,2812,6
Buenos Aires,CHENAUT,3481,2764,6
Buenos Aires,DIEGO GAYNOR,3482,2812,6
Buenos Aires,ETCHEGOYEN,3483,6703,6
Buenos Aires,EXALTACION DE LA CRUZ,3484,2812,6
Buenos Aires,GOBERNADOR ANDONAEGHI,3485,2764,6
Buenos Aires,KILOMETRO 102,3486,2763,6
Buenos Aires,LA LATA,3487,2812,6
Buenos Aires,LA ROSADA,3488,2812,6
Buenos Aires,LOS CARDALES,3489,2814,6
Buenos Aires,ORLANDO,3490,2812,6
Buenos Aires,PARADA ROBLES,3491,6703,6
Buenos Aires,PAVON,3492,2812,6
Buenos Aires,VILLA PRECEPTOR M ROBLES,3493,2812,6
Buenos Aires,VILLA PRECEPTOR MANUEL CRUZ,3494,6703,6
Buenos Aires,ARRIBEÃ‘OS,3510,6007,6
Buenos Aires,ASCENCION,3511,6003,6
Buenos Aires,COLONIA LOS HORNOS,3512,6007,6
Buenos Aires,DELGADO,3513,6007,6
Buenos Aires,DESVIO EL CHINGOLO,3514,6031,6
Buenos Aires,DESVIO KILOMETRO 95,3515,6007,6
Buenos Aires,ESCUELA AGRICOLA SALESIANA,3516,6003,6
Buenos Aires,ESTACION ASCENSION,3517,6003,6
Buenos Aires,ESTACION GENERAL ARENALES,3518,6005,6
Buenos Aires,FERRE,3519,6003,6
Buenos Aires,GENERAL ARENALES,3520,6005,6
Buenos Aires,HAM,3521,6005,6
Buenos Aires,KILOMETRO 95,3522,6031,6
Buenos Aires,LA ANGELITA,3523,6003,6
Buenos Aires,LA HUAYQUERIA,3524,6005,6
Buenos Aires,LA PINTA,3525,6007,6
Buenos Aires,LA TRINIDAD,3526,6003,6
Buenos Aires,ABBOTT,3527,7228,6
Buenos Aires,BONNEMENT,3528,7223,6
Buenos Aires,CHAS,3529,7223,6
Buenos Aires,EL SIASGO,3530,7223,6
Buenos Aires,GENERAL BELGRANO,3531,7223,6
Buenos Aires,GORCHS,3532,7226,6
Buenos Aires,HARAS CHACABUCO,3533,7223,6
Buenos Aires,IBAÃ‘EZ,3534,7223,6
Buenos Aires,KILOMETRO 146,3535,7226,6
Buenos Aires,LA CHUMBEADA,3536,7223,6
Buenos Aires,LA ESPERANZA,3537,7223,6
Buenos Aires,LA VERDE,3538,7223,6
Buenos Aires,NEWTON,3539,7223,6
Buenos Aires,GENERAL GUIDO,3540,7118,6
Buenos Aires,LABARDEN,3541,7161,6
Buenos Aires,SAN JUSTO,3542,7118,6
Buenos Aires,AGUAS VERDES,3543,7112,6
Buenos Aires,BARRIO PEDRO ROCCO,3544,7109,6
Buenos Aires,COSTA AZUL,3545,7112,6
Buenos Aires,FARO SAN ANTONIO,3546,7103,6
Buenos Aires,GENERAL LAVALLE,3547,7103,6
Buenos Aires,LA LUCILA DEL MAR,3548,7113,6
Buenos Aires,LA MASCOTA,3549,7119,6
Buenos Aires,LA TABLADA,3550,7163,6
Buenos Aires,LA VICTORIA,3551,7109,6
Buenos Aires,LAS TONINAS,3552,7106,6
Buenos Aires,MAR DE AJO,3553,7109,6
Buenos Aires,MAR DEL TUYU,3554,7108,6
Buenos Aires,NUEVA ATLANTIS,3555,7113,6
Buenos Aires,PLAYA LAS MARGARITAS,3556,7109,6
Buenos Aires,PUNTA MEDANOS,3557,7109,6
Buenos Aires,SALADA CHICA,3558,7163,6
Buenos Aires,SALADA GRANDE,3559,7163,6
Buenos Aires,SAN BERNARDO DEL TUYU,3560,7111,6
Buenos Aires,SAN CLEMENTE DEL TUYU,3561,7105,6
Buenos Aires,SAN JOSE DE LOS QUINTEROS,3562,7109,6
Buenos Aires,SANTA TERESA,3563,7163,6
Buenos Aires,SANTA TERESITA,3564,7107,6
Buenos Aires,VILLA CLELIA,3565,7109,6
Buenos Aires,CARILO,3566,7167,6
Buenos Aires,CLAVERIE,3567,7163,6
Buenos Aires,EL CHAJA,3568,7163,6
Buenos Aires,ESPADAÃ‘A,3569,7163,6
Buenos Aires,FARO QUERANDI,3570,7165,6
Buenos Aires,GENERAL MADARIAGA,3571,7163,6
Buenos Aires,GOBOS,3572,7163,6
Buenos Aires,GOÃ‘I,3573,7163,6
Buenos Aires,GOROSO,3574,7163,6
Buenos Aires,HINOJALES,3575,7163,6
Buenos Aires,INVERNADAS,3576,7163,6
Buenos Aires,ISONDU,3577,7163,6
Buenos Aires,JUANCHO,3578,7169,6
Buenos Aires,LA ESPERANZA GRAL MADARIAGA,3579,7163,6
Buenos Aires,MACEDO,3580,7169,6
Buenos Aires,MAR AZUL,3581,7165,6
Buenos Aires,MAR DE LAS PAMPAS,3582,7165,6
Buenos Aires,MEDALAND,3583,7169,6
Buenos Aires,MONTECARLO,3584,7167,6
Buenos Aires,OSTENDE,3585,7167,6
Buenos Aires,PARQUE CARILO,3586,7167,6
Buenos Aires,PASOS,3587,7163,6
Buenos Aires,PINAMAR,3588,7167,6
Buenos Aires,SPERONI,3589,7163,6
Buenos Aires,TIO DOMINGO,3590,7163,6
Buenos Aires,VALERIA DEL MAR,3591,7167,6
Buenos Aires,VILLA GESELL,3592,7165,6
Buenos Aires,ALEGRE,3593,1987,6
Buenos Aires,CANCHA DEL POLLO,3594,1987,6
Buenos Aires,CUARTEL 2,3595,1987,6
Buenos Aires,ESPARTILLAR,3596,1987,6
Buenos Aires,ESTANCIA VIEJA,3597,7225,6
Buenos Aires,KILOMETRO 70,3598,1981,6
Buenos Aires,LOMA VERDE,3599,1981,6
Buenos Aires,LOS MERINOS,3600,1980,6
Buenos Aires,RANCHOS,3601,1987,6
Buenos Aires,RINCON DE VIVOT,3602,7225,6
Buenos Aires,VILLANUEVA,3603,7225,6
Buenos Aires,CORONEL GRANADA,3604,6062,6
Buenos Aires,DOS HERMANOS,3605,6042,6
Buenos Aires,DUSSAUD,3606,6050,6
Buenos Aires,EL PEREGRINO,3607,6053,6
Buenos Aires,GENERAL PINTO,3608,6050,6
Buenos Aires,GERMANIA,3609,6053,6
Buenos Aires,GUNTHER,3610,6053,6
Buenos Aires,HALCEY,3611,6064,6
Buenos Aires,HARAS EL CATORCE,3612,6050,6
Buenos Aires,INGENIERO BALBIN,3613,6051,6
Buenos Aires,IRIARTE,3614,6042,6
Buenos Aires,LA SUIZA,3615,6050,6
Buenos Aires,LOS CALLEJONES,3616,6062,6
Buenos Aires,MAYOR JOSE ORELLANO,3617,6053,6
Buenos Aires,PAZOS KANKI,3618,6058,6
Buenos Aires,SOLALE,3620,6064,6
Buenos Aires,VILLA FRANCIA,3621,6058,6
Buenos Aires,VOLTA,3622,6064,6
Buenos Aires,BANDERALO,3628,6244,6
Buenos Aires,CAÃ‘ADA SECA,3629,6105,6
Buenos Aires,CORONEL CHARLONE,3630,6223,6
Buenos Aires,DRABBLE,3631,6242,6
Buenos Aires,EL DIA,3632,6241,6
Buenos Aires,ELORDI,3633,6242,6
Buenos Aires,EMILIO BUNGE,3634,6241,6
Buenos Aires,GENERAL VILLEGAS,3636,6230,6
Buenos Aires,GONDRA,3637,6241,6
Buenos Aires,LOS CALDENES,3638,6242,6
Buenos Aires,LOS LAURELES,3639,6230,6
Buenos Aires,MOORES,3640,6230,6
Buenos Aires,PICHINCHA,3641,6051,6
Buenos Aires,PIEDRITAS,3642,6241,6
Buenos Aires,PRADERE JUAN A,3643,6231,6
Buenos Aires,SANTA ELEODORA,3644,6241,6
Buenos Aires,SANTA REGINA,3645,6105,6
Buenos Aires,VILLA SABOYA,3646,6101,6
Buenos Aires,VILLA SAUZE,3647,6235,6
Buenos Aires,ALAMOS,3648,6437,6
Buenos Aires,ALFA,3649,6437,6
Buenos Aires,ARROYO EL CHINGOLO,3650,6437,6
Buenos Aires,ARROYO VENADO,3651,6437,6
Buenos Aires,BONIFACIO,3652,6439,6
Buenos Aires,BRAVO DEL DOS,3653,6411,6
Buenos Aires,CASBAS,3654,6417,6
Buenos Aires,CASEY,3655,6417,6
Buenos Aires,COLONIA SAN RAMON,3656,6437,6
Buenos Aires,EL NILO,3657,6437,6
Buenos Aires,EL TREBAÃ‘ON,3658,6437,6
Buenos Aires,FORTIN PAUNERO,3659,6417,6
Buenos Aires,GARRE,3660,6411,6
Buenos Aires,GUAMINI,3661,6435,6
Buenos Aires,LA GREGORIA,3662,6437,6
Buenos Aires,LA HERMINIA,3663,6437,6
Buenos Aires,LA NEVADA,3664,7545,6
Buenos Aires,LAGUNA ALSINA,3665,6439,6
Buenos Aires,LAGUNA DEL MONTE,3666,6435,6
Buenos Aires,LAS CUATRO HERMANAS,3667,6437,6
Buenos Aires,LAS MERCEDES,3668,6437,6
Buenos Aires,LAS TRES FLORES,3669,6437,6
Buenos Aires,PAPIN,3670,6411,6
Buenos Aires,ROLITO ESTACION FCGB,3671,6430,6
Buenos Aires,SAN FERMIN,3672,6417,6
Buenos Aires,SANTA RITA PDO GUAMINI,3673,6437,6
Buenos Aires,SATURNO,3674,6417,6
Buenos Aires,VICTORINO DE LA PLAZA,3675,6411,6
Buenos Aires,VUELTA DE ZAPATA,3676,6435,6
Buenos Aires,AGUSTIN ROCA,3683,6001,6
Buenos Aires,AGUSTINA,3684,6001,6
Buenos Aires,BARRIO CAROSIO,3685,6000,6
Buenos Aires,BARRIO VILLA ORTEGA,3687,6000,6
Buenos Aires,BLANDENGUES,3688,6032,6
Buenos Aires,FORTIN TIBURCIO,3689,6001,6
Buenos Aires,LA ORIENTAL,3691,6022,6
Buenos Aires,LAGUNA DE GOMEZ,3692,6001,6
Buenos Aires,LAPLACETTE,3693,6013,6
Buenos Aires,LAS PARVAS,3694,6022,6
Buenos Aires,MORSE,3695,6013,6
Buenos Aires,PUEBLO NUEVO,3696,6000,6
Buenos Aires,SAFORCADA,3697,6022,6
Buenos Aires,VILLA BELGRANO,3698,6000,6
Buenos Aires,VILLA MAYOR,3699,6000,6
Buenos Aires,VILLA ORTEGA,3700,6000,6
Buenos Aires,VILLA PENOTTI,3701,6000,6
Buenos Aires,VILLA TALLERES,3702,6000,6
Buenos Aires,VILLA TRIANGULO,3703,6000,6
Buenos Aires,VILLA YORK,3704,6000,6
Buenos Aires,ABASTO,3723,1903,6
Buenos Aires,ARTURO SEGUI,3724,1895,6
Buenos Aires,CITY BELL,3725,1896,6
Buenos Aires,JOAQUIN GORINA,3727,1896,6
Buenos Aires,ARANA,3730,1909,6
Buenos Aires,ESTACION GOMEZ,3739,1903,6
Buenos Aires,ESTACION MORENO,3740,1901,6
Buenos Aires,LISANDRO OLMOS ETCHEVERRY,3741,1901,6
Buenos Aires,LOS EUCALIPTUS CASCO URBANO,3742,1895,6
Buenos Aires,MANUEL B GONNET,3743,1897,6
Buenos Aires,MELCHOR ROMERO,3744,1903,6
Buenos Aires,NUEVA HERMOSURA,3745,1907,6
Buenos Aires,PEREYRA IRAOLA PARQUE,3746,1894,6
Buenos Aires,POBLET,3747,1905,6
Buenos Aires,VILLA ELISA,3748,1894,6
Buenos Aires,ALDECON,3749,7406,6
Buenos Aires,CHALA QUILCA,3750,7406,6
Buenos Aires,FORTIN NECOCHEA,3751,7406,6
Buenos Aires,GENERAL LAMADRID,3752,7406,6
Buenos Aires,LA COLINA,3753,7408,6
Buenos Aires,LAS BANDURRIAS,3754,7406,6
Buenos Aires,LAS MARTINETAS,3755,7406,6
Buenos Aires,LASTRA,3756,7406,6
Buenos Aires,LIBANO,3757,7407,6
Buenos Aires,PONTAUT,3758,7535,6
Buenos Aires,QUILCO,3759,7406,6
Buenos Aires,RAULET,3760,7530,6
Buenos Aires,SAN QUILCO,3761,7406,6
Buenos Aires,SANTA CLEMENTINA,3762,7406,6
Buenos Aires,MONTE CHINGOLO,3764,1825,6
Buenos Aires,REMEDIOS DE ESCALADA,3765,1826,6
Buenos Aires,VALENTIN ALSINA,3766,1822,6
Buenos Aires,LAPRIDA,3767,7414,6
Buenos Aires,LAS HERMANAS,3768,7412,6
Buenos Aires,LOS PINOS,3769,7412,6
Buenos Aires,PARAG\\u00dcIL,3770,7412,6
Buenos Aires,SAN JORGE,3771,7404,6
Buenos Aires,SANTA ELENA,3772,7414,6
Buenos Aires,VILLA PUEBLO NUEVO,3773,7414,6
Buenos Aires,VOLUNTAD,3774,7412,6
Buenos Aires,CORONEL BOERR,3775,7208,6
Buenos Aires,DOCTOR DOMINGO HAROSTEGUY,3776,7212,6
Buenos Aires,EL GUALICHO,3777,7200,6
Buenos Aires,EL TRIGO,3778,7207,6
Buenos Aires,ESTRUGAMOU,3779,7207,6
Buenos Aires,LA ESPERANZA ROSAS LAS FLORES,3780,7205,6
Buenos Aires,LA PORTEÃ‘A,3781,7207,6
Buenos Aires,LAS FLORES,3782,7200,6
Buenos Aires,PARDO,3783,7212,6
Buenos Aires,PLAZA MONTERO,3784,7201,6
Buenos Aires,ROSAS,3785,7205,6
Buenos Aires,SANTA ROSA DE MINELLONO,3786,7212,6
Buenos Aires,VILELA,3787,7208,6
Buenos Aires,EL DURAZNO,3788,1735,6
Buenos Aires,ENRIQUE FYNN,3789,1741,6
Buenos Aires,GENERAL HORNOS,3790,1739,6
Buenos Aires,KILOMETRO 77,3791,1737,6
Buenos Aires,KILOMETRO 79,3792,1741,6
Buenos Aires,LA CHOZA,3793,1737,6
Buenos Aires,GENERAL LAS HERAS,3794,1741,6
Buenos Aires,LOZANO,3795,1741,6
Buenos Aires,PARADA KILOMETRO 76,3796,1739,6
Buenos Aires,PLOMER,3797,1733,6
Buenos Aires,SPERATTI,3798,1741,6
Buenos Aires,VILLARS,3799,1731,6
Buenos Aires,COLONIA ALBERDI,3801,6034,6
Buenos Aires,DE BRUYN,3802,6031,6
Buenos Aires,EDMUNDO PERKINS,3803,6030,6
Buenos Aires,EL DORADO,3804,6031,6
Buenos Aires,FORTIN ACHA,3805,6031,6
Buenos Aires,JUAN BAUTISTA ALBERDI,3806,6034,6
Buenos Aires,LEANDRO N ALEM,3807,6032,6
Buenos Aires,SAUZALES,3808,6030,6
Buenos Aires,TRIGALES,3809,6053,6
Buenos Aires,VEDIA,3810,6030,6
Buenos Aires,ARENAZA,3811,6075,6
Buenos Aires,BALSA,3812,6070,6
Buenos Aires,BAYAUCA,3813,6078,6
Buenos Aires,BERMUDEZ,3814,6071,6
Buenos Aires,CARLOS SALAS,3815,6453,6
Buenos Aires,EL TRIUNFO,3817,6073,6
Buenos Aires,ESTACION LINCOLN,3818,6070,6
Buenos Aires,ESTANCIA MITIKILI,3819,6075,6
Buenos Aires,ESTANCIA SAN ANTONIO,3820,6075,6
Buenos Aires,FORTIN VIGILANCIA,3821,6073,6
Buenos Aires,HARAS TRUJUI,3822,6075,6
Buenos Aires,KILOMETRO 321,3823,6070,6
Buenos Aires,KILOMETRO 322,3824,6533,6
Buenos Aires,KILOMETRO 352,3825,6075,6
Buenos Aires,KILOMETRO 356,3826,6075,6
Buenos Aires,LA PRADERA,3827,6453,6
Buenos Aires,LA ZARATEÃ‘A,3828,6077,6
Buenos Aires,LAS TOSCAS,3829,6453,6
Buenos Aires,LINCOLN,3830,6070,6
Buenos Aires,LOS ALTOS,3831,6075,6
Buenos Aires,PASTEUR,3832,6077,6
Buenos Aires,PUEBLO MARTINEZ DE HOZ,3833,6533,6
Buenos Aires,ROBERTS,3834,6075,6
Buenos Aires,SANTA MARIA,3835,6071,6
Buenos Aires,TRIUNVIRATO,3836,6071,6
Buenos Aires,VIGELENCIA,3837,6070,6
Buenos Aires,CAMPO PELAEZ,3838,7623,6
Buenos Aires,COSTA BONITA BALNEARIO,3839,7631,6
Buenos Aires,DOS NACIONES,3840,7007,6
Buenos Aires,EL CHEIQUE,3841,7007,6
Buenos Aires,EL LENGUARAZ,3842,7635,6
Buenos Aires,EL MORO,3843,7623,6
Buenos Aires,HARAS EL MORO,3844,7631,6
Buenos Aires,HARAS NACIONAL,3845,7631,6
Buenos Aires,KILOMETRO 440,3846,7635,6
Buenos Aires,LA PALMA,3847,7007,6
Buenos Aires,LA PLAYA,3848,7631,6
Buenos Aires,LAS NUTRIAS,3849,7623,6
Buenos Aires,LICENCIADO MATIENZO,3850,7007,6
Buenos Aires,LOBERIA,3851,7635,6
Buenos Aires,LOS CERROS,3852,7635,6
Buenos Aires,MALECON GARDELLA,3853,7631,6
Buenos Aires,MAORI,3854,7633,6
Buenos Aires,PIERES,3855,7633,6
Buenos Aires,QUEQUEN,3856,7631,6
Buenos Aires,SAN MANUEL,3857,7007,6
Buenos Aires,SAN MIGUEL DEL MORO,3858,7631,6
Buenos Aires,TAMANGUEYU,3859,7633,6
Buenos Aires,VILLA PUERTO QUEQUEN,3860,7631,6
Buenos Aires,ANTONIO CARBONI,3861,7243,6
Buenos Aires,AREVALO,3862,7243,6
Buenos Aires,EL ARAZA,3863,7249,6
Buenos Aires,ELVIRA,3864,7243,6
Buenos Aires,EMPALME LOBOS,3865,7249,6
Buenos Aires,KILOMETRO 112,3866,7240,6
Buenos Aires,KILOMETRO 88,3867,1815,6
Buenos Aires,LA ADELAIDA,3868,7243,6
Buenos Aires,LA PORTEÃ‘A,3869,7241,6
Buenos Aires,LAGUNA DE LOBOS,3870,7240,6
Buenos Aires,LAS CHACRAS,3871,7241,6
Buenos Aires,LOBOS,3872,7240,6
Buenos Aires,SALVADOR MARIA,3873,7241,6
Buenos Aires,SANTA ALICIA,3874,7243,6
Buenos Aires,SANTA FELICIA,3875,7243,6
Buenos Aires,ZAPIOLA,3876,7249,6
Buenos Aires,ALASTUEY,3884,6703,6
Buenos Aires,CAMINERA LUJAN,3885,6700,6
Buenos Aires,CAÃ‘ADA DE ARIAS,3886,6700,6
Buenos Aires,CARLOS KEEN,3887,6701,6
Buenos Aires,COLONIA NAC DE ALIENADOS,3888,6708,6
Buenos Aires,CORTINES,3889,6712,6
Buenos Aires,CUARTEL CUATRO,3890,6700,6
Buenos Aires,DOCTOR DOMINGO CABRED,3891,6708,6
Buenos Aires,EST JAUREGUI VA FLANDRIA,3892,6706,6
Buenos Aires,LA LOMA,3893,6700,6
Buenos Aires,LEZICA Y TORREZURI,3894,6700,6
Buenos Aires,MARISCAL SUCRE,3896,6708,6
Buenos Aires,OLIVERA,3897,6608,6
Buenos Aires,OPEN DOOR,3898,6708,6
Buenos Aires,PUEBLO NUEVO,3899,6700,6
Buenos Aires,RUTA 8 KILOMETRO 77,3900,6703,6
Buenos Aires,SAN ELADIO,3901,6601,6
Buenos Aires,SANTA ELENA,3902,6700,6
Buenos Aires,SUCRE,3903,6708,6
Buenos Aires,TORRES,3904,6703,6
Buenos Aires,JAUREGUI JOSE MARIA,3905,6706,6
Buenos Aires,VILLA FRANCIA,3906,6706,6
Buenos Aires,ARBUCO,3908,1915,6
Buenos Aires,ATALAYA,3909,1913,6
Buenos Aires,BARRIO EL PORTEÃ‘O,3910,1915,6
Buenos Aires,BME BAVIO GRAL MANSILLA,3911,1911,6
Buenos Aires,BASE AERONAVAL PUNTA INDIO,3912,1919,6
Buenos Aires,COLONIA BEETHOVEN,3913,1921,6
Buenos Aires,CRISTINO BENAVIDEZ,3914,1913,6
Buenos Aires,EL PINO,3915,1907,6
Buenos Aires,EL ROSARIO,3916,1921,6
Buenos Aires,EMPALME MAGDALENA,3917,1913,6
Buenos Aires,JOSE FERRARI,3918,1905,6
Buenos Aires,JULIO ARDITI,3919,1913,6
Buenos Aires,KILOMETRO 103,3920,1915,6
Buenos Aires,KILOMETRO 92,3921,1911,6
Buenos Aires,LA PRIMAVERA,3922,1921,6
Buenos Aires,LA TALINA,3923,1921,6
Buenos Aires,LOS SANTOS VIEJOS,3925,1921,6
Buenos Aires,MAGDALENA,3927,1913,6
Buenos Aires,MONTE VELOZ,3928,1917,6
Buenos Aires,PARAJE STARACHE,3930,1915,6
Buenos Aires,PIÃ‘EIRO,3932,1921,6
Buenos Aires,PIPINAS,3933,1921,6
Buenos Aires,PUNTA INDIO,3934,1917,6
Buenos Aires,RINCON DE NOARIO,3935,1921,6
Buenos Aires,RUTA 11 KILOMETRO 23,3936,1907,6
Buenos Aires,VERGARA,3937,7135,6
Buenos Aires,VERONICA,3938,1917,6
Buenos Aires,VIEYTES,3939,1915,6
Buenos Aires,CARI LARQUEA,3940,7119,6
Buenos Aires,COLONIA FERRARI,3941,7172,6
Buenos Aires,HOGAR MARIANO ORTIZ BASUALDO,3942,7172,6
Buenos Aires,LA AMORILLA,3943,7119,6
Buenos Aires,LA COLORADA,3944,7119,6
Buenos Aires,LAS ARMAS,3945,7172,6
Buenos Aires,MAIPU,3946,7160,6
Buenos Aires,MONSALVO,3947,7119,6
Buenos Aires,SANTO DOMINGO,3948,7119,6
Buenos Aires,SEGUROLA,3949,7119,6
Buenos Aires,ARROYO GRANDE,4065,7174,6
Buenos Aires,BALNEARIO SANTA ELENA,4066,7609,6
Buenos Aires,CALFUCURA,4067,7613,6
Buenos Aires,CAMPAMENTO,4068,7613,6
Buenos Aires,COBO,4069,7612,6
Buenos Aires,CORONEL VIDAL,4070,7174,6
Buenos Aires,EL REFUGIO,4071,7612,6
Buenos Aires,EL VIGILANTE,4072,7174,6
Buenos Aires,ESCUELA AGRICOLA RURAL,4073,7174,6
Buenos Aires,GENERAL PIRAN,4074,7172,6
Buenos Aires,HARAS 1 DE MAYO,4075,7174,6
Buenos Aires,LA TOBIANA,4076,7174,6
Buenos Aires,LAS CHILCAS,4077,7174,6
Buenos Aires,MAR CHIQUITA,4078,7174,6
Buenos Aires,NAHUEL RUCA,4079,7613,6
Buenos Aires,SAN JULIAN,4080,7613,6
Buenos Aires,SAN VALENTIN,4081,7613,6
Buenos Aires,SANTA CLARA DEL MAR,4082,7609,6
Buenos Aires,SIEMPRE VERDE,4083,7609,6
Buenos Aires,UNIDAD TURISTICA CHAPADMALAL,4084,7609,6
Buenos Aires,VIVORATA,4085,7612,6
Buenos Aires,B LOS AROMOS SAN PATRICIO,4086,1727,6
Buenos Aires,B NUESTRA SEÃ‘ORA DE LA PAZ,4087,1727,6
Buenos Aires,B STA CATALINA HORNERO LA LOMA,4088,1727,6
Buenos Aires,B SARMIENTO DON ROLANDO,4089,1727,6
Buenos Aires,COLONIA HOGAR R GUTIERREZ,4090,1727,6
Buenos Aires,COLONIA NACIONAL DE MENORES,4091,1727,6
Buenos Aires,ELIAS ROMERO,4092,1727,6
Buenos Aires,KILOMETRO 45,4093,1727,6
Buenos Aires,KILOMETRO 53,4094,1727,6
Buenos Aires,MARCOS PAZ B BERNASCONI,4096,1727,6
Buenos Aires,MARCOS PAZ B EL MARTILLO,4097,1727,6
Buenos Aires,MARCOS PAZ B EL MORO,4098,1727,6
Buenos Aires,MARCOS PAZ B EL ZORZAL,4099,1727,6
Buenos Aires,MARCOS PAZ B LA LONJA,4100,1727,6
Buenos Aires,MARCOS PAZ B LA MILAGROSA,4101,1727,6
Buenos Aires,MARCOS PAZ B MARTIN FIERRO,4102,1727,6
Buenos Aires,MARCOS PAZ B URIOSTE,4103,1727,6
Buenos Aires,ZAMUDIO,4104,1727,6
Buenos Aires,AGOTE,4105,6608,6
Buenos Aires,ALTAMIRA,4106,6601,6
Buenos Aires,BARRIO GENERAL SAN MARTIN,4107,6000,6
Buenos Aires,COMAHUE OESTE,4108,6601,6
Buenos Aires,GOLDNEY,4109,6614,6
Buenos Aires,GOWLAND,4110,6608,6
Buenos Aires,LA VALEROSA,4111,6601,6
Buenos Aires,LA VERDE,4112,6601,6
Buenos Aires,MANUEL JOSE GARCIA,4113,6608,6
Buenos Aires,SAN JACINTO,4116,6600,6
Buenos Aires,SEMINARIO PIO XII,4117,6600,6
Buenos Aires,TOMAS JOFRE,4118,6601,6
Buenos Aires,BALNEARIO ORIENTE,4124,8153,6
Buenos Aires,BALNEARIO SAUCE GRANDE,4125,8153,6
Buenos Aires,MONTE HERMOSO,4126,8153,6
Buenos Aires,ZUBIAURRE,4127,8151,6
Buenos Aires,ACHUPALLAS,4137,6627,6
Buenos Aires,ANASAGASTI,4138,6607,6
Buenos Aires,CAMPO PEÃ‘A LOPEZ,4139,6605,6
Buenos Aires,ESTEBAN DIAZ,4140,6607,6
Buenos Aires,GONZALEZ RISOS,4141,6605,6
Buenos Aires,JUAN JOSE ALMEYRA,4143,6603,6
Buenos Aires,KILOMETRO 116,4144,6605,6
Buenos Aires,KILOMETRO 117,4145,6603,6
Buenos Aires,KILOMETRO 83,4146,6605,6
Buenos Aires,KILOMETRO 90,4147,6605,6
Buenos Aires,LA BLANQUEADA,4148,7243,6
Buenos Aires,LA VICTORIA DESVIO,4149,6627,6
Buenos Aires,LAS MARIANAS,4150,6607,6
Buenos Aires,MOLL,4151,6627,6
Buenos Aires,NAVARRO,4152,6605,6
Buenos Aires,RINCON NORTE,4153,6605,6
Buenos Aires,SOL DE MAYO,4154,7243,6
Buenos Aires,INGENIERO WILLIAMS,4155,6603,6
Buenos Aires,ANEQUE GRANDE,4156,7011,6
Buenos Aires,ARROYO CHICO,4157,7011,6
Buenos Aires,BALNEARIO LOS ANGELES,4158,7641,6
Buenos Aires,CLARAZ,4159,7005,6
Buenos Aires,EL PITO,4160,7641,6
Buenos Aires,ENERGIA,4161,7641,6
Buenos Aires,HARAS LA LULA,4162,7011,6
Buenos Aires,HOSPITAL NECOCHEA,4163,7630,6
Buenos Aires,JUAN N FERNANDEZ,4164,7011,6
Buenos Aires,LA DULCE,4165,7637,6
Buenos Aires,LA NEGRA,4166,7005,6
Buenos Aires,LA PRIMITIVA,4167,7630,6
Buenos Aires,LUMB,4168,7639,6
Buenos Aires,MEDANO BLANCO,4169,7630,6
Buenos Aires,NICANOR OLIVERA,4171,7637,6
Buenos Aires,PUERTO NECOCHEA,4172,7641,6
Buenos Aires,RAMON SANTAMARINA,4173,7641,6
Buenos Aires,SAN CALA,4174,7011,6
Buenos Aires,SAN JOSE,4175,7635,6
Buenos Aires,VALENZUELA ANTON,4176,7630,6
Buenos Aires,VILLA DIAZ VELEZ,4177,7630,6
Buenos Aires,ALVARO BARROS,4220,7403,6
Buenos Aires,BARRIO LA LUISA,4221,7400,6
Buenos Aires,BLANCA GRANDE,4222,6561,6
Buenos Aires,CALERA AVELLANEDA,4223,7400,6
Buenos Aires,CANTERAS DE GREGORINI,4224,7401,6
Buenos Aires,CERRO NEGRO,4225,7403,6
Buenos Aires,CERRO SOTUYO,4226,7403,6
Buenos Aires,COLONIA HINOJO,4227,7318,6
Buenos Aires,COLONIA NIEVES,4228,7318,6
Buenos Aires,COLONIA RUSA,4229,7318,6
Buenos Aires,COLONIA SAN MIGUEL,4230,7403,6
Buenos Aires,DURAÃ‘ONA,4231,7401,6
Buenos Aires,EMPALME QUERANDIES,4232,7401,6
Buenos Aires,ESPIGAS,4233,6561,6
Buenos Aires,FORTIN LAVALLE,4235,7404,6
Buenos Aires,HINOJO,4236,7318,6
Buenos Aires,ITURREGUI,4237,6557,6
Buenos Aires,KILOMETRO 333,4238,7400,6
Buenos Aires,LA ESTRELLA,4239,7403,6
Buenos Aires,LA NARCISA,4240,7403,6
Buenos Aires,LA NAVARRA,4241,7400,6
Buenos Aires,LA PALMIRA,4242,7403,6
Buenos Aires,LA PROTEGIDA,4243,6561,6
Buenos Aires,LA PROVIDENCIA,4244,7403,6
Buenos Aires,LA TOMASA,4245,7403,6
Buenos Aires,LAS PIEDRITAS,4246,7400,6
Buenos Aires,LOMA NEGRA,4247,7403,6
Buenos Aires,MAPIS,4248,6557,6
Buenos Aires,MUÃ‘OZ,4249,7404,6
Buenos Aires,OLAVARRIA,4250,7400,6
Buenos Aires,POURTALE,4251,7404,6
Buenos Aires,PUEBLO NUEVO,4252,7400,6
Buenos Aires,RECALDE,4253,6559,6
Buenos Aires,ROCHA,4254,7404,6
Buenos Aires,SAN JACINTO,4255,7400,6
Buenos Aires,SAN JUAN,4256,7401,6
Buenos Aires,SANTA LUISA,4257,7401,6
Buenos Aires,SIERRA CHICA,4258,7401,6
Buenos Aires,SIERRAS BAYAS,4259,7403,6
Buenos Aires,TENIENTE CORONEL MIÃ‘ANA,4260,7401,6
Buenos Aires,VILLA MONICA,4262,7318,6
Buenos Aires,ABEL,4263,6450,6
Buenos Aires,ALAGON,4264,6463,6
Buenos Aires,ALBARIÃ‘O,4265,6405,6
Buenos Aires,ANCON,4266,6451,6
Buenos Aires,ASTURIAS,4267,6469,6
Buenos Aires,BARRIO OBRERO,4268,6450,6
Buenos Aires,CAMPO ARISTIMUÃ‘O,4269,6474,6
Buenos Aires,CAPITAN CASTRO,4270,6461,6
Buenos Aires,CHICLANA,4271,6476,6
Buenos Aires,EL RECADO,4272,6474,6
Buenos Aires,EL SANTIAGO,4273,6463,6
Buenos Aires,FRANCISCO MADERO,4274,6472,6
Buenos Aires,GNECCO,4275,6451,6
Buenos Aires,GUANACO,4276,6476,6
Buenos Aires,GIRONDO,4277,6451,6
Buenos Aires,INOCENCIO SOSA,4278,6451,6
Buenos Aires,JUAN JOSE PASO,4279,6474,6
Buenos Aires,LA COTORRA,4280,6461,6
Buenos Aires,LARRAMENDY,4281,6451,6
Buenos Aires,LAS JUANITAS,4282,6476,6
Buenos Aires,MAGDALA,4283,6451,6
Buenos Aires,MONES CAZON,4284,6469,6
Buenos Aires,NUEVA PLATA,4285,6451,6
Buenos Aires,PEDRO GAMEN,4286,6451,6
Buenos Aires,PEHUAJO,4287,6450,6
Buenos Aires,PUEBLO SAN ESTEBAN,4288,6450,6
Buenos Aires,ROVIRA,4289,6450,6
Buenos Aires,SAN BERNARDO,4290,6476,6
Buenos Aires,SANTA CECILIA CENTRO,4291,6463,6
Buenos Aires,SANTA CECILIA NORTE,4292,6472,6
Buenos Aires,SANTA CECILIA SUD,4293,6450,6
Buenos Aires,BOCAYUBA,4294,6348,6
Buenos Aires,DE BARY,4295,6348,6
Buenos Aires,INGENIERO THOMPSON,4296,6337,6
Buenos Aires,JOSE MARIA BLANCO,4297,6409,6
Buenos Aires,MARIA P MORENO,4298,6337,6
Buenos Aires,PEHUELCHES,4299,6409,6
Buenos Aires,PELLEGRINI,4300,6346,6
Buenos Aires,ACEVEDO,4302,2717,6
Buenos Aires,AGUAS CORRIENTES,4303,2701,6
Buenos Aires,ALMACEN CASTRO,4304,2751,6
Buenos Aires,ALMACEN PIATTI,4305,2711,6
Buenos Aires,BARRIO TROCHA,4306,2700,6
Buenos Aires,CABO SAN FERMIN,4307,2703,6
Buenos Aires,CAMPO BUENA VISTA,4309,2700,6
Buenos Aires,CHACRA EXPERIMENTAL INTA,4310,2700,6
Buenos Aires,COLONIA LA NENA,4311,2751,6
Buenos Aires,COLONIA LA VANGUARDIA,4312,2711,6
Buenos Aires,COLONIA LABORDEROY,4313,2751,6
Buenos Aires,COLONIA LOS TOLDOS,4314,2751,6
Buenos Aires,EL CARMEN,4316,2754,6
Buenos Aires,EL QUEMADO,4317,2751,6
Buenos Aires,EL SOCORRO,4318,2715,6
Buenos Aires,ESTANCIAS,4319,2909,6
Buenos Aires,FONTEZUELA,4320,2700,6
Buenos Aires,FRANCISCO AYERZA,4321,2700,6
Buenos Aires,GORNATTI,4323,2717,6
Buenos Aires,GUERRICO,4324,2717,6
Buenos Aires,HARAS EL CENTINELA,4325,2701,6
Buenos Aires,HOSPITAL SAN ANTONIO DE LA LLA,4326,2700,6
Buenos Aires,JUAN G PUJOL,4327,2909,6
Buenos Aires,JUANA A DE LA PEÃ‘A,4328,2717,6
Buenos Aires,LA CORA,4329,2700,6
Buenos Aires,LA MARGARITA,4330,2715,6
Buenos Aires,LA SARITA,4331,2751,6
Buenos Aires,LA VANGUARDIA,4332,2715,6
Buenos Aires,LA VIOLETA,4333,2751,6
Buenos Aires,LIERRA ADJEMIRO,4334,2718,6
Buenos Aires,LOPEZ MOLINARI,4335,2718,6
Buenos Aires,MAGUIRRE,4336,2718,6
Buenos Aires,MANANTIALES,4337,2717,6
Buenos Aires,MANANTIALES GRANDES,4338,2700,6
Buenos Aires,MANUEL OCAMPO,4339,2713,6
Buenos Aires,MANZO Y NIÃ‘O,4340,2718,6
Buenos Aires,MARIANO H ALFONZO,4341,2718,6
Buenos Aires,MARIANO BENITEZ,4342,2701,6
Buenos Aires,MUTTI,4343,2909,6
Buenos Aires,ORTIZ BASUALDO,4344,2703,6
Buenos Aires,PARAJE SANTA ROSA,4345,2711,6
Buenos Aires,PINZON,4348,2703,6
Buenos Aires,PUEBLO OTERO,4349,2700,6
Buenos Aires,PUJOL,4350,2907,6
Buenos Aires,RANCAGUA,4351,2701,6
Buenos Aires,SAN FEDERICO,4352,2711,6
Buenos Aires,SAN JUAN,4353,2754,6
Buenos Aires,SAN RAMON,4354,2754,6
Buenos Aires,SANTA RITA,4355,2700,6
Buenos Aires,SANTA TERESITA PERGAMINO,4356,2701,6
Buenos Aires,TAMBO NUEVO,4357,2700,6
Buenos Aires,URQUIZA,4358,2718,6
Buenos Aires,VILLA CENTENARIO,4359,2700,6
Buenos Aires,VILLA DA FONTE,4360,2718,6
Buenos Aires,VILLA GODOY,4361,2700,6
Buenos Aires,VILLA PROGRESO,4362,2700,6
Buenos Aires,CAMARON CHICO,4363,7116,6
Buenos Aires,CASALINS,4364,7225,6
Buenos Aires,DON VICENTE,4365,7116,6
Buenos Aires,EL ALBA,4366,7225,6
Buenos Aires,EL VENCE,4367,7116,6
Buenos Aires,LA ALCIRA,4368,7116,6
Buenos Aires,LA DESPIERTA,4369,7116,6
Buenos Aires,LA FLORIDA,4370,7116,6
Buenos Aires,LA LARGA NUEVA,4371,7116,6
Buenos Aires,LA LUZ,4372,7225,6
Buenos Aires,LA MASCOTA,4373,7225,6
Buenos Aires,LA PIEDRA,4374,7116,6
Buenos Aires,LA REFORMA,4375,7110,6
Buenos Aires,LA VICTORIA,4376,7225,6
Buenos Aires,LAS ACHIRAS,4377,7116,6
Buenos Aires,LAS CHILCAS,4378,7116,6
Buenos Aires,LAS TORTUGAS,4379,7116,6
Buenos Aires,PILA,4380,7116,6
Buenos Aires,PUENTE EL OCHENTA,4381,7225,6
Buenos Aires,REAL AUDIENCIA,4382,7225,6
Buenos Aires,SAN ANTONIO,4383,7116,6
Buenos Aires,SAN DANIEL,4384,7116,6
Buenos Aires,SAN ENRIQUE,4385,7116,6
Buenos Aires,ALMIRANTE IRIZAR,4386,1629,6
Buenos Aires,BARRIO SAN ALEJO,4387,1629,6
Buenos Aires,CARLOS LEMEE,4388,2812,6
Buenos Aires,DEL VISO,4389,1669,6
Buenos Aires,EMPALME,4390,1633,6
Buenos Aires,ESTABLECIMIENTO SAN MIGUEL,4391,1629,6
Buenos Aires,FATIMA ESTACION EMPALME,4392,1633,6
Buenos Aires,KILOMETRO 45,4393,1635,6
Buenos Aires,KILOMETRO 61,4394,1629,6
Buenos Aires,MANUEL ALBERTI,4395,1667,6
Buenos Aires,MANZANARES,4396,1629,6
Buenos Aires,MANZONE,4397,1633,6
Buenos Aires,PRESIDENTE DERQUI,4399,1635,6
Buenos Aires,TORO,4400,1635,6
Buenos Aires,VILLA AGUEDA,4401,1629,6
Buenos Aires,VILLA ASTOLFI,4402,1633,6
Buenos Aires,VILLA BUIDE,4403,1629,6
Buenos Aires,VILLA ROSA,4404,1631,6
Buenos Aires,VILLA SANTA MARIA,4405,1629,6
Buenos Aires,VILLA VERDE,4406,1629,6
Buenos Aires,ZELAYA,4407,1627,6
Buenos Aires,17 DE agosto,4409,8129,6
Buenos Aires,ADELA SAENZ,4410,8129,6
Buenos Aires,ALDEA SAN ANDRES,4411,8126,6
Buenos Aires,AZOPARDO,4413,8181,6
Buenos Aires,BORDENAVE,4414,8187,6
Buenos Aires,COLONIA DR GDOR UDAONDO,4415,8180,6
Buenos Aires,COLONIA EL PINCEN,4416,8181,6
Buenos Aires,COLONIA HIPOLITO YRIGOYEN,4417,8181,6
Buenos Aires,COLONIA LA CATALINA,4418,8136,6
Buenos Aires,COLONIA LA VASCONGADA,4419,8183,6
Buenos Aires,COLONIA SANTA ROSA,4420,8181,6
Buenos Aires,DARREGUEIRA,4421,8183,6
Buenos Aires,DESVIO SAN ALEJO,4422,8180,6
Buenos Aires,EMPALME PIEDRA ECHADA,4423,8117,6
Buenos Aires,ERIZE,4424,8181,6
Buenos Aires,ESTELA,4425,8127,6
Buenos Aires,FELIPE SOLA,4426,8129,6
Buenos Aires,GENERAL RONDEAU,4427,8124,6
Buenos Aires,LA CELINA,4428,8136,6
Buenos Aires,LA COLORADA CHICA,4429,8126,6
Buenos Aires,LA EVA,4430,8136,6
Buenos Aires,LA POCHOLA,4431,8124,6
Buenos Aires,LA ROSALIA,4432,8187,6
Buenos Aires,LA SOMBRA,4433,8136,6
Buenos Aires,LA VASCONGADA,4434,8181,6
Buenos Aires,LOPEZ LECUBE,4435,8117,6
Buenos Aires,PIEDRA ANCHA,4436,8117,6
Buenos Aires,PUAN,4437,8180,6
Buenos Aires,RIVADEO,4438,8127,6
Buenos Aires,SAN ANDRES,4439,8180,6
Buenos Aires,SAN EMILIO,4440,8136,6
Buenos Aires,SAN GERMAN,4441,8124,6
Buenos Aires,SAN JOSE,4442,8136,6
Buenos Aires,TRES CUERVOS,4443,8183,6
Buenos Aires,VIBORAS,4444,8180,6
Buenos Aires,VILLA IRIS,4445,8126,6
Buenos Aires,BALNEARIO MAR CHIQUITA,4447,7609,6
Buenos Aires,BARRIO BATAN,4449,7601,6
Buenos Aires,BARRIO CHAPADMALAL,4452,7605,6
Buenos Aires,BARRIO EMIR RAMON JUAREZ,4458,7600,6
Buenos Aires,BARRIO GASTRONOMICO,4461,7600,6
Buenos Aires,BARRIO PUEBLO NUEVO,4473,7600,6
Buenos Aires,BARRIO TIERRA DE ORO,4478,7600,6
Buenos Aires,BARRIO TIRO FEDERAL,4479,7600,6
Buenos Aires,CAMET,4482,7612,6
Buenos Aires,COLONIA DE VAC CHAPADMALAL,4483,7609,6
Buenos Aires,EL BOQUERON,4484,7601,6
Buenos Aires,EL SOLDADO,4486,7600,6
Buenos Aires,HARAS CHAPADMALAL,4488,7605,6
Buenos Aires,LA PEREGRINA,4491,7601,6
Buenos Aires,LAGUNA DE LOS PADRES,4492,7601,6
Buenos Aires,LAGUNA DEL SOLDADO,4493,7600,6
Buenos Aires,LOS ORTIZ,4495,7601,6
Buenos Aires,PLAYA CHAPADMALAL,4502,7609,6
Buenos Aires,SIERRA DE LOS PADRES,4508,7601,6
Buenos Aires,VILLA VIGNOLO,4509,7600,6
Buenos Aires,AGUIRREZABALA,4519,2915,6
Buenos Aires,ALMACEN EL CRUCE,4520,2751,6
Buenos Aires,COLONIA LA INVERNADA,4521,2751,6
Buenos Aires,COLONIA LA NORIA,4522,2751,6
Buenos Aires,COLONIA LA REINA,4523,2751,6
Buenos Aires,COLONIA STEGMAN,4524,2751,6
Buenos Aires,COSTA BRAVA,4525,2914,6
Buenos Aires,EL JUPITER,4526,2916,6
Buenos Aires,EL PARAISO,4527,2916,6
Buenos Aires,HARAS EL OMBU,4528,2916,6
Buenos Aires,LA ESPERANZA,4529,2915,6
Buenos Aires,LA QUERENCIA,4530,2912,6
Buenos Aires,LAS BAHAMAS,4531,2916,6
Buenos Aires,PEREZ MILLAN,4532,2933,6
Buenos Aires,RAMALLO,4533,2915,6
Buenos Aires,SANTA TERESA,4534,2912,6
Buenos Aires,VILLA GRAL SAVIO EST SANCHEZ,4535,2912,6
Buenos Aires,VILLA RAMALLO EST FFCC,4536,2914,6
Buenos Aires,VILLA RAMALLO,4537,2914,6
Buenos Aires,CHAPALEUFU,4538,7203,6
Buenos Aires,COLMAN,4539,7201,6
Buenos Aires,EGAÃ‘A,4540,7013,6
Buenos Aires,EL CARMEN DE LANGUEYU,4541,7203,6
Buenos Aires,EL CHALAR,4542,7201,6
Buenos Aires,GALERA DE TORRES,4543,7203,6
Buenos Aires,LOMA NEGRA,4544,7203,6
Buenos Aires,LOMA PARTIDA,4545,7203,6
Buenos Aires,MAGALLANES,4546,7151,6
Buenos Aires,MIRANDA,4547,7201,6
Buenos Aires,PEÃ‘AFLOR,4548,7225,6
Buenos Aires,RAUCH,4549,7203,6
Buenos Aires,SAN JOSE,4550,7203,6
Buenos Aires,VILLA BURGOS,4551,7203,6
Buenos Aires,VILLA LOMA,4552,7203,6
Buenos Aires,VILLA SAN PEDRO,4553,7203,6
Buenos Aires,AMERICA,4554,6237,6
Buenos Aires,BADANO,4555,6403,6
Buenos Aires,CERRITO,4556,6237,6
Buenos Aires,COLONIA EL BALDE,4557,6403,6
Buenos Aires,CONDARCO,4558,6233,6
Buenos Aires,FORTIN OLAVARRIA,4559,6403,6
Buenos Aires,GONZALEZ MORENO,4560,6239,6
Buenos Aires,LA CAUTIVA,4561,6403,6
Buenos Aires,MERIDIANO VO,4562,6239,6
Buenos Aires,MIRA PAMPA,4563,6403,6
Buenos Aires,RIVADAVIA,4564,6237,6
Buenos Aires,ROOSEVELT,4565,6403,6
Buenos Aires,SAN MAURICIO,4566,6239,6
Buenos Aires,SANSINENA,4567,6233,6
Buenos Aires,SUNDBLAD,4568,6401,6
Buenos Aires,VALENTIN GOMEZ,4569,6401,6
Buenos Aires,VILLA SENA,4570,6403,6
Buenos Aires,CARABELAS,4571,2703,6
Buenos Aires,COLONIA LA BEBA,4572,6003,6
Buenos Aires,4 DE noviembre,4573,2707,6
Buenos Aires,EL JAGUEL,4574,2707,6
Buenos Aires,GUIDO SPANO,4575,2707,6
Buenos Aires,HARAS SAN JACINTO,4576,2705,6
Buenos Aires,HUNTER,4577,2707,6
Buenos Aires,KILOMETRO 36,4578,2705,6
Buenos Aires,LA BEBA,4579,6003,6
Buenos Aires,LA NACION,4580,2707,6
Buenos Aires,LAS SALADAS,4581,2707,6
Buenos Aires,LOS INDIOS,4582,2709,6
Buenos Aires,PIRUCO,4583,2705,6
Buenos Aires,PLUMACHO,4584,2703,6
Buenos Aires,RAFAEL OBLIGADO,4585,6001,6
Buenos Aires,ROBERTO CANO,4586,2703,6
Buenos Aires,ROJAS,4587,2705,6
Buenos Aires,SOL DE MAYO,4588,2709,6
Buenos Aires,VILLA PROGRESO,4589,2705,6
Buenos Aires,BARRIENTOS,4590,7247,6
Buenos Aires,CAMPO SABATE,4591,7245,6
Buenos Aires,CARLOS BEGUERIE,4592,7247,6
Buenos Aires,HARAS EL SALASO,4593,7245,6
Buenos Aires,JUAN ATUCHA,4594,7245,6
Buenos Aires,JUAN TRONCONI,4595,7247,6
Buenos Aires,LA PAZ,4596,7245,6
Buenos Aires,LA PAZ CHICA,4597,7247,6
Buenos Aires,LA REFORMA,4598,7245,6
Buenos Aires,LA RINCONADA,4599,7245,6
Buenos Aires,ROQUE PEREZ,4600,7245,6
Buenos Aires,SANTIAGO LARRE,4601,7245,6
Buenos Aires,ABRA DE HINOJO,4602,8170,6
Buenos Aires,ALTA VISTA,4603,8170,6
Buenos Aires,ARQUEDAS,4604,8164,6
Buenos Aires,ARROYO AGUAS BLANCAS,4605,8174,6
Buenos Aires,ARROYO CORTO,4606,8172,6
Buenos Aires,COLONIA SAN MARTIN,4607,8164,6
Buenos Aires,COLONIA SAN PEDRO,4608,8164,6
Buenos Aires,DUCOS,4609,8170,6
Buenos Aires,DUFAUR,4610,8164,6
Buenos Aires,ESPARTILLAR,4611,8171,6
Buenos Aires,GOYENA,4612,8175,6
Buenos Aires,LA SAUDADE,4613,8174,6
Buenos Aires,PIGUE,4614,8170,6
Buenos Aires,SAAVEDRA,4615,8174,6
Buenos Aires,SAN MARTIN DE TOURS,4616,8164,6
Buenos Aires,ALVAREZ DE TOLEDO,4617,7267,6
Buenos Aires,BARRIO VILLA SALADILLO,4618,7260,6
Buenos Aires,CAZON,4619,7265,6
Buenos Aires,DEL CARRIL,4620,7265,6
Buenos Aires,EL MANGRULLO,4621,7260,6
Buenos Aires,EMILIANO REYNOSO,4622,7260,6
Buenos Aires,ESTHER,4623,7260,6
Buenos Aires,GOBERNADOR ORTIZ DE ROSAS,4624,7260,6
Buenos Aires,JOSE SOJO,4625,7260,6
Buenos Aires,JUAN BLAQUIER,4626,7267,6
Buenos Aires,LA BARRANCOSA,4627,7260,6
Buenos Aires,LA CAMPANA,4628,7260,6
Buenos Aires,LA MARGARITA,4629,7260,6
Buenos Aires,LA RAZON,4630,7260,6
Buenos Aires,POLVAREDAS,4631,7267,6
Buenos Aires,SALADILLO,4632,7260,6
Buenos Aires,SALADILLO NORTE,4633,7261,6
Buenos Aires,SAN BENITO,4634,7261,6
Buenos Aires,TOLDOS VIEJOS,4635,7267,6
Buenos Aires,CAILOMUTA,4636,6339,6
Buenos Aires,ESTACION CAIOMUTA,4637,6339,6
Buenos Aires,GRACIARENA,4638,6335,6
Buenos Aires,QUENUMA,4639,6335,6
Buenos Aires,SALLIQUELO,4640,6339,6
Buenos Aires,ARROYO DULCE,4641,2743,6
Buenos Aires,BERDIER,4642,2743,6
Buenos Aires,CORONEL ISLEÃ‘OS,4643,2747,6
Buenos Aires,EL RETIRO,4644,2741,6
Buenos Aires,GAHAN,4645,2745,6
Buenos Aires,INES INDART,4646,2747,6
Buenos Aires,KILOMETRO 187,4647,2741,6
Buenos Aires,LA INVENCIBLE,4648,2745,6
Buenos Aires,LAS CUATRO PUERTAS,4649,2741,6
Buenos Aires,MARCELINO UGARTE,4650,2741,6
Buenos Aires,MONROE,4651,2743,6
Buenos Aires,SALTO,4652,2741,6
Buenos Aires,TACUARI,4653,2743,6
Buenos Aires,VILLA SAN JOSE,4654,2743,6
Buenos Aires,AZCUENAGA,4655,6721,6
Buenos Aires,CUCULLU,4656,6723,6
Buenos Aires,ESPORA,4657,6601,6
Buenos Aires,FRANKLIN,4658,6614,6
Buenos Aires,HEAVY,4659,6723,6
Buenos Aires,KILOMETRO 108,4660,6723,6
Buenos Aires,KILOMETRO 125,4661,6720,6
Buenos Aires,LA FLORIDA,4662,6720,6
Buenos Aires,RUIZ SOLIS,4663,6720,6
Buenos Aires,SAN ANDRES DE GILES,4664,6720,6
Buenos Aires,SOLIS,4665,2764,6
Buenos Aires,TUYUTI,4666,6721,6
Buenos Aires,VILLA ESPIL,4667,6712,6
Buenos Aires,VILLA RUIZ,4668,6705,6
Buenos Aires,VILLA SAN ALBERTO,4669,6720,6
Buenos Aires,COLONIA LOS TRES USARIS,4671,2760,6
Buenos Aires,DUGGAN,4672,2764,6
Buenos Aires,FLAMENCO,4673,2763,6
Buenos Aires,PUENTE CASTEX,4674,2760,6
Buenos Aires,PUESTO DEL MEDIO,4675,2763,6
Buenos Aires,SAN ANTONIO DE ARECO,4676,2760,6
Buenos Aires,VAGUES,4677,2764,6
Buenos Aires,VILLA LIA,4678,2761,6
Buenos Aires,BALNEARIO CLAROMECO,4679,7505,6
Buenos Aires,COOPER,4680,7639,6
Buenos Aires,CRISTIANO MUERTO,4681,7503,6
Buenos Aires,DEFERRARI,4682,7521,6
Buenos Aires,EL CRISTIANO,4683,7503,6
Buenos Aires,LA BALLENA,4684,7521,6
Buenos Aires,LA FELICIANA,4685,7503,6
Buenos Aires,LA GAVIOTA,4686,7521,6
Buenos Aires,LOMA DEL INDIO,4687,7521,6
Buenos Aires,LOS MOLLES,4688,7503,6
Buenos Aires,OCHANDIO,4689,7521,6
Buenos Aires,SAN CAYETANO,4690,7521,6
Buenos Aires,SAN SEVERO,4691,7521,6
Buenos Aires,SANTA CATALINA,4692,7503,6
Buenos Aires,ACASSUSO,4695,1640,6
Buenos Aires,BECCAR,4696,1643,6
Buenos Aires,BOULOGNE,4697,1609,6
Buenos Aires,MARTINEZ,4698,1640,6
Buenos Aires,SAN ISIDRO,4699,1642,6
Buenos Aires,VILLA ADELINA,4700,1607,6
Buenos Aires,CAMPO FUNKE,4711,7247,6
Buenos Aires,FRANCISCO BERRA,4712,7221,6
Buenos Aires,FUNKE,4713,7220,6
Buenos Aires,GOYENECHE,4714,7220,6
Buenos Aires,GUARDIA DEL MONTE,4715,7220,6
Buenos Aires,KILOMETRO 128,4716,7221,6
Buenos Aires,KILOMETRO 88,4717,7220,6
Buenos Aires,LOS CERRILLOS,4718,7226,6
Buenos Aires,LOS EUCALIPTOS,4719,7220,6
Buenos Aires,SAN MIGUEL DEL MONTE,4720,7220,6
Buenos Aires,ZENON VIDELA DORNA,4721,7226,6
Buenos Aires,ALGARROBO,4740,2935,6
Buenos Aires,ARROYO BURGOS,4741,2935,6
Buenos Aires,COLONIA VELEZ,4742,2933,6
Buenos Aires,DOYLE,4743,2935,6
Buenos Aires,EL DESCANSO,4744,2935,6
Buenos Aires,EL ESPINILLO,4745,2946,6
Buenos Aires,GOBERNADOR CASTRO,4746,2946,6
Buenos Aires,INGENIERO MONETA,4747,2935,6
Buenos Aires,KILOMETRO 172,4748,2935,6
Buenos Aires,KILOMETRO 184,4749,2946,6
Buenos Aires,LA BOLSA,4750,2933,6
Buenos Aires,LA BUANA MOZA,4751,2930,6
Buenos Aires,LA MATILDE,4752,2931,6
Buenos Aires,LAS FLORES,4753,2930,6
Buenos Aires,OLIVEIRA CESAR,4754,2931,6
Buenos Aires,PARADA KILOMETRO 158,4755,2935,6
Buenos Aires,RIO TALA,4756,2944,6
Buenos Aires,RUTA 9 KILOMETRO 169 5,4757,2930,6
Buenos Aires,SAN PEDRO,4758,2930,6
Buenos Aires,SANTA LUCIA,4759,2935,6
Buenos Aires,VILLA DEPIETRI,4760,2930,6
Buenos Aires,VILLA LEANDRA,4761,2946,6
Buenos Aires,VILLA SARITA,4762,2930,6
Buenos Aires,VILLA TERESA,4763,2944,6
Buenos Aires,VILLAIGRILLO,4764,2930,6
Buenos Aires,VUELTA DE OBLIGADO,4765,2931,6
Buenos Aires,ALEJANDRO KORN,4766,1864,6
Buenos Aires,BARRIO SAN PABLO,4767,1862,6
Buenos Aires,BARRIO SANTA MAGDALENA,4768,1862,6
Buenos Aires,DOMSELAAR,4769,1984,6
Buenos Aires,EL PAMPERO,4770,1865,6
Buenos Aires,LA ARGENTINA,4771,1865,6
Buenos Aires,SAN VICENTE,4772,1865,6
Buenos Aires,CAPDEPONT,4773,6612,6
Buenos Aires,GENERAL RIVAS,4774,6614,6
Buenos Aires,HARAS LA ELVIRA,4775,6612,6
Buenos Aires,LA SARA,4776,6612,6
Buenos Aires,ROMAN BAEZ,4777,6612,6
Buenos Aires,SUIPACHA,4778,6612,6
Buenos Aires,ACEILAN,4779,7003,6
Buenos Aires,CANTERA AGUIRRE,4780,7000,6
Buenos Aires,CANTERA ALBION,4781,7000,6
Buenos Aires,CANTERA LA AURORA,4782,7000,6
Buenos Aires,CANTERA LA FEDERACION,4783,7000,6
Buenos Aires,CANTERA LA MOVEDIZA,4784,7000,6
Buenos Aires,CANTERA MONTE CRISTO,4785,7000,6
Buenos Aires,CANTERA SAN LUIS,4786,7000,6
Buenos Aires,CERRO DE LOS LEONES,4787,7000,6
Buenos Aires,DE LA CANAL,4788,7013,6
Buenos Aires,DESVIO AGUIRRE,4789,7000,6
Buenos Aires,EL GALLO,4790,7000,6
Buenos Aires,EMPALME CERRO CHATO,4791,7000,6
Buenos Aires,FULTON,4792,7007,6
Buenos Aires,GARDEY,4793,7003,6
Buenos Aires,IRAOLA,4794,7009,6
Buenos Aires,LA AURORA,4795,7009,6
Buenos Aires,LA AZOTEA,4796,7007,6
Buenos Aires,LA AZUCENA,4797,7005,6
Buenos Aires,LA NUMANCIA,4798,7000,6
Buenos Aires,LA PASTORA,4799,7001,6
Buenos Aires,LOS LEONES,4800,7000,6
Buenos Aires,MARIA IGNACIA,4801,7003,6
Buenos Aires,SAN PASCUAL,4802,7007,6
Buenos Aires,VELA,4805,7003,6
Buenos Aires,VILLA DAZA,4806,7000,6
Buenos Aires,VILLA DUFAU,4807,7000,6
Buenos Aires,VILLA GALICIA,4808,7000,6
Buenos Aires,VILLA ITALIA,4809,7000,6
Buenos Aires,ALTONA,4811,7303,6
Buenos Aires,CAMPO ROJAS,4812,7303,6
Buenos Aires,CROTTO,4813,7307,6
Buenos Aires,EL MIRADOR,4814,7305,6
Buenos Aires,EL SAUCE,4815,7303,6
Buenos Aires,LA ISABEL,4816,7112,6
Buenos Aires,REQUENA,4818,7307,6
Buenos Aires,SAN ANDRES DE TAPALQUE,4819,7305,6
Buenos Aires,SAN BERNARDO,4820,6561,6
Buenos Aires,SANTA ROSA,4821,7303,6
Buenos Aires,TAPALQUE,4822,7303,6
Buenos Aires,UBALLES,4823,7301,6
Buenos Aires,VELLOSO,4824,7305,6
Buenos Aires,YERBAS,4825,7303,6
Buenos Aires,ESQUINA DE CROTTO,4834,7100,6
Buenos Aires,GENERAL CONESA,4835,7101,6
Buenos Aires,TORDILLO,4836,7101,6
Buenos Aires,BERRAONDO,4837,8124,6
Buenos Aires,CHASICO,4838,8117,6
Buenos Aires,EL CORTAPIE,4840,8117,6
Buenos Aires,ESTOMBA,4841,8118,6
Buenos Aires,FORTIN CHACO,4842,8160,6
Buenos Aires,FUERTE ARGENTINO,4843,8160,6
Buenos Aires,GARCIA DEL RIO,4844,8162,6
Buenos Aires,GLORIALDO,4845,8129,6
Buenos Aires,NUEVA ROMA,4846,8117,6
Buenos Aires,PELICURA,4847,8117,6
Buenos Aires,SALDUNGARAY,4848,8166,6
Buenos Aires,SIERRA DE LA VENTANA,4849,8168,6
Buenos Aires,TORNQUIST,4850,8160,6
Buenos Aires,TRES PICOS,4851,8162,6
Buenos Aires,30 DE agosto,4852,6405,6
Buenos Aires,BARRIO INDIO TROMPA,4853,6400,6
Buenos Aires,BERUTI,4854,6424,6
Buenos Aires,CORAZZI,4855,6405,6
Buenos Aires,DUHAU,4856,6405,6
Buenos Aires,FRANCISCO DE VITORIA,4857,6403,6
Buenos Aires,FRANCISCO MAGNANO,4858,6475,6
Buenos Aires,GIRODIAS,4859,6407,6
Buenos Aires,LA CARRETA,4860,6471,6
Buenos Aires,LA MARGARITA,4861,6471,6
Buenos Aires,LA PORTEÃ‘A,4862,6407,6
Buenos Aires,LA ZANJA,4863,6400,6
Buenos Aires,LAGUNA REDONDA,4864,6400,6
Buenos Aires,LAS GUASQUITAS,4865,6400,6
Buenos Aires,LERTORA,4866,6400,6
Buenos Aires,MARI LAUQUEN,4867,6400,6
Buenos Aires,MARTIN FIERRO,4868,6400,6
Buenos Aires,PRIMERA JUNTA,4869,6422,6
Buenos Aires,SAN RAMON,4870,6424,6
Buenos Aires,SANTA INES,4871,6471,6
Buenos Aires,TRENQUE LAUQUEN,4872,6400,6
Buenos Aires,TRONGE,4873,6407,6
Buenos Aires,VILLA BRANDA,4874,6471,6
Buenos Aires,BALNEARIO OCEANO,4875,7511,6
Buenos Aires,BALNEARIO ORENSE,4876,7511,6
Buenos Aires,CLAUDIO C MOLINA,4877,7515,6
Buenos Aires,COPETONAS,4878,7511,6
Buenos Aires,EL BOMBERO,4879,7507,6
Buenos Aires,EL CARRETERO,4880,7500,6
Buenos Aires,EL TRIANGULO,4881,7500,6
Buenos Aires,ESTACION BARROW,4882,7500,6
Buenos Aires,EST SAN FRANCISCO BELLOQ,4883,7505,6
Buenos Aires,GENERAL VALDEZ,4884,7503,6
Buenos Aires,HUESO CLAVADO,4885,7500,6
Buenos Aires,LA HORQUETA,4886,7500,6
Buenos Aires,LA SORTIJA,4887,7517,6
Buenos Aires,LA TIGRA,4888,7500,6
Buenos Aires,LAS VAQUERIAS,4889,7500,6
Buenos Aires,LIN CALEL,4890,7505,6
Buenos Aires,MICAELA CASCALLARES,4891,7507,6
Buenos Aires,ORENSE,4892,7503,6
Buenos Aires,PASO DEL MEDANO,4893,7511,6
Buenos Aires,PIERINI,4894,7517,6
Buenos Aires,RETA,4895,7511,6
Buenos Aires,SAN FRANCISCO DE BELLOCQ,4897,7505,6
Buenos Aires,SAN MAYOL,4898,7519,6
Buenos Aires,TRES ARROYOS,4899,7500,6
Buenos Aires,VILLA CARUCHA,4900,7505,6
Buenos Aires,BAIGORRITA,4911,6013,6
Buenos Aires,CAMPO COLIQUEO,4912,6015,6
Buenos Aires,CAMPO LA TRIBU,4913,6015,6
Buenos Aires,CHANCAY,4914,6017,6
Buenos Aires,COLONIA LOS BOSQUES,4915,6018,6
Buenos Aires,COLONIA LOS HUESOS,4916,6018,6
Buenos Aires,COLONIA SAN FRANCISCO,4917,6017,6
Buenos Aires,EL RETIRO,4918,6017,6
Buenos Aires,GENERAL VIAMONTE,4919,6015,6
Buenos Aires,KILOMETRO 282,4920,6017,6
Buenos Aires,LA DELFINA,4921,6017,6
Buenos Aires,LA TRIBU,4922,6015,6
Buenos Aires,LOS BOSQUES,4923,6018,6
Buenos Aires,LOS HUESOS,4924,6015,6
Buenos Aires,LOS TOLDOS,4925,6015,6
Buenos Aires,QUIRNO COSTA,4926,6018,6
Buenos Aires,SAN EMILIO,4927,6017,6
Buenos Aires,SAN ROQUE,4928,6017,6
Buenos Aires,VILLA DELFINA,4929,8000,6
Buenos Aires,ZAVALIA,4930,6018,6
Buenos Aires,ALGARROBO,4937,8136,6
Buenos Aires,ARGERICH,4938,8134,6
Buenos Aires,BALNEARIO CHAPALCO,4939,8132,6
Buenos Aires,BALNEARIO SAN ANTONIO,4940,8132,6
Buenos Aires,CABEZA DE BUEY,4941,8134,6
Buenos Aires,COLONIA CUARENTA Y TRES,4942,8136,6
Buenos Aires,COLONIA LA MERCED,4943,8105,6
Buenos Aires,COLONIA MONTE LA PLATA,4944,8144,6
Buenos Aires,COLONIA LOS ALFALFARES,4945,8132,6
Buenos Aires,COLONIA OCAMPO,4946,8134,6
Buenos Aires,COLONIA PUEBLO RUSO,4947,8144,6
Buenos Aires,COLONIA SAN ENRIQUE,4948,8132,6
Buenos Aires,EL PARAISO,4949,8144,6
Buenos Aires,EL RINCON,4950,8146,6
Buenos Aires,FORTIN MERCEDES,4951,8148,6
Buenos Aires,HILARIO ASCASUBI,4953,8142,6
Buenos Aires,ISLA VERDE,4954,8146,6
Buenos Aires,JUAN COUSTE,4955,8136,6
Buenos Aires,KILOMETRO 697,4956,8144,6
Buenos Aires,LA BLANCA,4957,8136,6
Buenos Aires,LA CELIA,4958,8144,6
Buenos Aires,LA GLEVA,4959,8134,6
Buenos Aires,LA MASCOTA,4960,8134,6
Buenos Aires,LAGUNA CHASICO,4961,8134,6
Buenos Aires,LAS ESCOBAS,4962,8134,6
Buenos Aires,LAS ISLETAS,4963,8148,6
Buenos Aires,MAYOR BURATOVICH,4964,8146,6
Buenos Aires,MEDANOS,4965,8132,6
Buenos Aires,MONTES DE OCA,4966,8136,6
Buenos Aires,NICOLAS LEVALLE,4967,8134,6
Buenos Aires,OMBUCTA,4968,8142,6
Buenos Aires,PASO CRAMER,4969,8134,6
Buenos Aires,PEDRO LURO,4970,8148,6
Buenos Aires,PUERTO COLOMA,4971,8142,6
Buenos Aires,SALINAS CHICAS,4972,8134,6
Buenos Aires,SAN ADOLFO,4973,8142,6
Buenos Aires,TENIENTE ORIGONE,4974,8144,6
Buenos Aires,VILLA RIO CHICO,4975,8146,6
Buenos Aires,CORACEROS,4976,6465,6
Buenos Aires,EL TRIO,4977,6467,6
Buenos Aires,HENDERSON,4978,6465,6
Buenos Aires,HERRERA VEGAS,4979,6557,6
Buenos Aires,MARIA LUCILA,4980,6467,6
Buenos Aires,ALTO VERDE,4981,2801,6
Buenos Aires,ARROYO AGUILA NEGRA,4982,2800,6
Buenos Aires,ARROYO BOTIJA FALSA,4983,2800,6
Buenos Aires,ARROYO Ã‘ACURUTU,4984,2800,6
Buenos Aires,ARROYO NEGRO,4985,2800,6
Buenos Aires,ATUCHA,4986,2808,6
Buenos Aires,CANAL MARTIN IRIGOYEN,4987,2800,6
Buenos Aires,EL TATU,4988,2801,6
Buenos Aires,ESCALADA,4989,2801,6
Buenos Aires,FRIGORIFICO LAS PALMAS,4990,2800,6
Buenos Aires,LA PESQUERIA,4991,2800,6
Buenos Aires,LAS PALMAS,4992,2806,6
Buenos Aires,LIMA,4993,2806,6
Buenos Aires,VILLA ANGUS,4994,2800,6
Buenos Aires,VILLA CAPDEPONT,4995,2800,6
Buenos Aires,VILLA FLORIDA,4996,2800,6
Buenos Aires,VILLA FOX,4997,2800,6
Buenos Aires,VILLA MASSONI,4998,2800,6
Buenos Aires,VILLA MOSCONI,4999,2800,6
Buenos Aires,ZARATE,5000,2800,6
Buenos Aires,9 DE abril,5049,1776,6
Buenos Aires,EL JAGUEL,5051,1842,6
Buenos Aires,LUIS GUILLON,5052,1838,6
Buenos Aires,BAHIA BLANCA,16353,8000,6
Buenos Aires,PERGAMINO,16357,2700,6
Buenos Aires,TANDIL,16359,7000,6
Buenos Aires,GERLI,16375,1870,6
Buenos Aires,CANNING,16376,1804,6
Buenos Aires,MONTE GRANDE,16377,1842,6
Buenos Aires,GERLI,16380,1824,6
Buenos Aires,LANUS OESTE,16381,1824,6
Buenos Aires,TRES LOMAS,16422,6409,6
Buenos Aires,HURLINGHAM,16431,1686,6
Buenos Aires,VILLA SANTOS TESEI,16432,1688,6
Buenos Aires,CASTELAR,16434,1712,6
Buenos Aires,VILLA SARMIENTO,16435,1706,6
Buenos Aires,EL PALOMAR,16436,1684,6
Buenos Aires,HAEDO,16437,1706,6
Buenos Aires,MORON,16438,1708,6
Buenos Aires,SAN FERNANDO,16439,1646,6
Buenos Aires,VICTORIA,16440,1644,6
Buenos Aires,VIRREYES,16441,1646,6
Buenos Aires,ZONA DELTA SAN FERNANDO,16442,1647,6
Buenos Aires,VILLA GOBERNADOR UDAONDO,16445,1713,6
Buenos Aires,ITUZAINGO,16446,1714,6
Buenos Aires,BARRIO PARQUE LELOIR,16447,1713,6
Buenos Aires,BANFIELD,16448,1828,6
Buenos Aires,LLAVALLOL,16449,1836,6
Buenos Aires,LOMAS DE ZAMORA,16450,1832,6
Buenos Aires,TEMPERLEY,16451,1834,6
Buenos Aires,TURDERA,16452,1834,6
Buenos Aires,AEROPUERTO EZEIZA,16464,1802,6
Buenos Aires,CANNING,16465,1804,6
Buenos Aires,CARLOS SPEGAZZINI,16466,1812,6
Buenos Aires,EZEIZA,16467,1804,6
Buenos Aires,LA UNION,16468,1804,6
Buenos Aires,TRISTAN SUAREZ,16469,1806,6
Buenos Aires,GRAND BOURG,16470,1615,6
Buenos Aires,INGENIERO ADOLFO SOURDEAUX,16471,1612,6
Buenos Aires,LOS POLVORINES,16472,1613,6
Buenos Aires,PABLO NOGUES,16473,1613,6
Buenos Aires,TORTUGUITAS,16474,1667,6
Buenos Aires,VILLA DE MAYO,16475,1614,6
Buenos Aires,CASEROS,16481,1678,6
Buenos Aires,CHURRUCA,16482,1657,6
Buenos Aires,CIUDAD JARDIN DEL PALOMAR,16483,1684,6
Buenos Aires,CIUDADELA,16484,1702,6
Buenos Aires,EL LIBERTADOR,16485,1657,6
Buenos Aires,JOSE INGENIEROS,16486,1702,6
Buenos Aires,LOMA HERMOSA,16487,1657,6
Buenos Aires,MARTIN CORONADO,16488,1682,6
Buenos Aires,11 DE septiembre,16489,1657,6
Buenos Aires,PABLO PODESTA,16490,1657,6
Buenos Aires,REMEDIOS DE ESCALADA,16491,1657,6
Buenos Aires,SANTOS LUGARES,16492,1676,6
Buenos Aires,VILLA BOSCH,16493,1682,6
Buenos Aires,VILLA RAFFO,16494,1674,6
Buenos Aires,VILLA SAENZ PEÃ‘A,16495,1674,6
Buenos Aires,ALDO BONZI,16496,1770,6
Buenos Aires,20 DE junio,16497,1761,6
Buenos Aires,CIUDAD MADERO,16498,1768,6
Buenos Aires,CIUDAD EVITA,16499,1778,6
Buenos Aires,GONZALEZ CATAN,16500,1759,6
Buenos Aires,GREGORIO DE LAFERRERE,16502,1757,6
Buenos Aires,ISIDRO CASANOVA,16503,1765,6
Buenos Aires,LOMAS DEL MIRADOR,16505,1752,6
Buenos Aires,RAFAEL CASTILLO,16507,1755,6
Buenos Aires,RAMOS MEJIA,16508,1704,6
Buenos Aires,SAN JUSTO,16509,1754,6
Buenos Aires,LA TABLADA,16510,1766,6
Buenos Aires,TAPIALES,16511,1770,6
Buenos Aires,VILLA LUZURIAGA,16513,1754,6
Buenos Aires,VIRREY DEL PINO,16514,1763,6
Buenos Aires,JOSE CLEMENTE PAZ,16516,1665,6
Buenos Aires,BELLA VISTA,16522,1661,6
Buenos Aires,CAMPO DE MAYO,16523,1659,6
Buenos Aires,MUÃ‘IZ,16524,1663,6
Buenos Aires,SAN MIGUEL,16525,1663,6
Buenos Aires,CUARTEL V,16526,1744,6
Buenos Aires,FRANCISCO ALVAREZ,16527,1746,6
Buenos Aires,LA REJA,16528,1744,6
Buenos Aires,MORENO,16529,1744,6
Buenos Aires,PASO DEL REY,16530,1742,6
Buenos Aires,TRUJUI,16531,1664,6
Buenos Aires,BENAVIDEZ,16532,1621,6
Buenos Aires,DIQUE LUJAN,16533,1623,6
Buenos Aires,DON TORCUATO,16534,1611,6
Buenos Aires,EL TALAR,16535,1617,6
Buenos Aires,GENERAL PACHECO,16536,1617,6
Buenos Aires,RICARDO ROJAS,16537,1618,6
Buenos Aires,RINCON DE MILBERG,16538,1648,6
Buenos Aires,TIGRE,16539,1648,6
Buenos Aires,TRONCOS DEL TALAR,16540,1618,6
Buenos Aires,BERNAL ESTE,16546,1876,6
Buenos Aires,BERNAL OESTE,16547,1876,6
Buenos Aires,DON BOSCO,16548,1876,6
Buenos Aires,EZPELETA ESTE,16549,1882,6
Buenos Aires,EZPELETA OESTE,16550,1882,6
Buenos Aires,QUILMES,16551,1878,6
Buenos Aires,QUILMES OESTE,16552,1879,6
Buenos Aires,SAN FRANCISCO SOLANO,16553,1881,6
Buenos Aires,VILLA LA FLORIDA,16554,1881,6
Buenos Aires,GENERAL SAN MARTIN,16565,1650,6
Buenos Aires,JOSE LEON SUAREZ,16566,1655,6
Buenos Aires,SAN ANDRES,16567,1651,6
Buenos Aires,VILLA BALLESTER,16568,1653,6
Buenos Aires,VILLA LYNCH,16569,1672,6
Buenos Aires,LIBERTAD,16570,1716,6
Buenos Aires,MARIANO ACOSTA,16571,1723,6
Buenos Aires,MERLO,16572,1722,6
Buenos Aires,PARQUE SAN MARTIN,16573,1722,6
Buenos Aires,PONTEVEDRA,16574,1761,6
Buenos Aires,SAN ANTONIO DE PADUA,16575,1718,6
Buenos Aires,BOSQUES,16576,1889,6
Buenos Aires,FLORENCIO VARELA,16577,1888,6
Buenos Aires,GOBERNADOR COSTA,16578,1888,6
Buenos Aires,INGENIERO ALLAN,16579,1891,6
Buenos Aires,SANTA ROSA,16580,1888,6
Buenos Aires,VILLA BROWN,16581,1888,6
Buenos Aires,VILLA VATTEONE,16582,1888,6
Buenos Aires,ZEBALLOS,16583,1888,6
Buenos Aires,BERAZATEGUI,16588,1884,6
Buenos Aires,CENTRO AGRICOLA EL PATO,16589,1893,6
Buenos Aires,GUILLERMO E HUDSON,16590,1885,6
Buenos Aires,JUAN MARIA GUTIERREZ,16591,1890,6
Buenos Aires,PEREYRA,16592,1894,6
Buenos Aires,PLATANOS,16593,1885,6
Buenos Aires,RANELAGH,16594,1886,6
Buenos Aires,SOURIGUES,16595,1885,6
Buenos Aires,VILLA ESPAÃ‘A,16596,1884,6
Buenos Aires,FERNANDO MARTI,16607,6223,6
Buenos Aires,RUTA 9 KILOMETRO 72,18242,2804,6
Buenos Aires,FRANCISCO CASAL,18249,6230,6
Buenos Aires,BUCHANAN,18251,1903,6
Buenos Aires,CAMINO CENTENARIO KM 11500,18252,1896,6
Buenos Aires,IGNACIO CORREAS,18253,1909,6
Buenos Aires,JUAN VUCETICH EX DR R LEVENE,18254,1894,6
Buenos Aires,HORNOS,18255,1739,6
Buenos Aires,VILLA LAZA,18256,7000,6
Buenos Aires,LA CORINA,18260,7114,6
Buenos Aires,COLONIA BELLA VISTA,18261,8000,6
Buenos Aires,ESPARTILLAR,18265,7135,6
Buenos Aires,VILLA ROCH,18266,7101,6
Buenos Aires,SAN RAFAEL,18267,7130,6
Buenos Aires,EMILIO AYERZA,18269,6628,6
Buenos Aires,BASE AERONAVAL CMTE ESPORA,18270,8107,6
Buenos Aires,VILLA IGOLLO,18271,2930,6
Buenos Aires,SAUCE CORTO,18272,7540,6
Buenos Aires,ANDERSON,18273,6621,6
Buenos Aires,EL LUCERO,18276,7513,6
Buenos Aires,CAMPOMAR VIÃ‘EDO,18277,1625,6
Buenos Aires,LA CALETA,18278,7609,6
Buenos Aires,MAR DE COBO,18279,7609,6
Buenos Aires,GENERAL MANSILLA,18296,1911,6
Buenos Aires,ROBERTO PAYRO,18302,1915,6
Buenos Aires,SANTA ELENA,18307,7609,6
Buenos Aires,KILOMETRO 125,18308,6600,6
Buenos Aires,SAUCE GRANDE,18309,8150,6
Buenos Aires,12 DE agosto,18312,2701,6
Buenos Aires,LA PASTORA,18352,7500,6
Buenos Aires,BARRIO SAN JACINTO,18367,2800,6
Buenos Aires,ESTANCIA LAS ISLETAS,18426,8148,6
Buenos Aires,ALVAREZ JONTE,18483,1921,6
Buenos Aires,LAS TAHONAS,18484,1921,6
Buenos Aires,LUIS CHICO,18485,1917,6
Buenos Aires,PANCHO DIAZ,18486,1921,6
Buenos Aires,MAR DEL PLATA,20900,7600,6
Buenos Aires,EREZCANO,21073,2903,6
Buenos Aires,GENERAL CONESA,21074,2907,6
Buenos Aires,SAN NICOLAS DE LOS ARROYOS,21075,2900,6
Buenos Aires,NECOCHEA,21493,7630,6
Buenos Aires,CARAPACHAY,21722,1605,6
Buenos Aires,FLORIDA,21723,1602,6
Buenos Aires,FLORIDA OESTE,21724,1602,6
Buenos Aires,LA LUCILA,21725,1636,6
Buenos Aires,MUNRO,21726,1605,6
Buenos Aires,OLIVOS,21727,1636,6
Buenos Aires,VICENTE LOPEZ,21728,1638,6
Buenos Aires,VILLA MARTELLI,21729,1603,6
Buenos Aires,AMERICA UNIDA,24840,1862,6
Buenos Aires,GUERNICA,24841,1862,6
Buenos Aires,VILLA NUMANCIA,24842,1858,6
Buenos Aires,GENERAL RODRIGUEZ,25773,1748,6
Buenos Aires,LA FRATERNIDAD,25774,1748,6
Buenos Aires,LAS MALVINAS,25775,1748,6
Buenos Aires,JUNIN,26285,6000,6
Buenos Aires,PILAR,26304,1629,6
Buenos Aires,ADROGUE,26305,1846,6
Buenos Aires,BURZACO,26306,1852,6
Buenos Aires,CLAYPOLE,26307,1849,6
Buenos Aires,GLEW,26308,1856,6
Buenos Aires,JOSE MARMOL,26309,1846,6
Buenos Aires,LONGCHAMPS,26310,1854,6
Buenos Aires,MALVINAS ARGENTINAS,26311,1846,6
Buenos Aires,MINISTRO RIVADAVIA,26312,1852,6
Buenos Aires,RAFAEL CALZADA,26313,1847,6
Buenos Aires,SAN JOSE,26314,1846,6
Buenos Aires,SAN FRANCISCO SOLANO,26315,1846,6
Buenos Aires,LUJAN,26316,6700,6
Buenos Aires,INGENIERO WHITE,26318,8103,6
Buenos Aires,LA PLATA,26324,1900,6
Buenos Aires,MARCOS PAZ,27527,1727,6
Buenos Aires,CHIVILCOY,27531,6620,6
Buenos Aires,MERCEDES,27535,6600,6
Buenos Aires,ISLA MARTIN GARCIA,27539,1601,6
Buenos Aires,GENERAL ROJO,27542,2905,6
Buenos Aires,ZONA DELTA TIGRE,27594,1649,6
Buenos Aires,COSTA DEL ESTE,27595,7108,6
Buenos Aires,ZONA DELTA ZARATE,27598,2800,6
Buenos Aires,ZONA DELTA CAMPANA,27599,2804,6
Buenos Aires,NORDELTA,27602,1670,6
Buenos Aires,EL CHELFORO,27603,7530,6
Buenos Aires,VILLA VENTANA,27657,8160,6
Buenos Aires,LA LEONOR,27660,1814,6
Buenos Aires,PARAJE FRA PAL,27661,7530,6
Buenos Aires,PARAJE SANTA ANA,27662,7540,6
Buenos Aires,LAS PAJAS,27782,7150,6
Buenos Aires,EL BOQUERON,27783,7150,6
Buenos Aires,LA VERDE,27784,7214,6
Buenos Aires,CUARTEL II,27785,7300,6
Buenos Aires,LOS CHUCAROS,27786,7263,6
Buenos Aires,LA UNION,27787,7160,6
Buenos Aires,DANTAS,27788,1987,6
Buenos Aires,CUARTEL VII,27789,6050,6
Buenos Aires,CAMPO MAIPU,27791,6013,6
Buenos Aires,CUARTEL IV,27792,6032,6
Buenos Aires,CUARTEL V,27793,6000,6
Buenos Aires,SAN ALBERTO,27798,7620,6
Buenos Aires,EL CRUCE,27799,7620,6
Buenos Aires,ALTO LOS CARDALES,27816,2814,6
Buenos Aires,ZONA CANGREJALES,27822,8103,6
Buenos Aires,LA POSTA,27851,7153,6
Buenos Aires,SAN ANDRES,27852,6551,6
Buenos Aires,CUARTEL IV,27853,7110,6
Buenos Aires,SABBI,27854,7303,6
Buenos Aires,EL GAVILAN,27866,7530,6
Buenos Aires,WILLIAM MORRIS,27889,1686,6
Buenos Aires,VILLA ADELINA,27901,1605,6
Buenos Aires,FIORITO,27904,1828,6
Buenos Aires,INGENIERO BUDGE,27905,1773,6
Buenos Aires,LANUS ESTE,27911,1824,6
Buenos Aires,COSTA ESMERALDA,27921,7109,6
Buenos Aires,DRIADES LINKS,27923,7109,6
Buenos Aires,EL TABARE,27926,7263,6
Buenos Aires,LOS GATOS,27927,7263,6
Buenos Aires,VILLA 7 DE MARZO,27929,8504,6
Buenos Aires,CENTINELA DEL MAR,27931,7607,6
Buenos Aires,EL CONTADOR,27934,2740,6
Buenos Aires,LA VIRUTA,27935,1917,6
