Chaco,COLONIA BENITEZ,11076,3505,22
Chaco,COLONIA EL PILAR,11077,3505,22
Chaco,EL TRAGADERO,11078,3505,22
Chaco,PUERTO ANTEQUERA,11079,3505,22
Chaco,ARROYO QUINTANA,11080,3505,22
Chaco,ISLA ANTEQUERA,11081,3505,22
Chaco,LA PILAR,11082,3505,22
Chaco,MARGARITA BELEN,11083,3505,22
Chaco,PILAR,11084,3505,22
Chaco,PUENTE INE,11085,3505,22
Chaco,PUNTA NUEVA,11086,3505,22
Chaco,TRES HORQUETAS,11087,3505,22
Chaco,GENERAL CAPDEVILA,11088,3732,22
Chaco,COLONIA HAMBURGUESA,11089,3732,22
Chaco,EL ESTERO,11090,3734,22
Chaco,EL PORONGAL,11091,3734,22
Chaco,EL ZAPALLAR,11092,3509,22
Chaco,GANCEDO,11093,3734,22
Chaco,GENERAL PINEDO,11094,3732,22
Chaco,HERMOSO CAMPO,11095,3733,22
Chaco,ITIN,11096,3733,22
Chaco,KILOMETRO 523,11097,3733,22
Chaco,LOS FORTINES,11098,3734,22
Chaco,PAMPA LANDRIEL,11099,3731,22
Chaco,PINEDO CENTRAL,11100,3732,22
Chaco,VIBORAS,11101,3734,22
Chaco,COLONIA ABORIGEN,11102,3531,22
Chaco,COLONIA BLAS PARERA,11103,3531,22
Chaco,KILOMETRO 22,11104,3534,22
Chaco,LA ESPERANZA,11105,3534,22
Chaco,LA SOLEDAD,11106,3534,22
Chaco,LA TAMBORA,11107,3534,22
Chaco,MACHAGAI,11108,3534,22
Chaco,SANTA MARTA,11109,3534,22
Chaco,TRES PALMAS,11110,3534,22
Chaco,COLONIA EL AGUARA,11112,3534,22
Chaco,COLONIA LA LOLA,11113,3534,22
Chaco,EL TOTORAL,11114,3534,22
Chaco,NAPALPI,11115,3531,22
Chaco,CAMPO ZAPA,11116,3722,22
Chaco,COLONIA CUERO QUEMADO,11117,3722,22
Chaco,COLONIA GENERAL NECOCHEA,11118,3722,22
Chaco,COLONIA JUAN LAVALLE,11119,3722,22
Chaco,EL CAJON,11120,3722,22
Chaco,EL ORO BLANCO,11121,3722,22
Chaco,EL TRIANGULO,11122,3706,22
Chaco,LAS BREÃ‘AS,11123,3722,22
Chaco,PAMPA DEL HUEVO,11124,3722,22
Chaco,PAMPA DEL TORDILLO,11125,3722,22
Chaco,PAMPA DEL ZORRO,11126,3722,22
Chaco,PAMPA SAN MARTIN,11127,3722,22
Chaco,POZO DEL INDIO ESTACION FCGB,11128,3722,22
Chaco,LOS CERRITOS,11130,3722,22
Chaco,LOS CHINACOS,11131,3722,22
Chaco,PAMPA IPORA GUAZU,11132,3722,22
Chaco,AGUA BUENA,11133,3714,22
Chaco,BOTIJA,11134,3714,22
Chaco,CONCEPCION DEL BERMEJO,11135,3708,22
Chaco,LORENA,11136,3714,22
Chaco,LOS FRENTONES,11137,3712,22
Chaco,PAMPA BORRACHO,11138,3708,22
Chaco,PAMPA DEL INFIERNO,11139,3708,22
Chaco,PAMPA HERMOSA,11140,3708,22
Chaco,PAMPA JUANITA,11141,3708,22
Chaco,POZO HONDO,11142,3714,22
Chaco,RIO MUERTO,11143,3712,22
Chaco,TACO POZO,11144,3714,22
Chaco,CABRAL CUE,11145,3518,22
Chaco,CANCHA LARGA,11146,3518,22
Chaco,COLONIA RIO DE ORO,11147,3518,22
Chaco,EL CAMPAMENTO,11148,3524,22
Chaco,EL LAPACHO,11149,3518,22
Chaco,EL MIRASOL,11150,3524,22
Chaco,EL RETIRO,11151,3522,22
Chaco,FLORADORA,11152,3522,22
Chaco,GANDOLFI,11153,3526,22
Chaco,GENERAL VEDIA,11154,3522,22
Chaco,GUAYCURU,11155,3518,22
Chaco,ISLA DEL CERRITO,11156,3505,22
Chaco,KILOMETRO 76 RIO BERMEJO,11157,3526,22
Chaco,LA LEONESA,11158,3518,22
Chaco,LA MAGDALENA,11159,3522,22
Chaco,LA POSTA,11160,3524,22
Chaco,LA RINCONADA,11161,3524,22
Chaco,LAGUNA PATOS,11162,3518,22
Chaco,LAPACHO,11163,3518,22
Chaco,LAS PALMAS,11164,3518,22
Chaco,LAS ROSAS,11165,3518,22
Chaco,LOMA ALTA,11166,3518,22
Chaco,MIERES,11167,3524,22
Chaco,PUERTO BERMEJO,11168,3524,22
Chaco,PUERTO LAS PALMAS,11169,3518,22
Chaco,PUERTO EVA PERON,11170,3526,22
Chaco,RANCHOS VIEJOS,11171,3518,22
Chaco,RINCON DEL ZORRO,11172,3518,22
Chaco,RIO BERMEJO,11173,3524,22
Chaco,RIO DE ORO,11174,3518,22
Chaco,SAN CARLOS,11175,3522,22
Chaco,SAN EDUARDO,11176,3522,22
Chaco,SAN FERNANDO,11177,3518,22
Chaco,SOLALINDE,11178,3524,22
Chaco,TACUARI,11179,3518,22
Chaco,TIMBO,11180,3524,22
Chaco,TRES HORQUETAS,11181,3522,22
Chaco,VELAZ,11182,3526,22
Chaco,PUNTA DE RIELES,11183,3518,22
Chaco,QUIA,11184,3518,22
Chaco,CERRITO,11185,3730,22
Chaco,COLONIA JUAN LARREA,11186,3730,22
Chaco,EL PUCA,11187,3730,22
Chaco,PAMPA BARRERA,11188,3730,22
Chaco,PUEBLO PUCA,11189,3730,22
Chaco,SANTA ELVIRA,11190,3731,22
Chaco,TRES ESTACAS,11191,3731,22
Chaco,CHARATA,11192,3730,22
Chaco,GENERAL NECOCHEA,11193,3730,22
Chaco,MESON DE FIERRO,11194,3731,22
Chaco,PAMPA CABRERA,11195,3731,22
Chaco,PAMPA SOMMER,11196,3730,22
Chaco,COLONIA BERNARDINO RIVADAVIA,11198,3701,22
Chaco,BARRIO GRAL JOSE DE SAN MARTIN,11199,3700,22
Chaco,BARRIO SARMIENTO,11200,3700,22
Chaco,COLONIA BAJO HONDO,11201,3700,22
Chaco,GIRASOL,11202,3703,22
Chaco,KILOMETRO 15,11203,3700,22
Chaco,LAS CUCHILLAS CNIA J MARMOL,11204,3701,22
Chaco,PAMPA AGUADO,11205,3700,22
Chaco,PAMPA ALEGRIA,11206,3700,22
Chaco,PAMPA DE LOS LOCOS,11207,3700,22
Chaco,PAMPA FLORIDA,11208,3703,22
Chaco,PAMPA GALPON,11209,3700,22
Chaco,PAMPA LOCA,11210,3700,22
Chaco,PRESIDENCIA ROQUE SAENZ PEÃ‘A,11211,3700,22
Chaco,CABEZA DE TIGRE,11212,3540,22
Chaco,KILOMETRO 596,11213,3541,22
Chaco,SANTA MARIA,11214,3541,22
Chaco,CAMPO EL JACARANDA,11215,3733,22
Chaco,CHOROTIS,11216,3733,22
Chaco,SANTA SYLVINA,11217,3541,22
Chaco,ZUBERBHULER,11218,3733,22
Chaco,AMAMBAY,11219,3718,22
Chaco,CORZUELA,11220,3718,22
Chaco,COLONIA JUAN PENCO,11221,3514,22
Chaco,COLONIA MIXTA,11222,3514,22
Chaco,HIVONNAIT,11223,3514,22
Chaco,KILOMETRO 29,11224,3514,22
Chaco,KILOMETRO 34,11225,3514,22
Chaco,KILOMETRO 38,11226,3514,22
Chaco,KILOMETRO 5,11227,3514,22
Chaco,LA ELABORADORA,11228,3514,22
Chaco,LAGUNA ESCONDIDA,11229,3514,22
Chaco,PUENTE PHILIPPON,11230,3514,22
Chaco,PUENTE SVRITZ,11231,3514,22
Chaco,EL OBRAJE,11232,3514,22
Chaco,KILOMETRO 2 FCGB,11233,3514,22
Chaco,KILOMETRO 22,11234,3514,22
Chaco,LA ESCONDIDA,11235,3514,22
Chaco,LA VERDE,11236,3514,22
Chaco,LAPACHITO,11237,3514,22
Chaco,MAKALLE,11238,3514,22
Chaco,LA LIBERTAD,11240,3705,22
Chaco,JUAN JOSE CASTELLI,11241,3705,22
Chaco,EL ESPINILLO,11242,3703,22
Chaco,EL PINTADO,11243,3705,22
Chaco,EL QUEBRACHAL,11245,3705,22
Chaco,EL SAUZALITO,11246,3705,22
Chaco,FORTIN LAVALLE,11247,3703,22
Chaco,FUERTE ESPERANZA,11248,3705,22
Chaco,KILOMETRO 184,11249,3620,22
Chaco,MANANTIALES,11250,3705,22
Chaco,MIRAFLORES,11251,3705,22
Chaco,MISION NUEVA POMPEYA,11252,3705,22
Chaco,NUEVA POBLACION,11253,3705,22
Chaco,POZO DE LAS GARZAS,11254,3705,22
Chaco,POZO NAVAGAN,11255,3621,22
Chaco,VILLA RIO BERMEJITO,11256,3703,22
Chaco,WICHI,11257,3705,22
Chaco,AVIA TERAI,11258,3706,22
Chaco,CAMPO LARGO,11259,3716,22
Chaco,CNIA AGRICOLA PAMPA NAPENAY,11260,3706,22
Chaco,COLONIA JOSE MARMOL,11261,3700,22
Chaco,COLONIA MALGRATTI,11262,3716,22
Chaco,COLONIA MARIANO SARRATEA,11263,3706,22
Chaco,EL CATORCE,11264,3706,22
Chaco,FORTIN LAS CHUÃ‘AS,11265,3716,22
Chaco,LA MASCOTA,11266,3706,22
Chaco,MALBALAES,11268,3701,22
Chaco,NAPENAY,11269,3706,22
Chaco,PAMPA DEL REGIMIENTO,11270,3706,22
Chaco,PAMPA GRANDE,11271,3701,22
Chaco,PAMPA OCULTA,11272,3716,22
Chaco,CAMPO EL BERMEJO,11273,3509,22
Chaco,CAMPO WINTER,11274,3509,22
Chaco,CIERVO PETISO,11275,3515,22
Chaco,COLONIA CORONEL DORREGO,11276,3511,22
Chaco,COLONIA RODRIGUEZ PEÃ‘A,11277,3511,22
Chaco,COLONIA SIETE ARBOLES,11278,3509,22
Chaco,GENERAL JOSE DE SAN MARTIN,11279,3509,22
Chaco,KILOMETRO 39,11280,3509,22
Chaco,KILOMETRO 42,11281,3509,22
Chaco,KILOMETRO 48,11282,3509,22
Chaco,KILOMETRO 59,11283,3509,22
Chaco,LAGUNA LIMPIA,11284,3515,22
Chaco,LOS POZOS,11285,3511,22
Chaco,PAMPA ALMIRON,11286,3507,22
Chaco,PAMPA DEL INDIO,11287,3531,22
Chaco,PRESIDENCIA ROCA,11288,3511,22
Chaco,PUERTO ZAPALLAR,11289,3509,22
Chaco,SANTOS LUGARES,11290,3531,22
Chaco,SELVAS DEL RIO DE ORO,11291,3507,22
Chaco,VENEZUELA,11292,3509,22
Chaco,10 DE mayo,11293,3705,22
Chaco,LA EDUVIGIS,11294,3507,22
Chaco,CAMPO DE LA CHOZA,11295,3514,22
Chaco,CAMPO ECHEGARAY,11296,3514,22
Chaco,COLONIA ECHEGARAY,11297,3514,22
Chaco,COLONIA POPULAR,11298,3505,22
Chaco,CORONEL AVALOS,11299,3505,22
Chaco,FORTIN CARDOSO,11300,3513,22
Chaco,GENERAL DONOVAN,11301,3514,22
Chaco,GENERAL OBLIGADO,11302,3513,22
Chaco,KILOMETRO 501,11303,3513,22
Chaco,LA CHOZA,11304,3513,22
Chaco,LAGUNA BELIGAY,11305,3505,22
Chaco,LAGUNA BLANCA,11306,3514,22
Chaco,PUERTO BASTIANI,11307,3505,22
Chaco,PUERTO TIROL,11308,3505,22
Chaco,RIO ARAZA,11309,3514,22
Chaco,VILLA JALON,11310,3505,22
Chaco,LA EVANGELICA,11311,3505,22
Chaco,ALELOY,11312,3703,22
Chaco,COLONIA VELEZ SARSFIELD,11313,3703,22
Chaco,EL BOQUERON,11314,3703,22
Chaco,EL PALMAR  TRES ISLETAS,11316,3703,22
Chaco,LA POBLADORA,11317,3703,22
Chaco,PAMPA AGUARA,11318,3703,22
Chaco,PAMPA VARGAS,11319,3703,22
Chaco,EL TREINTA Y SEIS,11320,3703,22
Chaco,KILOMETRO 841,11321,3703,22
Chaco,KILOMETRO 884,11322,3703,22
Chaco,TRES ISLETAS,11323,3703,22
Chaco,AVANZADA,11324,3540,22
Chaco,COLONIA EL TIGRE,11325,3541,22
Chaco,COLONIA JUAN JOSE PASO,11326,3540,22
Chaco,COLONIA MATHEU,11327,3540,22
Chaco,CORONEL DU GRATY,11328,3541,22
Chaco,EL ESQUINERO,11329,3543,22
Chaco,EL Ã‘ANDUBAY,11330,3541,22
Chaco,EL PORVENIR,11331,3543,22
Chaco,ENRIQUE URIEN,11332,3543,22
Chaco,FORTIN POTRERO,11333,3540,22
Chaco,LA Ã‘ATA,11334,3540,22
Chaco,LA NUEVA,11335,3540,22
Chaco,LA OFELIA,11336,3540,22
Chaco,LOS FORTINES,11337,3540,22
Chaco,LOS GANSOS,11338,3540,22
Chaco,PUEBLO CLODOMIRO DIAZ,11339,3541,22
Chaco,TUCURU,11340,3540,22
Chaco,VILLA ANGELA,11341,3540,22
Chaco,LA TIGRA,11342,3701,22
Chaco,LA CLOTILDE,11343,3701,22
Chaco,MALBALAES LOTE 45 Y 46,11344,3701,22
Chaco,SAN BERNARDO,11345,3701,22
Chaco,COLONIA CORONEL BRANDSEN,11346,3536,22
Chaco,GUAYAIBI,11347,3531,22
Chaco,COLONIA HERRERA,11348,3536,22
Chaco,COLONIA HIPOLITO VIEYTES,11349,3536,22
Chaco,COLONIA SANTA ELENA,11350,3536,22
Chaco,CORONEL BRANDSEN,11351,3536,22
Chaco,CUATRO ARBOLES,11352,3536,22
Chaco,EL CURUNDU,11353,3536,22
Chaco,FORTIN AGUILAR,11354,3532,22
Chaco,FORTIN CHAJA,11355,3536,22
Chaco,LAS BANDERAS,11356,3536,22
Chaco,MARTINEZ DE HOZ,11357,3536,22
Chaco,PASO DEL OSO,11358,3536,22
Chaco,PRESIDENCIA DE LA PLAZA,11359,3536,22
Chaco,CAMPO FELDMAN,11360,3530,22
Chaco,COLONIA PUENTE URIBURU,11361,3530,22
Chaco,LA CHIQUITA,11362,3701,22
Chaco,LA MATANZA,11363,3531,22
Chaco,PAMPA VERDE,11364,3531,22
Chaco,PICADITAS,11365,3530,22
Chaco,QUITILIPI,11366,3530,22
Chaco,REDUCCION NAPALPI,11367,3530,22
Chaco,VILLA EL PALMAR,11368,3530,22
Chaco,BARRANQUERAS,11369,3503,22
Chaco,EL PALMAR,11370,3501,22
Chaco,RESISTENCIA,11371,3500,22
Chaco,TIGRE,11372,3500,22
Chaco,VILLA ALTA,11373,3500,22
Chaco,BASAIL,11374,3516,22
Chaco,CACUI,11375,3514,22
Chaco,CAMPO DE GALNASI,11376,3501,22
Chaco,COLONIA BARANDA,11377,3505,22
Chaco,COLONIA PUENTE PHILIPON,11378,3514,22
Chaco,COLONIA TACUARI,11379,3516,22
Chaco,EL BAÃ‘ADO,11380,3516,22
Chaco,FONTANA,11381,3514,22
Chaco,KILOMETRO 34,11382,3516,22
Chaco,LA COLONIA,11383,3500,22
Chaco,LA GANADERA,11384,3505,22
Chaco,LA ISLA,11385,3503,22
Chaco,LA LIGURIA,11386,3501,22
Chaco,LA PALOMETA,11387,3505,22
Chaco,LIVA,11388,3514,22
Chaco,LOS ALGARROBOS,11389,3505,22
Chaco,LOS PALMARES,11390,3516,22
Chaco,MARIA SARA,11391,3505,22
Chaco,PARALELO 28,11392,3516,22
Chaco,PUENTE PALOMETA,11393,3505,22
Chaco,PUERTO VICENTINI,11394,3514,22
Chaco,PUERTO VILELAS,11395,3503,22
Chaco,TROPEZON,11397,3500,22
Chaco,VICENTINI,11398,3514,22
Chaco,VILLA BARBERAN,11399,3500,22
Chaco,VILLA EL DORADO,11400,3500,22
Chaco,VILLA FORESTACION,11401,3503,22
Chaco,VILLA JUAN DE GARAY,11402,3500,22
Chaco,VILLA LIBERTAD,11403,3500,22
Chaco,KILOMETRO 525,11405,3545,22
Chaco,KILOMETRO 530,11406,3545,22
Chaco,SAMUHU,11407,3543,22
Chaco,VILLA BERTHET,11408,3545,22
Chaco,CAPITAN SOLARI,11409,3515,22
Chaco,COLONIA ELISA,11410,3515,22
Chaco,COLONIAS UNIDAS,11411,3515,22
Chaco,INGENIERO BARBET,11412,3515,22
Chaco,KILOMETRO 602,11413,3515,22
Chaco,LAS GARCITAS,11414,3515,22
Chaco,SALTO DE LA VIEJA,11415,3515,22
Chaco,KILOMETRO 575,11416,3515,22
Chaco,LA DIFICULTAD,11417,3515,22
Chaco,LA PASTORIL,11418,3515,22
Chaco,ARBOL SOLO,11419,3513,22
Chaco,CHARADAI,11420,3513,22
Chaco,COTE LAI,11421,3513,22
Chaco,ESTERO REDONDO,11422,3513,22
Chaco,HORQUILLA,11423,3543,22
Chaco,KILOMETRO 443,11424,3513,22
Chaco,KILOMETRO 498,11425,3543,22
Chaco,KILOMETRO 520,11426,3543,22
Chaco,LA SABANA,11427,3513,22
Chaco,LA VICUÃ‘A,11428,3513,22
Chaco,LAS TOSCAS,11429,3513,22
Chaco,MACOMITAS,11430,3513,22
Chaco,OBRAJE LA VICUÃ‘A,11431,3513,22
Chaco,RIO TAPENAGA,11432,3513,22
Chaco,HAUMONIA,11433,3543,22
Chaco,CAMPO MORENO,17063,3734,22
Chaco,COLONIA ABATE,17065,3732,22
Chaco,COLONIA BRAVO,17066,3732,22
Chaco,COLONIA DRYDALE,17067,3734,22
Chaco,COLONIA ECONOMIA,17068,3732,22
Chaco,COLONIA EL TRIANGULO,17069,3732,22
Chaco,COLONIA LA MARIA LUISA,17070,3734,22
Chaco,COLONIA LA TOTA,17071,3734,22
Chaco,COLONIA NECOCHEA SUD,17077,3732,22
Chaco,COLONIA WELHERS,17085,3732,22
Chaco,EL CUADRADO,17094,3734,22
Chaco,EL PALMAR,17104,3732,22
Chaco,EL PUMA,17116,3734,22
Chaco,EL SALADILLO,17122,3734,22
Chaco,EL TRIANGULO,17123,3732,22
Chaco,LA ECONOMIA,17145,3732,22
Chaco,LAS LEONAS,17157,3732,22
Chaco,LOS QUEBRACHITOS,17162,3734,22
Chaco,MINISTRO RAMON GOMEZ,17171,3732,22
Chaco,PALMAR CENTRAL,17179,3732,22
Chaco,PALMAR NORTE,17186,3732,22
Chaco,PAMPA DOROTIER,17199,3732,22
Chaco,PUERTA DE LEON,17210,3732,22
Chaco,WELHERS,17213,3732,22
Chaco,COSTA INE,17232,3505,22
Chaco,LA LOMA,17272,3505,22
Chaco,PUNTA DE RIELES,17285,3505,22
Chaco,PUNTA RIELES,17300,3505,22
Chaco,SAN MIGUEL,17307,3505,22
Chaco,COLONIA GUALTIERI,17314,3534,22
Chaco,LAS LOMITAS,17326,3534,22
Chaco,LOTE 11,17329,3534,22
Chaco,LOTE 14,17334,3534,22
Chaco,LOTE 23,17337,3534,22
Chaco,LOTE 3,17343,3534,22
Chaco,LOTE 42,17346,3534,22
Chaco,PAMPA BANDERA,17350,3534,22
Chaco,CURVA DE NOVOA,17355,3722,22
Chaco,DOS BOLICHES,17356,3722,22
Chaco,2 DE mayo,17358,3722,22
Chaco,EL ESTERO,17370,3722,22
Chaco,EL RECOVECO,17373,3722,22
Chaco,EL RECOVO,17375,3722,22
Chaco,LAS CUCHILLAS,17378,3722,22
Chaco,LAS PIEDRITAS,17380,3722,22
Chaco,PAMPA BRUGNOLI,17383,3722,22
Chaco,PAMPA DEL CIELO,17385,3722,22
Chaco,PAMPA HERMOSA,17390,3722,22
Chaco,PAMPA MITRE,17392,3722,22
Chaco,PAMPA VILLORDO,17394,3722,22
Chaco,PAMPA ZANATA,17396,3722,22
Chaco,PAMPINI,17399,3722,22
Chaco,PUEBLO PUCA,17401,3722,22
Chaco,KILOMETRO 1183,17402,3714,22
Chaco,COLONIA CABRAL,17415,3518,22
Chaco,EL 14,17421,3518,22
Chaco,EL PALMAR,17437,3518,22
Chaco,LA ESPERANZA,17444,3518,22
Chaco,LOTE 15 ESCUELA 268,17461,3522,22
Chaco,LOTE 16 ESCUELA 204,17465,3522,22
Chaco,LOTE 92 LA RINCONADA,17469,3524,22
Chaco,PINDO,17473,3518,22
Chaco,TERMAS DEL CERRITO,17488,3518,22
Chaco,YATAY,17494,3518,22
Chaco,9 DE julio,17501,3714,22
Chaco,CASTELLIN,17504,3714,22
Chaco,EL CAÃ‘ON,17507,3714,22
Chaco,EL GUANACO,17508,3714,22
Chaco,EL INDIO,17510,3714,22
Chaco,EL PARAISO,17512,3714,22
Chaco,EL VALLA,17513,3714,22
Chaco,LA AGUADA,17514,3714,22
Chaco,LA ARGENTINA,17650,3714,22
Chaco,LA CHINA,17657,3714,22
Chaco,LA ILUSION,17664,3714,22
Chaco,LA PALOMA,17670,3714,22
Chaco,LA PINTA,17675,3714,22
Chaco,LA PROVIDENCIA,17680,3714,22
Chaco,LA SARA,17685,3714,22
Chaco,LA TRANQUILIDAD,17692,3714,22
Chaco,LAS CARPAS,17696,3714,22
Chaco,LAS DELICIAS,17698,3714,22
Chaco,LAS FLORES,17700,3714,22
Chaco,LOS MAGOS,17707,3714,22
Chaco,LOS TIGRES,17712,3714,22
Chaco,LOS TOBAS,17718,3714,22
Chaco,LOTE 33,17724,3714,22
Chaco,MADRE DE DIOS,17729,3714,22
Chaco,NUEVA YORK,17733,3714,22
Chaco,PALO BLANCO,17745,3714,22
Chaco,PAMPA BOLSA,17752,3714,22
Chaco,PAMPA CABURE,17760,3714,22
Chaco,PAMPA EL FOSFORITO,17766,3714,22
Chaco,PAMPA EL MANGRULLO,17776,3714,22
Chaco,PAMPA EL MOLLAR,17784,3714,22
Chaco,PAMPA PELADO,17788,3714,22
Chaco,PAMPA PEREYRA,17793,3714,22
Chaco,PAMPA QUIMILI,17805,3714,22
Chaco,PAMPA RALERA,17810,3714,22
Chaco,PAMPA VIRGEN,17815,3714,22
Chaco,PARAJE INDEPENDENCIA,17822,3714,22
Chaco,PARAJE KILOMETRO 77,17831,3714,22
Chaco,PARAJE OJO DE AGUA,17836,3714,22
Chaco,PARAJE SANTA CRUZ,17838,3714,22
Chaco,SAN AGUSTIN,17850,3714,22
Chaco,SAN ANTONIO,17858,3714,22
Chaco,SAN JOSE,17867,3714,22
Chaco,SAN LUIS,17880,3714,22
Chaco,SAN MARTIN,17890,3714,22
Chaco,SAN TELMO,17894,3714,22
Chaco,SANTA AGUEDA,17901,3714,22
Chaco,SANTA ELENA,17909,3714,22
Chaco,SANTA ROSA,17915,3714,22
Chaco,SANTA TERESA DE CARBALLO,17918,3714,22
Chaco,URUNDEL,17920,3714,22
Chaco,CABRAL,17930,3730,22
Chaco,CAMPO FERRANDO,17940,3730,22
Chaco,COLONIA BARRERA,17954,3730,22
Chaco,COLONIA SCHMIDT,17971,3730,22
Chaco,EL PICASO,17981,3730,22
Chaco,INDIA MUERTA,17998,3730,22
Chaco,IPORA GUAZU,18006,3730,22
Chaco,LOS GUALCOS,18009,3730,22
Chaco,LOTE 77,18021,3730,22
Chaco,PAMPA AVILA,18037,3730,22
Chaco,PAMPA CEJAS,18055,3730,22
Chaco,PAMPA DEL CIELO,18068,3730,22
Chaco,PAMPA FLORES,18078,3730,22
Chaco,PAMPA GAMBA,18157,3700,22
Chaco,TRES MOJONES,18168,3733,22
Chaco,TRES MONJES,18171,3541,22
Chaco,VENADOS GRANDES,18172,3733,22
Chaco,CAMPO LAS PUERTAS,18173,3541,22
Chaco,CAMPO NUEVO,18175,3541,22
Chaco,COLONIA EL CURUPI,18177,3541,22
Chaco,PUERTO URQUIZA,18178,3705,22
Chaco,SAN ANTONIO,18179,3705,22
Chaco,LORO BLANCO,18181,3718,22
Chaco,PAMPA ALSINA,18183,3718,22
Chaco,PAMPA CUVALO,18184,3718,22
Chaco,PAMPA GRANDE,18186,3718,22
Chaco,PUESTO CARRIZO,18188,3718,22
Chaco,LOTE 48 COLONIA MIXTA,18410,3514,22
Chaco,LOTE 53 COLONIA MIXTA,18417,3514,22
Chaco,BAJO HONDO,18432,3705,22
Chaco,BAJO VERDE,18487,3705,22
Chaco,BERLIN,18488,3705,22
Chaco,BOLSA GRANDE,18489,3705,22
Chaco,CALIFORNIA,18490,3705,22
Chaco,CAMPO EL AIBAL,18491,3705,22
Chaco,CAMPO EL ONZA,18492,3705,22
Chaco,CAMPO GRANDE,18493,3705,22
Chaco,CAMPO OVEROS,18494,3705,22
Chaco,COLONIA CABEZA DE BUEY,18496,3705,22
Chaco,COLONIA EL ALAZAN,18497,3705,22
Chaco,COLONIA ESPERANZA,18498,3705,22
Chaco,COLONIA FORTUNI,18499,3705,22
Chaco,COLONIA INDIGENA,18500,3705,22
Chaco,COLONIA JUAN JOSE CASTELLI,18501,3705,22
Chaco,COLONIA LA FLORIDA CHICA,18502,3705,22
Chaco,COLONIA LA FLORIDA GRANDE,18503,3705,22
Chaco,COLONIA MONTE QUEMADO,18504,3705,22
Chaco,COLONIA SAN ANTONIO,18505,3705,22
Chaco,COMANDANCIA FRIAS,18506,3705,22
Chaco,CORRALITO,18507,3705,22
Chaco,DOÃ‘A PAULA,18509,3705,22
Chaco,EL 15,18510,3705,22
Chaco,EL AIBAL,18511,3705,22
Chaco,EL ASUSTADO,18512,3705,22
Chaco,EL DESIERTO,18513,3705,22
Chaco,EL RECREO,18514,3705,22
Chaco,EL SAUZAL,18515,3705,22
Chaco,EL SIMBOLAR,18517,3705,22
Chaco,EL VISCACHERAL,18530,3705,22
Chaco,ESTANCIA LOMA ALTA,18531,3705,22
Chaco,EX FORTIN ZELAYA,18532,3705,22
Chaco,EX FORTIN ARENALES,18533,3705,22
Chaco,EX FORTIN COMANDANTE FRIAS,18534,3705,22
Chaco,EX FORTIN LAVALLE,18535,3705,22
Chaco,EX FORTIN PEREZ MILLAN,18536,3705,22
Chaco,EX FORTIN WILDE,18537,3705,22
Chaco,LA ARMONIA,18539,3705,22
Chaco,LA CAÃ‘ADA,18540,3705,22
Chaco,LA COSTOSA,18541,3705,22
Chaco,LA ENTRADA,18542,3705,22
Chaco,LA ESPERANZA,18543,3705,22
Chaco,LA ESTACION,18545,3705,22
Chaco,LA FIDELIDAD,18546,3705,22
Chaco,LA FLOJERA,18547,3705,22
Chaco,LA GRINGA,18548,3705,22
Chaco,LA INVERNADA,18549,3705,22
Chaco,LA MEDIA LUNA,18550,3705,22
Chaco,LA MORA,18551,3705,22
Chaco,LA RINCONADA,18552,3705,22
Chaco,LA SALTARINA,18553,3705,22
Chaco,LA SOLEDAD,18554,3705,22
Chaco,LA ZANJA,18556,3705,22
Chaco,LAS BLANCAS,18559,3705,22
Chaco,LAS FLORES,18561,3705,22
Chaco,LAS HACHERAS,18562,3705,22
Chaco,LAS MARAVILLAS,18563,3705,22
Chaco,LAS VERTIENTES,18564,3705,22
Chaco,LOS BARRILES,18565,3705,22
Chaco,LOS PORONGOS,18566,3705,22
Chaco,LOS QUIRQUINCHOS,18568,3705,22
Chaco,LOS TUNALES,18569,3705,22
Chaco,LOTE OCHO,18570,3705,22
Chaco,MIRAMAR,18571,3705,22
Chaco,MISION ANGELICANA,18572,3705,22
Chaco,MOLLE MARCADO,18574,3705,22
Chaco,MONTE CASEROS,18575,3705,22
Chaco,NUEVA UNION,18577,3705,22
Chaco,PALO MARCADO,18579,3705,22
Chaco,PAMPA CASTRO,18580,3705,22
Chaco,PAMPA EL SILENCIO,18583,3705,22
Chaco,PAMPA LOS BEDOGNI,18585,3705,22
Chaco,PAMPA MACHETE,18587,3705,22
Chaco,PAMPA TOLOSA CHICA,18590,3705,22
Chaco,PAMPA TOLOSA GRANDE,18591,3705,22
Chaco,PARAJE EL COLCHON,18592,3705,22
Chaco,PASO DE LOS LIBRES,18594,3705,22
Chaco,PARAJE EL COLORADO,18595,3705,22
Chaco,KILOMETRO 40,18597,3705,22
Chaco,POZO DE LA LINEA,18599,3705,22
Chaco,POZO DE LA MULA,18600,3705,22
Chaco,POZO DE LA PAVA,18601,3705,22
Chaco,POZO DE LA TUNA,18604,3705,22
Chaco,POZO DE LOS SURIS,18606,3705,22
Chaco,POZO DEL CINCUENTA,18607,3705,22
Chaco,POZO DEL GATO,18609,3705,22
Chaco,POZO DEL GRIS,18611,3705,22
Chaco,POZO DEL MOLLE,18612,3705,22
Chaco,POZO DEL NEGRO,18614,3705,22
Chaco,POZO DEL TALA,18615,3705,22
Chaco,POZO DEL TIGRE,18617,3705,22
Chaco,POZO LA BREA,18624,3705,22
Chaco,POZO LA OSCA,18625,3705,22
Chaco,PUERTO LAVALLE,18626,3705,22
Chaco,REDUCCION DE LA CANGAYE,18627,3705,22
Chaco,REDUCC SAN BERNARDO DE VERTIZ,18628,3705,22
Chaco,ROSALES,18630,3705,22
Chaco,SAN AGUSTIN,18631,3705,22
Chaco,SAN JUANCITO,18632,3705,22
Chaco,SAN LORENZO,18633,3705,22
Chaco,SANTA RITA,18634,3705,22
Chaco,SANTO DOMINGO,18635,3705,22
Chaco,SOL DE MAYO,18636,3705,22
Chaco,TARTAGAL,18638,3705,22
Chaco,TOLDERIAS,18640,3705,22
Chaco,TRES POZOS,18642,3705,22
Chaco,POZO EL CHAÃ‘AR,18735,3705,22
Chaco,POZO DEL TORO,18758,3705,22
Chaco,LA CUCHILLA,18774,3716,22
Chaco,LA FLECHA,18777,3716,22
Chaco,LOTE 34,18780,3706,22
Chaco,COLONIA BERMEJO,18814,3509,22
Chaco,COLONIA EL CIERVO,18816,3509,22
Chaco,COLONIA EL FISCAL,18817,3509,22
Chaco,COLONIA ESPERANZA,18818,3509,22
Chaco,COLONIA LA FILOMENA,18819,3509,22
Chaco,COLONIA SABINA,18820,3509,22
Chaco,COLONIA SAN ANTONIO,18821,3509,22
Chaco,COLONIA TRES LAGUNAS,18822,3509,22
Chaco,EL 15,18824,3509,22
Chaco,EL PERDIDO,18825,3509,22
Chaco,KILOMETRO 62,18827,3509,22
Chaco,LOMA ALTA,18828,3509,22
Chaco,LOMA FLORIDA,18829,3509,22
Chaco,PAMPA CHICA,18830,3509,22
Chaco,PAMPA LARGA,18831,3509,22
Chaco,PARAJE LAS TABLAS,18832,3509,22
Chaco,VILLA DOS,18833,3509,22
Chaco,ZAPARINQUI,18834,3705,22
Chaco,COLONIA CODUTTI,18860,3513,22
Chaco,COLONIA LUCINDA,18863,3513,22
Chaco,KILOMETRO 523,18870,3505,22
Chaco,LA LUCINDA,18872,3513,22
Chaco,LA NEGRA,18874,3513,22
Chaco,LA RAQUEL,18876,3513,22
Chaco,KILOMETRO 519,18892,3513,22
Chaco,CABAÃ‘ARO PASAJE,18907,3703,22
Chaco,COLONIA ALELAY,18908,3703,22
Chaco,EL DESTIERRO,18909,3703,22
Chaco,KILOMETRO 855 ESTACION,18910,3703,22
Chaco,LA MATANZA,18912,3703,22
Chaco,NTRA SEÃ‘ORA DE LA CONCEPCION,18920,3703,22
Chaco,PAMPA ALELAI,18922,3703,22
Chaco,PAMPA EL 11,18923,3703,22
Chaco,PAMPA EL 12,18924,3703,22
Chaco,TRES NACIONES,18925,3703,22
Chaco,EL CUARENTA Y SEIS,18956,3703,22
Chaco,LA SUIZA,18969,3540,22
Chaco,LOTE 10,18971,3540,22
Chaco,LOTE 12,18973,3543,22
Chaco,COLONIA LOTE 10,18977,3540,22
Chaco,COLONIA LOTE 12,18979,3543,22
Chaco,COLONIA LOTE 3,18981,3543,22
Chaco,COLONIA LA AVANZADA,18985,3540,22
Chaco,COLONIA LAS AVISPAS,18988,3540,22
Chaco,LA MANUELA,18990,3540,22
Chaco,LA TAPERA,18991,3540,22
Chaco,LA VIRUELA,18993,3540,22
Chaco,LAS GOLONDRINAS SUR,18994,3540,22
Chaco,LAS MORERAS,18996,3540,22
Chaco,TRES BOLICHES,18999,3540,22
Chaco,COLONIA LOS GANZOS,19001,3540,22
Chaco,LAS GOLONDRINAS,19004,3540,22
Chaco,ALMIRANTE BROWN,19045,3701,22
Chaco,LA CHACO,19052,3701,22
Chaco,LAS CUATRO BOCAS,19056,3701,22
Chaco,LOTE 10,19058,3701,22
Chaco,LOTE 11,19061,3701,22
Chaco,PAMPA DE LAS FLORES,19064,3701,22
Chaco,FORTIN TOTORALITA LUGAR HISTOR,19071,3701,22
Chaco,BOCAS,19080,3536,22
Chaco,EL RAIGONAL,19083,3536,22
Chaco,LOTE 4 COLONIA PASTORIL,19086,3536,22
Chaco,CURANDU,19089,3532,22
Chaco,EL PALMAR,19092,3536,22
Chaco,ALDEA FORESTAL,19128,3530,22
Chaco,COLONIA EL PARAISAL,19130,3530,22
Chaco,CUATRO BOCAS,19132,3530,22
Chaco,EL PALMAR,19136,3531,22
Chaco,EL TACURUZAL,19139,3530,22
Chaco,EL ZANJON,19142,3530,22
Chaco,LOTE 4 QUITILIPI,19146,3530,22
Chaco,PAMPA LA PELIGROSA,19155,3530,22
Chaco,PAMPA LEGUA CUATRO,19157,3530,22
Chaco,LOTE 43 ESCUELA 250,19182,3530,22
Chaco,COLONIA FLORENCIA,19235,3500,22
Chaco,COLONIA PALMIRA,19236,3500,22
Chaco,ESTANCIA LA AURORA,19239,3516,22
Chaco,LAS MERCEDES,19242,3516,22
Chaco,VILLA PARANACITO,19248,3500,22
Chaco,LOTE 17,19283,3543,22
Chaco,LOTE 24,19285,3543,22
Chaco,LOTE 25,19287,3543,22
Chaco,LOTE 7,19291,3543,22
Chaco,LOTE 8,19292,3543,22
Chaco,EL TUPI KILOMETRO 474,19399,3513,22
Chaco,INVERNADA,19402,3543,22
Chaco,KILOMETRO 474,19404,3513,22
Chaco,LOTE 1,19407,3543,22
Chaco,LOTE 23 SAMUHU,19412,3543,22
Chaco,LOTE 15 LA SABANA,19414,3513,22
Chaco,LOTE 9,19415,3513,22
Chaco,PUESTO COCHERI,19417,3513,22
Chaco,PUESTO MENDIZABAL,19419,3513,22
Chaco,ESTANCIA EL SABALO,19421,3513,22
Chaco,KILOMETRO 53,19423,3543,22
Chaco,LA CUCHILLA,25570,3734,22
Chaco,VILLA SARMIENTO,27624,3514,22
Chaco,COLONIA PUEBLO VIEJO,27653,3531,22
Chaco,COLONIA TAÃ‘IGO,27658,3733,22
Chaco,COLONIA QUEBRACHALES,27659,3733,22
Chaco,COLONIA GENERAL PAZ,27770,3530,22
Chaco,COLONIA LEANDRO N ALEM,27771,3534,22
Chaco,LOTE 18 POZO COLORADO,27772,3545,22
Chaco,COLONIA EL TIZON,27863,3733,22
Chaco,CUARTA LEGUA 14,27865,3531,22
Chaco,COLONIA CAMPO ROSSI,27877,3505,22
