Corrientes,ARROYITO,9681,3448,18
Corrientes,BELLA VISTA,9682,3432,18
Corrientes,CARRIZAL NORTE,9683,3433,18
Corrientes,CEBOLLAS,9684,3432,18
Corrientes,COLONIA 3 DE ABRIL,9685,3433,18
Corrientes,COLONIA PROGRESO,9686,3433,18
Corrientes,DESMOCHADO,9687,3441,18
Corrientes,EL CARRIZAL,9688,3432,18
Corrientes,ISLA ALTA,9689,3449,18
Corrientes,PROGRESO,9690,3432,18
Corrientes,RAICES,9691,3433,18
Corrientes,VILLA ROLLET,9692,3432,18
Corrientes,YAGUA RINCON,9693,3432,18
Corrientes,ARERUNGUA,9694,3481,18
Corrientes,BERON DE ASTRADA,9695,3481,18
Corrientes,COLONIA BERON DE ASTRADA,9696,3197,18
Corrientes,MARTINEZ CUE,9697,3481,18
Corrientes,PASO POTRERO,9699,3481,18
Corrientes,TORO PICHAY,9700,3481,18
Corrientes,VALENCIA,9701,3481,18
Corrientes,YAHAPE,9702,3412,18
Corrientes,CORRIENTES,9703,3400,18
Corrientes,LAGUNA BRAVA,9704,3401,18
Corrientes,PARAJE EL CARMEN,9705,3199,18
Corrientes,RIACHUELO,9706,3416,18
Corrientes,RIACHUELO SUD,9707,3416,18
Corrientes,SAN CAYETANO,9708,3401,18
Corrientes,BAJO GUAZU,9709,3421,18
Corrientes,BATEL,9710,3421,18
Corrientes,CARAMBOLA,9711,3423,18
Corrientes,COLONIA DORA ELENA,9712,3421,18
Corrientes,COLONIA LA HABANA,9713,3423,18
Corrientes,COLONIA LUCERO,9714,3421,18
Corrientes,COLONIA SANTA ROSA,9715,3421,18
Corrientes,CONCEPCION,9716,3423,18
Corrientes,COSTA DEL BATEL,9717,3423,18
Corrientes,EL BUEN RETIRO,9718,3423,18
Corrientes,EL CARMEN,9719,3485,18
Corrientes,EL PORVENIR,9720,3423,18
Corrientes,SAN ANTONIO DEL CAIMAN,9721,3485,18
Corrientes,SANTA ROSA,9722,3421,18
Corrientes,TABAY,9723,3421,18
Corrientes,TALITA CUE,9724,3423,18
Corrientes,TARTAGUITO,9725,3423,18
Corrientes,TATACUA,9726,3421,18
Corrientes,TRES HERMANAS,9727,3423,18
Corrientes,VIRGEN MARIA,9728,3423,18
Corrientes,YAGUARU,9729,3423,18
Corrientes,LA CRIOLLA,9730,3342,18
Corrientes,ABALO,9731,3466,18
Corrientes,ABELI,9732,3466,18
Corrientes,ABO NEZU,9733,3461,18
Corrientes,AGUAY,9734,3461,18
Corrientes,ARROYO CASCO,9735,3465,18
Corrientes,ARROYO GARAY,9736,3185,18
Corrientes,ARROYO SECO,9737,3641,18
Corrientes,BAIBIENE,9738,3466,18
Corrientes,BASUALDO,9739,3185,18
Corrientes,CASUALIDAD,9740,3461,18
Corrientes,CAZADORES CORRENTINOS,9741,3465,18
Corrientes,COLONIA ACUÃ‘A,9742,3460,18
Corrientes,COLONIA BASUALDO,9743,3185,18
Corrientes,COLONIA CHIRCAL,9744,3461,18
Corrientes,COLONIA PAIRIRI,9745,3185,18
Corrientes,COSTA ARROYO GARAY,9746,3185,18
Corrientes,CURUZU CUATIA,9747,3460,18
Corrientes,EL CEIBO,9748,3460,18
Corrientes,EL CERRO,9749,3461,18
Corrientes,EL LOTO,9750,3466,18
Corrientes,EMILIO R CONI,9751,3465,18
Corrientes,ESPERANZA,9752,3461,18
Corrientes,ESPINILLO,9753,3460,18
Corrientes,ESTRELLA,9754,3461,18
Corrientes,IBAVIYU,9755,3466,18
Corrientes,KILOMETRO 405,9756,3460,18
Corrientes,LOBORY,9757,3460,18
Corrientes,MINUANES,9758,3465,18
Corrientes,PAGO LARGO,9759,3465,18
Corrientes,PARAJE PORTILLO,9760,3185,18
Corrientes,PEDRO DIAZ COLODRERO,9761,3185,18
Corrientes,PERUGORRIA,9762,3461,18
Corrientes,RINCON DE TUNAS,9763,3185,18
Corrientes,SAN JUAN,9764,3466,18
Corrientes,SARANDI,9765,3460,18
Corrientes,PASO TALA,9766,3461,18
Corrientes,TIERRA COLORADA,9767,3460,18
Corrientes,TUNITAS,9768,3460,18
Corrientes,VACA CUA,9769,3460,18
Corrientes,YAGUARY,9770,3460,18
Corrientes,ARROYO SOLIS,9771,3401,18
Corrientes,BARTOLOME MITRE,9772,3418,18
Corrientes,COSTA GRANDE,9773,3425,18
Corrientes,EL POLLO,9774,3401,18
Corrientes,EL SOMBRERO,9775,3416,18
Corrientes,EMPEDRADO,9776,3418,18
Corrientes,KILOMETRO 451,9777,3418,18
Corrientes,KILOMETRO 462,9778,3418,18
Corrientes,KILOMETRO 494,9779,3416,18
Corrientes,KILOMETRO 501,9780,3416,18
Corrientes,KILOMETRO 504,9781,3416,18
Corrientes,LOMAS DE EMPEDRADO,9782,3418,18
Corrientes,MANUEL DERQUI,9783,3416,18
Corrientes,VILLA SAN ISIDRO,9784,3401,18
Corrientes,ABRA GUAZU,9785,3197,18
Corrientes,ALEJANDRINA,9786,3197,18
Corrientes,ARROYO SARANDI,9787,3194,18
Corrientes,ARROYO SATURNO,9788,3197,18
Corrientes,ARROYO SORO,9789,3194,18
Corrientes,ARROYO VEGA,9790,3196,18
Corrientes,BORANZA,9791,3197,18
Corrientes,BUENA VISTA,9792,3196,18
Corrientes,CAMPO BORDON,9793,3196,18
Corrientes,CAMPO CAFFERATA,9794,3196,18
Corrientes,CAMPO DE CARLOS,9795,3196,18
Corrientes,CAMPO MORATO,9796,3196,18
Corrientes,CAMPO ROMERO,9797,3196,18
Corrientes,CAMPO SAN JACINTO,9798,3196,18
Corrientes,CHACRAS NORTE,9799,3196,18
Corrientes,CHACRAS SECCION EJIDO,9800,3196,18
Corrientes,CHACRAS SUD,9801,3196,18
Corrientes,CORONEL ABRAHAM SCHWEIZER,9802,3197,18
Corrientes,CUÃ‘A SUEGRA,9803,3197,18
Corrientes,EL COQUITO,9804,3197,18
Corrientes,EL PARQUE,9805,3196,18
Corrientes,EL PORVENIR,9806,3197,18
Corrientes,EL YAPU,9807,3197,18
Corrientes,ESQUINA,9808,3196,18
Corrientes,ESTERO GRANDE,9809,3197,18
Corrientes,ESTERO SAUCE,9810,3197,18
Corrientes,ESTERO YATAY,9811,3197,18
Corrientes,GUAYQUIRARO,9812,3194,18
Corrientes,INGA,9813,3196,18
Corrientes,JESUS MARIA,9814,3196,18
Corrientes,LA AMISTAD,9815,3196,18
Corrientes,LA CONCEPCION,9816,3454,18
Corrientes,LA EMILIA,9817,3196,18
Corrientes,LA FLORENCIA,9818,3197,18
Corrientes,LA ISABEL,9819,3196,18
Corrientes,LA MOROCHA,9820,3196,18
Corrientes,LA NENA,9821,3197,18
Corrientes,LA PALMERA,9822,3197,18
Corrientes,LAS CUCHILLAS,9823,3463,18
Corrientes,LIBERTAD,9824,3196,18
Corrientes,LIBERTADOR,9825,3197,18
Corrientes,LOS ALGARROBOS,9826,3197,18
Corrientes,LOS EUCALIPTOS,9827,3197,18
Corrientes,LOS FLOTADORES,9828,3196,18
Corrientes,LOS LAURELES,9829,3199,18
Corrientes,LOS MEDIOS,9830,3197,18
Corrientes,LOS PARAISOS,9831,3197,18
Corrientes,MALVINAS,9832,3199,18
Corrientes,MALVINAS CENTRO,9833,3199,18
Corrientes,OMBU SOLO,9834,3196,18
Corrientes,PARAJE POTON,9835,3197,18
Corrientes,PASO ALGARROBO,9836,3197,18
Corrientes,PASO CEJAS,9837,3197,18
Corrientes,PUEBLITO,9838,3196,18
Corrientes,RINCON DE SARANDY,9839,3197,18
Corrientes,SAN ANTONIO,9840,3196,18
Corrientes,SAN FERNANDO,9841,3196,18
Corrientes,SAN FRANCISCO,9842,3196,18
Corrientes,SAN GUSTAVO,9843,3196,18
Corrientes,SAN JACINTO,9844,3196,18
Corrientes,SAN JUAN,9845,3196,18
Corrientes,SAN LORENZO,9846,3197,18
Corrientes,SAN LUIS,9847,3197,18
Corrientes,SAN MARTIN,9848,3197,18
Corrientes,SAN ROQUE,9849,3196,18
Corrientes,SAN VICENTE,9850,3196,18
Corrientes,SANTA ANA,9851,3197,18
Corrientes,SANTA CECILIA,9852,3196,18
Corrientes,SANTA ISABEL,9853,3197,18
Corrientes,SANTA LIBRADA,9854,3196,18
Corrientes,SANTA RITA,9855,3196,18
Corrientes,SARANDI,9856,3196,18
Corrientes,TORO CHIPAY,9857,3197,18
Corrientes,TRES BOCAS,9858,3194,18
Corrientes,VILLA CRISTIA,9859,3196,18
Corrientes,ALTAMIRA,9860,3344,18
Corrientes,ALVEAR,9861,3344,18
Corrientes,ARROYO MENDEZ,9862,3344,18
Corrientes,BATAY,9863,3344,18
Corrientes,CAMBARA,9864,3344,18
Corrientes,CONCEPCION,9865,3344,18
Corrientes,CUAY CHICO,9866,3344,18
Corrientes,2 DE julio,9867,3344,18
Corrientes,EL PARAISO,9868,3344,18
Corrientes,ESFADAL,9869,3344,18
Corrientes,ESPINILLAR,9870,3344,18
Corrientes,FLORIDA,9871,3344,18
Corrientes,KILOMETRO 393,9872,3344,18
Corrientes,KILOMETRO 394,9873,3344,18
Corrientes,KILOMETRO 396,9874,3344,18
Corrientes,LA BLANQUEADA,9875,3344,18
Corrientes,LA CHIQUITA,9876,3344,18
Corrientes,LA ELSA,9877,3344,18
Corrientes,LA ELVA,9878,3344,18
Corrientes,MORICA,9879,3344,18
Corrientes,PALMITA,9880,3344,18
Corrientes,PANCHO CUE,9881,3344,18
Corrientes,PIRACU,9882,3344,18
Corrientes,PIRAYU,9883,3344,18
Corrientes,SAN CARLOS,9884,3344,18
Corrientes,SAN JOSE,9885,3344,18
Corrientes,SAN JUAN,9886,3344,18
Corrientes,SAN PEDRO,9887,3344,18
Corrientes,SANTA ANA,9888,3344,18
Corrientes,SANTA ISABEL,9889,3344,18
Corrientes,SANTA RITA,9890,3344,18
Corrientes,TAMBO NUEVO,9891,3344,18
Corrientes,TINGUI,9892,3344,18
Corrientes,TORRENT,9893,3344,18
Corrientes,TRES CAPONES,9894,3344,18
Corrientes,AGUAY,9895,3407,18
Corrientes,ALGARROBAL,9896,3480,18
Corrientes,ALGARROBALES,9897,3407,18
Corrientes,ALTAMORA PARADA,9898,3407,18
Corrientes,ANGOSTURA,9899,3481,18
Corrientes,AYALA CUE,9900,3407,18
Corrientes,BLANCO CUE,9901,3480,18
Corrientes,CAA CATI,9902,3407,18
Corrientes,CAPILLITA,9903,3407,18
Corrientes,CERRITO,9904,3405,18
Corrientes,COLONIA BRANCHI,9905,3480,18
Corrientes,COLONIA ROMERO,9906,3481,18
Corrientes,EL PALMAR,9907,3481,18
Corrientes,IBAHAY,9908,3480,18
Corrientes,ITA IBATE,9909,3480,18
Corrientes,LA LOMA,9910,3480,18
Corrientes,LOMAS DE VALLEJOS,9911,3405,18
Corrientes,NTRA SRA DEL ROS DE CAA CATI,9912,3407,18
Corrientes,PALMAR GRANDE,9913,3405,18
Corrientes,PARAJE BARRANQUITAS,9914,3480,18
Corrientes,PASO FLORENTIN,9915,3407,18
Corrientes,PUISOYE,9916,3405,18
Corrientes,ROMERO,9917,3407,18
Corrientes,SANTA ISABEL,9918,3480,18
Corrientes,TACUARACARENDY,9919,3481,18
Corrientes,TACUARAL,9920,3405,18
Corrientes,TALATY,9921,3405,18
Corrientes,TILITA,9922,3480,18
Corrientes,TOLATU,9923,3405,18
Corrientes,VERGARA,9924,3405,18
Corrientes,VERGARA LOMAS,9925,3405,18
Corrientes,ZAPALLAR,9926,3405,18
Corrientes,ALAMO,9927,3450,18
Corrientes,ARROYO CARANCHO,9928,3450,18
Corrientes,BALENGO,9929,3450,18
Corrientes,BAÃ‘ADO SAN ANTONIO,9930,3454,18
Corrientes,BUENA ESPERANZA,9931,3454,18
Corrientes,BUENA VISTA,9932,3454,18
Corrientes,CAMPO ARAUJO,9933,3450,18
Corrientes,CAMPO ESCALADA,9934,3450,18
Corrientes,CASUALIDAD,9935,3450,18
Corrientes,COLONIA CAROLINA,9936,3451,18
Corrientes,GOYA,9937,3450,18
Corrientes,IFRAN,9938,3453,18
Corrientes,ISABEL VICTORIA,9939,3453,18
Corrientes,LUJAN,9940,3450,18
Corrientes,MARUCHAS,9941,3451,18
Corrientes,MORA,9942,3451,18
Corrientes,PAGO REDONDO,9943,3451,18
Corrientes,PASO RUBIO,9944,3451,18
Corrientes,PASO SAN JUAN,9945,3454,18
Corrientes,PASO SANTA ROSA,9946,3450,18
Corrientes,PUERTO GOYA,9947,3451,18
Corrientes,SAN ALEJO,9948,3454,18
Corrientes,SAN ISIDRO,9949,3454,18
Corrientes,SAN MANUEL,9950,3454,18
Corrientes,SAN MARCOS,9951,3454,18
Corrientes,SAN MARTIN,9952,3450,18
Corrientes,SANTILLAN,9953,3450,18
Corrientes,TRES BOCAS,9954,3454,18
Corrientes,ABRA,9955,3414,18
Corrientes,CURUZU,9956,3414,18
Corrientes,GUAYU,9957,3412,18
Corrientes,ISLA IBATE,9958,3412,18
Corrientes,ITATI,9959,3414,18
Corrientes,LA UNION,9960,3414,18
Corrientes,RAMADA PASO,9961,3412,18
Corrientes,TUYUTI,9962,3412,18
Corrientes,YACAREY,9963,3412,18
Corrientes,AGUAPEY,9964,3306,18
Corrientes,AGUARA CUA,9965,3302,18
Corrientes,APIPE GRANDE,9966,3302,18
Corrientes,BOQUERON,9967,3302,18
Corrientes,BUENA VISTA,9968,3302,18
Corrientes,CAA GARAY,9969,3302,18
Corrientes,COLONIA LIEBIGS,9970,3358,18
Corrientes,DOS HERMANOS,9971,3358,18
Corrientes,EL SOCORRO,9972,3358,18
Corrientes,ESTABLECIMIENTO LA MERCED,9973,3358,18
Corrientes,ISLA APIPE CHICO,9974,3302,18
Corrientes,ITUZAINGO,9975,3302,18
Corrientes,LA PUPII,9976,3358,18
Corrientes,OJO DE AGUA,9977,3306,18
Corrientes,OMBU,9978,3302,18
Corrientes,PLAYADITO,9979,3358,18
Corrientes,PORVENIR,9980,3306,18
Corrientes,PUERTO VALLE,9981,3302,18
Corrientes,RINCON ITAEMBE,9982,3300,18
Corrientes,SAN ANTONIO,9983,3302,18
Corrientes,SAN BORJITA,9984,3300,18
Corrientes,SAN CARLOS,9985,3306,18
Corrientes,SAN JOAQUIN,9986,3302,18
Corrientes,SANTA ROSA,9987,3358,18
Corrientes,SANTO TOMAS,9988,3306,18
Corrientes,VILLA OLIVARI,9989,3486,18
Corrientes,ALGARROBO,9990,3441,18
Corrientes,BARRIO VILLA CORDOBA,9991,3440,18
Corrientes,COLONIA CECILIO ECHEVERRIA,9992,3440,18
Corrientes,COLONIA GENERAL FERRE,9993,3440,18
Corrientes,COLONIA MENDEZ BAR,9994,3443,18
Corrientes,CRUZ DE LOS MILAGROS,9995,3441,18
Corrientes,GOBERNADOR JUAN E MARTINEZ,9996,3445,18
Corrientes,LA BOLSA,9997,3443,18
Corrientes,LAVALLE,9998,3443,18
Corrientes,QUINTA TERESA,9999,3440,18
Corrientes,RINCON DE SOTO,10000,3443,18
Corrientes,SALADERO SAN ANTONIO,10001,3443,18
Corrientes,SAN ANTONIO,10002,3445,18
Corrientes,SAN EUGENIO,10003,3440,18
Corrientes,SAN LUIS,10004,3445,18
Corrientes,SANTA LUCIA,10005,3445,18
Corrientes,VEDOYA,10006,3445,18
Corrientes,VILLA AQUINO,10007,3440,18
Corrientes,VILLA CORDOBA,10008,3440,18
Corrientes,YATAYTI CALLE,10009,3445,18
Corrientes,YATAY,10010,3445,18
Corrientes,ABRA,10011,3427,18
Corrientes,ARROYITO,10012,3427,18
Corrientes,BUENA VISTA,10013,3427,18
Corrientes,CAMPO CARDOZO,10014,3427,18
Corrientes,LOMA ALTA,10015,3425,18
Corrientes,MANANTIALES,10016,3427,18
Corrientes,MBURUCUYA,10017,3427,18
Corrientes,PASO AGUIRRE,10018,3427,18
Corrientes,SAN JUAN,10019,3427,18
Corrientes,SAN LORENZO,10020,3427,18
Corrientes,SANTA ANA,10021,3427,18
Corrientes,SANTA TERESA,10022,3427,18
Corrientes,TOROS CORA,10023,3427,18
Corrientes,VELOSO,10024,3427,18
Corrientes,ALEN CUE,10025,3471,18
Corrientes,ALFONSO LOMAS,10026,3471,18
Corrientes,ARBOL SOLO,10027,3230,18
Corrientes,BAYGORRIA,10028,3230,18
Corrientes,BOQUERON,10029,3471,18
Corrientes,CAAGUAZU,10030,3472,18
Corrientes,CAPITA MINI,10031,3472,18
Corrientes,CAPITAN JOAQUIN MADARIAGA,10032,3465,18
Corrientes,EL CERRITO,10033,3472,18
Corrientes,EL PILAR,10034,3472,18
Corrientes,EL REMANSO,10035,3476,18
Corrientes,FELIPE YOFRE,10036,3472,18
Corrientes,ITA CORA,10037,3470,18
Corrientes,ITA PUCU,10038,3470,18
Corrientes,ITATI RINCON,10039,3470,18
Corrientes,KILOMETRO 261,10040,3476,18
Corrientes,LA AGRIPINA,10041,3476,18
Corrientes,LA AURORA,10042,3472,18
Corrientes,LA BELERMINA,10043,3470,18
Corrientes,LA CARLOTA,10044,3472,18
Corrientes,LA HAYDEE,10045,3230,18
Corrientes,LAS ELINAS,10046,3472,18
Corrientes,LAS ROSAS,10047,3472,18
Corrientes,MARIANO I LOZA EST SOLARI,10048,3476,18
Corrientes,MERCEDES,10049,3470,18
Corrientes,PAY UBRE CHICO,10050,3470,18
Corrientes,RINCON DE YAGUARY,10051,3460,18
Corrientes,TACURAL MERCEDES,10052,3471,18
Corrientes,UGUAY,10053,3471,18
Corrientes,YUQUERI,10054,3470,18
Corrientes,ACUÃ‘A,10055,3466,18
Corrientes,ARROYO MANGANGA,10056,3220,18
Corrientes,ARROYO TIMBOY,10057,3220,18
Corrientes,ARROYO TOTORAS,10058,3220,18
Corrientes,BUEN RETIRO,10059,3222,18
Corrientes,CAMBA CUA,10060,3222,18
Corrientes,CASUARINA,10061,3222,18
Corrientes,CHACRAS 1A SECCION,10062,3220,18
Corrientes,CHACRAS 2A SECCION,10063,3220,18
Corrientes,CHACRAS 3A SECCION,10064,3220,18
Corrientes,CHACRAS 4A SECCION,10065,3220,18
Corrientes,CHIRCAL,10066,3220,18
Corrientes,COLONIA LIBERTAD,10067,3224,18
Corrientes,EL CEIBO,10068,3220,18
Corrientes,EL CHIRCAL,10069,3220,18
Corrientes,EL PORVENIR COLONIA LIBERTAD,10070,3224,18
Corrientes,ESTACION LIBERTAD,10071,3224,18
Corrientes,ESTE ARGENTINO,10072,3220,18
Corrientes,INDEPENDENCIA,10073,3222,18
Corrientes,JUAN PUJOL,10074,3222,18
Corrientes,KILOMETRO 104,10075,3226,18
Corrientes,KILOMETRO 134,10076,3222,18
Corrientes,KILOMETRO 148,10077,3405,18
Corrientes,KILOMETRO 161,10078,3220,18
Corrientes,KILOMETRO 167,10079,3220,18
Corrientes,KILOMETRO 173,10080,3220,18
Corrientes,KILOMETRO 182,10081,3224,18
Corrientes,LA FLOR,10082,3222,18
Corrientes,LA FLORIDA,10083,3220,18
Corrientes,LA PALMA,10084,3224,18
Corrientes,MIRA FLORES,10085,3222,18
Corrientes,MOCORETA,10086,3226,18
Corrientes,MONTE CASEROS,10087,3220,18
Corrientes,MOTA,10088,3222,18
Corrientes,PARADA LABOUGLE,10089,3222,18
Corrientes,PILINCHO,10090,3222,18
Corrientes,PUERTO JUAN DE DIOS,10091,3226,18
Corrientes,SAN ANDRES,10092,3226,18
Corrientes,SAN ANTONIO,10093,3222,18
Corrientes,SAN FERMIN,10094,3222,18
Corrientes,SAN FERNANDO,10095,3222,18
Corrientes,SAN GREGORIO,10096,3226,18
Corrientes,SAN JOSE EST LIBERTAD DP,10097,3224,18
Corrientes,SAN LUIS EST LIBERTAD DP,10098,3224,18
Corrientes,SAN MIGUEL ESTACION LIBERTAD,10099,3224,18
Corrientes,SAN SALVADOR,10100,3222,18
Corrientes,SANTA LEA,10101,3224,18
Corrientes,SANTA MAGDALENA,10102,3222,18
Corrientes,SANTA MARTA,10103,3224,18
Corrientes,SANTA RITA,10104,3222,18
Corrientes,SANTO DOMINGO,10105,3222,18
Corrientes,TACUABE,10106,3222,18
Corrientes,TALLERES,10107,3220,18
Corrientes,TIMBOY,10108,3222,18
Corrientes,VILLA LA FLORIDA,10109,3220,18
Corrientes,BONPLAND,10110,3234,18
Corrientes,EL PROGRESO,10111,3230,18
Corrientes,KILOMETRO 204,10112,3232,18
Corrientes,KILOMETRO 235,10113,3234,18
Corrientes,KILOMETRO 268,10114,3230,18
Corrientes,LA AMELIA,10115,3230,18
Corrientes,LA COLORADA,10116,3230,18
Corrientes,LA CONSTANCIA,10117,3230,18
Corrientes,LA ELENA,10118,3230,18
Corrientes,LA VERDE,10119,3230,18
Corrientes,LOS PINOS,10120,3230,18
Corrientes,MADARIAGA,10121,3230,18
Corrientes,MIRADOR,10122,3230,18
Corrientes,MIRUNGA,10123,3231,18
Corrientes,NUEVA ESPERANZA,10124,3230,18
Corrientes,NUEVA PALMIRA,10125,3230,18
Corrientes,OMBUCITO,10126,3230,18
Corrientes,PALMAR,10127,3230,18
Corrientes,PALMITA,10128,3230,18
Corrientes,PARADA PUCHETA,10129,3232,18
Corrientes,PASO DE LOS LIBRES,10130,3230,18
Corrientes,PASO LEDESMA,10131,3234,18
Corrientes,QUINTA SECCION OMBUCITO,10132,3230,18
Corrientes,QUIYATI,10133,3230,18
Corrientes,RECREO,10134,3230,18
Corrientes,REDUCCION,10135,3230,18
Corrientes,SAN ANTONIO,10136,3234,18
Corrientes,SAN CARLOS,10137,3230,18
Corrientes,SAN FELIPE,10138,3230,18
Corrientes,SAN FRANCISCO,10139,3232,18
Corrientes,SAN IGNACIO,10140,3232,18
Corrientes,SAN JOAQUIN,10141,3230,18
Corrientes,SAN JUAN,10142,3230,18
Corrientes,SAN PALADIO,10143,3230,18
Corrientes,SAN PEDRO,10144,3230,18
Corrientes,SAN ROQUITO,10145,3471,18
Corrientes,SAN SALVADOR,10146,3471,18
Corrientes,SANTA EMILIA,10147,3232,18
Corrientes,SANTA ISABEL,10148,3230,18
Corrientes,SANTA RITA PARADA PUCHETA,10149,3232,18
Corrientes,TAPEBICUA,10150,3232,18
Corrientes,TRES HOJAS,10151,3230,18
Corrientes,TRISTAN CHICO,10152,3230,18
Corrientes,YAPEYU,10153,3232,18
Corrientes,ARROYO AMBROSIO,10154,3420,18
Corrientes,CNIA OFICIAL JUAN BAUTISTA,10155,3420,18
Corrientes,ESTACION SALADAS,10156,3428,18
Corrientes,KILOMETRO 406,10157,3420,18
Corrientes,KILOMETRO 431,10158,3428,18
Corrientes,PAGO ALEGRE,10159,3425,18
Corrientes,PAGO DE LOS DESEOS,10160,3425,18
Corrientes,PINDONCITO,10161,3420,18
Corrientes,RINCON DE AMBROSIO,10162,3416,18
Corrientes,SALADAS,10163,3420,18
Corrientes,SAN LORENZO,10164,3416,18
Corrientes,ARROYO SAN JUAN,10165,3409,18
Corrientes,COLONIA M ABERASTURY,10166,3409,18
Corrientes,COSTA TOLEDO,10167,3409,18
Corrientes,EL PELON,10168,3401,18
Corrientes,MATILDE,10169,3412,18
Corrientes,PASO DE LA PATRIA,10170,3409,18
Corrientes,PUERTO ARAZA,10171,3409,18
Corrientes,SAN COSME,10172,3412,18
Corrientes,SANTA ANA,10173,3401,18
Corrientes,SANTA RITA,10174,3412,18
Corrientes,SANTO DOMINGO,10175,3412,18
Corrientes,SOCORRO,10176,3412,18
Corrientes,SOLEDAD,10177,3412,18
Corrientes,VILLAGA CUE,10178,3412,18
Corrientes,CERRUDO CUE,10179,3403,18
Corrientes,COSTA GRANDE,10180,3403,18
Corrientes,HERLITZKA,10181,3403,18
Corrientes,LOMAS DE AGUIRRE,10182,3405,18
Corrientes,LOMAS DE GONZALEZ,10183,3403,18
Corrientes,SAN LUIS DEL PALMAR,10184,3403,18
Corrientes,BUENA VISTA,10185,3471,18
Corrientes,COLONIA AROCENA INA,10186,3231,18
Corrientes,COLONIA CARLOS PELLEGRINI,10187,3471,18
Corrientes,GUAVIRAVI,10188,3232,18
Corrientes,LA CRUZ,10189,3346,18
Corrientes,LOS MANANTIALES,10190,3230,18
Corrientes,LOS TRES CERROS,10191,3346,18
Corrientes,SAN GABRIEL,10192,3346,18
Corrientes,SANTA ELISA,10193,3230,18
Corrientes,TRES CERROS,10194,3346,18
Corrientes,YAPEYU,10195,3231,18
Corrientes,YURUCUA,10196,3346,18
Corrientes,BARRANQUERAS,10197,3480,18
Corrientes,COLONIA CAIMAN,10198,3485,18
Corrientes,COLONIA SAN ANTONIO,10199,3485,18
Corrientes,INFANTE,10200,3483,18
Corrientes,LA ANGELA,10201,3483,18
Corrientes,LA PACHINA,10202,3483,18
Corrientes,LAPACHO,10203,3483,18
Corrientes,LOMAS SAN JUAN,10204,3483,18
Corrientes,LORETO,10205,3483,18
Corrientes,Ã‘URUGUAY,10206,3483,18
Corrientes,OMBU,10207,3485,18
Corrientes,PALMA SOLA,10208,3485,18
Corrientes,SAN MIGUEL,10209,3485,18
Corrientes,SAN NICOLAS,10210,3485,18
Corrientes,SAN SEBASTIAN,10211,3483,18
Corrientes,SANTA ISABEL,10212,3485,18
Corrientes,SILVERO CUE,10213,3485,18
Corrientes,TACUARAL,10214,3485,18
Corrientes,TACUAREMBO,10215,3485,18
Corrientes,TAPE RATI,10216,3485,18
Corrientes,TIMBO PASO,10217,3483,18
Corrientes,VERON CUE,10218,3485,18
Corrientes,YATAYTI POI,10219,3485,18
Corrientes,YATAYTI SATA,10220,3485,18
Corrientes,YTA PASO,10221,3483,18
Corrientes,YUQUERI,10222,3483,18
Corrientes,9 DE julio,10223,3445,18
Corrientes,ALAMO,10224,3448,18
Corrientes,ALGARROBAL,10225,3445,18
Corrientes,ARROYO GONZALEZ,10226,3445,18
Corrientes,ARROYO PAISO,10227,3445,18
Corrientes,BAJO GRANDE,10228,3445,18
Corrientes,BARRIO ALGARROBO,10229,3445,18
Corrientes,BOLICHE LATA,10230,3449,18
Corrientes,CAAYOBAY,10231,3448,18
Corrientes,CAÃ‘ADA MALA,10232,3448,18
Corrientes,CARAYA,10233,3448,18
Corrientes,CERRITO,10234,3445,18
Corrientes,CHAVARRIA,10235,3474,18
Corrientes,COLONIA PANDO,10236,3449,18
Corrientes,ESTANCIA LAS SALINAS,10237,3474,18
Corrientes,KILOMETRO 374,10238,3446,18
Corrientes,KILOMETRO 387,10239,3446,18
Corrientes,LA LUISA,10240,3446,18
Corrientes,MANUEL FLORENCIO MANTILLA,10241,3446,18
Corrientes,NARANJITO,10242,3448,18
Corrientes,NUEVA ESPERANZA,10243,3474,18
Corrientes,OSCURO,10244,3474,18
Corrientes,PASO LUCERO,10245,3423,18
Corrientes,PEDRO R FERNANDEZ,10246,3446,18
Corrientes,PIEDRITA,10247,3222,18
Corrientes,SAN DIEGO,10248,3446,18
Corrientes,SAN PEDRO,10249,3474,18
Corrientes,SAN RAFAEL,10250,3446,18
Corrientes,SAN ROQUE,10251,3448,18
Corrientes,SAN SEBASTIAN,10252,3448,18
Corrientes,SANTA SINFOROSA,10253,3446,18
Corrientes,SANTIAGO ALCORTA,10254,3446,18
Corrientes,SANTO DOMINGO,10255,3449,18
Corrientes,SANTO TOMAS,10256,3448,18
Corrientes,TATACUA,10257,3448,18
Corrientes,TIMBO,10258,3448,18
Corrientes,URUGUAY,10259,3474,18
Corrientes,YACARE,10260,3446,18
Corrientes,YAZUCA,10261,3448,18
Corrientes,AGUAPEY,10262,3342,18
Corrientes,CAA GARAY GDOR VIRASORO,10263,3342,18
Corrientes,CAABY POY,10264,3342,18
Corrientes,CARABI POY,10265,3342,18
Corrientes,CASUALIDAD,10266,3340,18
Corrientes,CAU GARAY,10267,3342,18
Corrientes,CAZA PAVA,10268,3342,18
Corrientes,JOSE RAFAEL GOMEZ,10269,3342,18
Corrientes,COLONIA JOSE R GOMEZ,10270,3340,18
Corrientes,CORONEL DESIDERIO SOSA,10271,3342,18
Corrientes,CUAY GRANDE,10272,3344,18
Corrientes,EL CARMEN,10273,3342,18
Corrientes,GALARZA CUE,10274,3340,18
Corrientes,GARRUCHOS,10275,3351,18
Corrientes,GOBERNADOR VIRASORO,10276,3342,18
Corrientes,GOMEZ CUE,10277,3340,18
Corrientes,IBERA,10278,3342,18
Corrientes,ISLA GRANDE,10279,3342,18
Corrientes,KILOMETRO 442,10280,3340,18
Corrientes,KILOMETRO 459,10281,3340,18
Corrientes,KILOMETRO 470,10282,3342,18
Corrientes,KILOMETRO 475,10283,3342,18
Corrientes,KILOMETRO 479,10284,3342,18
Corrientes,KILOMETRO 489,10285,3342,18
Corrientes,KILOMETRO 506,10286,3342,18
Corrientes,KILOMETRO 517,10287,3342,18
Corrientes,LAS RATAS,10288,3342,18
Corrientes,PUERTO HORMIGUERO,10289,3340,18
Corrientes,RINCON DE MERCEDES,10290,3351,18
Corrientes,SAN ALONSO,10291,3342,18
Corrientes,SAN JUSTO,10292,3342,18
Corrientes,SAN VICENTE,10293,3342,18
Corrientes,SANTO TOME,10294,3340,18
Corrientes,SOSA,10295,3342,18
Corrientes,TAREIRI,10296,3342,18
Corrientes,VUELTA DEL OMBU,10297,3342,18
Corrientes,CAÃ‘ADITAS,10298,3463,18
Corrientes,LINDA VISTA,10299,3463,18
Corrientes,LOS EUCALIPTOS,10300,3463,18
Corrientes,SAN LUIS,10301,3463,18
Corrientes,SAUCE,10302,3463,18
Corrientes,SERIANO CUE,10303,3463,18
Corrientes,CHACRAS,17084,3432,18
Corrientes,EL TORO PI,17121,3432,18
Corrientes,ESTACION AGRONOMICA,17124,3432,18
Corrientes,KILOMETRO 402,17126,3448,18
Corrientes,LAS GARZAS,17128,3432,18
Corrientes,LOMAS,17130,3432,18
Corrientes,LOMAS ESTE,17131,3432,18
Corrientes,MACEDO,17133,3432,18
Corrientes,MARTIN,17142,3432,18
Corrientes,ROMERO CUAZU,17156,3432,18
Corrientes,SAN FERNANDO,17161,3432,18
Corrientes,YUQUERI,17172,3432,18
Corrientes,CARRIZAL,17194,3432,18
Corrientes,BEDOYA,17227,3412,18
Corrientes,COLONIA,17233,3481,18
Corrientes,ESTANCIA LA CARMENCHA,17239,3481,18
Corrientes,ESTANCIA MBOTA,17251,3481,18
Corrientes,ESTANCIA SAN ANTONIO,17259,3481,18
Corrientes,ISLA TACUARA,17263,3481,18
Corrientes,MBARIGUI,17281,3481,18
Corrientes,PALMAR ARERUNGUA,17287,3481,18
Corrientes,PIRAYU,17292,3481,18
Corrientes,PUESTO DE ISLA,17295,3487,18
Corrientes,RINCON,17299,3481,18
Corrientes,RUIZ CUE,17302,3481,18
Corrientes,TORO I,17308,3481,18
Corrientes,BAÃ‘ADO NORTE,17315,3400,18
Corrientes,BAÃ‘ADO SUR,17317,3400,18
Corrientes,CAÃ‘ADA QUIROZ,17319,3401,18
Corrientes,CARABAJAL ESTE,17325,3416,18
Corrientes,COLONIA ARROCERA,17327,3416,18
Corrientes,COLONIA NUEVA VALENCIA,17331,3416,18
Corrientes,DOCTOR FELIX MARIA GOMEZ,17342,3400,18
Corrientes,GARRIDO CUE,17344,3416,18
Corrientes,KILOMETRO 13,17347,3401,18
Corrientes,KILOMETRO 512,17348,3416,18
Corrientes,KILOMETRO 516,17349,3416,18
Corrientes,LAGUNA PAIVA,17351,3401,18
Corrientes,LAGUNA SOTO,17352,3401,18
Corrientes,LOMAS SAN CAYETANO,17353,3401,18
Corrientes,MATADERO SANTA CATALINA,17354,3416,18
Corrientes,PALMERA,17357,3401,18
Corrientes,PARQUE SAN MARTIN,17359,3400,18
Corrientes,PASO LOVERA,17360,3401,18
Corrientes,PASO PESOA,17361,3401,18
Corrientes,RINCON DEL SOMBRERO,17362,3416,18
Corrientes,VILLA EL DORADO,17363,3400,18
Corrientes,VILLA JUAN DE VERA,17364,3400,18
Corrientes,VILLA SOLARI,17365,3401,18
Corrientes,PAMPIN,17366,3401,18
Corrientes,ARAÃ‘ITA,17409,3423,18
Corrientes,BATARA,17412,3423,18
Corrientes,CAIMAN,17413,3423,18
Corrientes,CAPILLA CUE,17418,3423,18
Corrientes,COLONIA JACOBO FINH,17423,3423,18
Corrientes,COLONIA TATACUA,17462,3423,18
Corrientes,EL YUQUERI,17472,3423,18
Corrientes,ESTANCIA SAN ROBERTO,17474,3423,18
Corrientes,ESTANCIA SANTA MARIA,17475,3423,18
Corrientes,IGUATE PORA,17476,3423,18
Corrientes,LA ANGELITA,17477,3423,18
Corrientes,LA AURORA,17478,3423,18
Corrientes,LA PEPITA,17479,3423,18
Corrientes,LOS ANGELES,17480,3423,18
Corrientes,LUJAMBIO,17482,3423,18
Corrientes,MONTEVIDEO,17483,3423,18
Corrientes,NUEVO PORVENIR,17484,3423,18
Corrientes,PALMAR,17485,3423,18
Corrientes,PARAJE FLORIDA,17486,3423,18
Corrientes,PASO IRIBU CUA,17487,3423,18
Corrientes,PINDO,17489,3421,18
Corrientes,PORVENIR,17490,3423,18
Corrientes,SAN AGUSTIN,17492,3423,18
Corrientes,SAN FRANCISCO,17493,3423,18
Corrientes,SAN JOSE,17495,3423,18
Corrientes,SAN JUAN,17496,3423,18
Corrientes,SAN NICANOR,17498,3423,18
Corrientes,SAN NICOLAS,17499,3421,18
Corrientes,SANTA MARIA,17500,3423,18
Corrientes,SANTA RITA,17502,3423,18
Corrientes,SAUCE,17503,3423,18
Corrientes,TAJIBO,17505,3423,18
Corrientes,ARROYO CASTILLO,17551,3460,18
Corrientes,CASILLAS,17679,3460,18
Corrientes,CAPIRARI,17682,3465,18
Corrientes,CHAQUITO,17689,3465,18
Corrientes,EL Ã‘ANDUBAY,17694,3460,18
Corrientes,ESTANCIA EL CHAÃ‘AR,17715,3460,18
Corrientes,ESTANCIA LOS PARAISOS,17728,3460,18
Corrientes,ESTANCIA SAN JULIO,17730,3460,18
Corrientes,GUAYCURU,17735,3465,18
Corrientes,LA CAÃ‘ADA,17739,3460,18
Corrientes,LA CAUTIVA,17746,3460,18
Corrientes,LA FLOR,17750,3461,18
Corrientes,LA FLORENTINA,17755,3461,18
Corrientes,LA FORTUNA,17758,3461,18
Corrientes,LA LEONTINA,17761,3466,18
Corrientes,LABORY,17764,3460,18
Corrientes,LAS LOMAS,17768,3461,18
Corrientes,LAS VIOLETAS,17773,3466,18
Corrientes,LOS TRES AMIGOS,17778,3461,18
Corrientes,MARIA,17780,3461,18
Corrientes,NINA,17818,3461,18
Corrientes,NUEVA GRANADA,17824,3461,18
Corrientes,PALMITAS,17828,3461,18
Corrientes,PARAISO,17832,3460,18
Corrientes,PASO DE LAS PIEDRAS,17853,3460,18
Corrientes,PASO LOPEZ,17861,3460,18
Corrientes,PUENTE AVALOS,17865,3461,18
Corrientes,RINCON,17866,3460,18
Corrientes,SAN CELESTINO,17870,3466,18
Corrientes,SAN PEDRO,17877,3461,18
Corrientes,SAN RAFAEL,17879,3461,18
Corrientes,SANTA MARIA,17883,3466,18
Corrientes,SANTA ROSA,17885,3466,18
Corrientes,BERNACHEA,17986,3418,18
Corrientes,CAÃ‘ADA BURGOS,17990,3418,18
Corrientes,COLONIA BROUGNES,17996,3418,18
Corrientes,COSTA DE EMPEDRADO,18000,3416,18
Corrientes,EMPEDRADO LIMPIO,18004,3418,18
Corrientes,KILOMETRO 476,18008,3416,18
Corrientes,KILOMETRO 485,18011,3416,18
Corrientes,KILOMETRO 492,18018,3416,18
Corrientes,MANSION DE INVIERNO,18024,3418,18
Corrientes,OCANTO CUE,18026,3418,18
Corrientes,PAGO POI,18029,3418,18
Corrientes,PUEBLITO SAN JUAN,18034,3416,18
Corrientes,RAMONES,18040,3427,18
Corrientes,SECCION PRIMERA SAN JUAN,18046,3416,18
Corrientes,VILLA SAN JUAN,18050,3418,18
Corrientes,PEHUAHO,18052,3416,18
Corrientes,SANTA TECLA,18240,3302,18
Corrientes,PUERTO UBAJAY,18310,3302,18
Corrientes,PILINCHO,18313,3302,18
Corrientes,LOS LAURELES,18314,3302,18
Corrientes,CAABI POI,18317,3463,18
Corrientes,CAMBIRETA,18318,3302,18
Corrientes,EL PLATA,18319,3302,18
Corrientes,CABRAL,19037,3196,18
Corrientes,EL CARMEN,19038,3196,18
Corrientes,ESTANCIA CAFFERATTA,19039,3196,18
Corrientes,ESTANCIA EL CARMEN,19041,3196,18
Corrientes,ESTANCIA LAGUNA LIMPIA,19044,3196,18
Corrientes,ESTANCIA MARQUEZ LUI,19050,3196,18
Corrientes,LA CASUALIDAD,19055,3196,18
Corrientes,MALEZAL,19063,3196,18
Corrientes,MALVINAS NORTE,19068,3196,18
Corrientes,MALVINAS SUR,19069,3199,18
Corrientes,ESTANCIA LA LOMA,19119,3344,18
Corrientes,ESTANCIA LAS MAGNOLIAS,19124,3344,18
Corrientes,ESTANCIA LAS TUNAS,19126,3344,18
Corrientes,LA LOMA,19140,3344,18
Corrientes,LA MAGNOLIA,19144,3344,18
Corrientes,LAS MERCEDES,19147,3344,18
Corrientes,LAS PALMAS,19149,3344,18
Corrientes,LAS PALMITAS,19152,3344,18
Corrientes,LAS PALMIRAS,19162,3344,18
Corrientes,LOS ARBOLES,19165,3344,18
Corrientes,MALEZAL,19167,3344,18
Corrientes,MIRA FLORES,19169,3344,18
Corrientes,PARAJE SAN ISIDRO,19174,3454,18
Corrientes,CAÃ‘ADA GRANDE,19198,3405,18
Corrientes,CHIRCAL,19203,3407,18
Corrientes,COLONIA AMADEI,19207,3407,18
Corrientes,COLONIA DANUZZO,19209,3407,18
Corrientes,COLONIA DURAZNO,19210,3407,18
Corrientes,COLONIA FLORENCIA,19231,3407,18
Corrientes,COLONIA JUAN PUJOL,19232,3405,18
Corrientes,COLONIA PUCHETA,19233,3450,18
Corrientes,COLONIA SAN MARTIN,19234,3407,18
Corrientes,COLONIA TACUARALITO,19237,3407,18
Corrientes,COSTA SANTA LUCIA,19244,3405,18
Corrientes,COSTAS,19247,3407,18
Corrientes,EL SALVADOR,19251,3407,18
Corrientes,FERNANDEZ,19256,3405,18
Corrientes,FRONTERA,19257,3405,18
Corrientes,GENERAL PAZ,19259,3407,18
Corrientes,KILOMETRO 151,19262,3405,18
Corrientes,LA FLECHA,19264,3405,18
Corrientes,LA JAULA,19265,3407,18
Corrientes,LA PARADA,19269,3405,18
Corrientes,LOMA ALTA,19271,3405,18
Corrientes,LOMA VILLANUEVA,19274,3407,18
Corrientes,LOMAS DE VERGARA,19276,3405,18
Corrientes,LOMAS RAMIREZ,19278,3405,18
Corrientes,LOMAS REDONDAS,19281,3407,18
Corrientes,LOMAS VAZQUEZ,19284,3405,18
Corrientes,LOS VENCES,19290,3405,18
Corrientes,MALOYITA,19293,3405,18
Corrientes,NARANJATY,19296,3405,18
Corrientes,OBRAJE CUE,19299,3405,18
Corrientes,OMBU LOMAS,19302,3405,18
Corrientes,PASO GALLEGO,19303,3407,18
Corrientes,PASO SALDAÃ‘A,19304,3407,18
Corrientes,PUESTO LATA,19305,3480,18
Corrientes,PUNTA GRANDE,19306,3427,18
Corrientes,RINCON DE VENCES,19307,3407,18
Corrientes,RINCON ZALAZAR,19308,3405,18
Corrientes,RODEITO,19309,3405,18
Corrientes,ROSADITO,19311,3407,18
Corrientes,TIMBO CORA,19316,3407,18
Corrientes,VILLA SAN RAMON,19319,3407,18
Corrientes,ZAPALLOS,19323,3407,18
Corrientes,BATELITO,19326,3451,18
Corrientes,COLONIA LA CARMEN,19329,3451,18
Corrientes,COLONIA MERCEDES COSSIO,19333,3450,18
Corrientes,COLONIA PORVENIR,19337,3451,18
Corrientes,COLONIA ROLON COSSIO,19339,3450,18
Corrientes,COLONIA SAUCE,19342,3450,18
Corrientes,CORONA,19346,3450,18
Corrientes,CURTIEMBRE,19348,3450,18
Corrientes,EL ROSARIO,19351,3450,18
Corrientes,EL TATARE,19354,3454,18
Corrientes,EL TRANSITO,19356,3454,18
Corrientes,FANEGAS,19357,3454,18
Corrientes,GRANJA AMELIA,19358,3450,18
Corrientes,ISLA SOLA,19361,3450,18
Corrientes,ITA CURUBI,19363,3450,18
Corrientes,LA CARLINA,19367,3454,18
Corrientes,LA CELIA,19369,3454,18
Corrientes,LA CRUZ,19372,3454,18
Corrientes,LA DIANA,19375,3454,18
Corrientes,LA ELVIRA,19377,3454,18
Corrientes,LAGUNA PUCU,19378,3450,18
Corrientes,LOS CEIBOS,19381,3454,18
Corrientes,MANCHITA,19384,3453,18
Corrientes,MARUCHITAS,19386,3450,18
Corrientes,MASDEU ESCUELA 197,19390,3453,18
Corrientes,Ã‘AEMBE,19394,3453,18
Corrientes,8 DE diciembre,19395,3450,18
Corrientes,PASO BANDERA,19397,3454,18
Corrientes,PASO CORONEL,19398,3450,18
Corrientes,PASO LOS ANGELES,19403,3454,18
Corrientes,PUENTE MACHUCA,19405,3454,18
Corrientes,PUNTA IFRAN,19411,3453,18
Corrientes,RANEGAS,19413,3450,18
Corrientes,REMANSO,19416,3450,18
Corrientes,RINCON DE GOMEZ,19418,3450,18
Corrientes,RINCON DE PAGO,19422,3451,18
Corrientes,ROLON JACINTO,19425,3450,18
Corrientes,SAN DIONISIO,19428,3450,18
Corrientes,SAN GREGORIO,19430,3450,18
Corrientes,SAN PEDRO,19435,3451,18
Corrientes,SOLEDAD,19437,3450,18
Corrientes,TARTARIA,19440,3450,18
Corrientes,VILLA ROLON,19449,3451,18
Corrientes,CHILECITO,19450,3412,18
Corrientes,CORSA CUE,19451,3414,18
Corrientes,LA PALMIRA,19452,3414,18
Corrientes,MBALGUIAPU,19454,3414,18
Corrientes,PARAJE IRIBU CUA,19455,3412,18
Corrientes,SAN FRANCISCO CUE,19457,3414,18
Corrientes,SAN ISIDRO,19460,3414,18
Corrientes,SAN JOSE,19463,3414,18
Corrientes,SAN SALVADOR,19466,3414,18
Corrientes,YAGUA ROCAU,19470,3414,18
Corrientes,CENTINELA,19477,3302,18
Corrientes,COLONIA SAN ANTONIO,19481,3302,18
Corrientes,COLONIA URDANIZ,19483,3302,18
Corrientes,COSTA GUAZU,19485,3302,18
Corrientes,EL CENTINELA,19488,3302,18
Corrientes,EMPEDRADO LIMPIO,19490,3302,18
Corrientes,ESTANCIA SAN JAVIER,19492,3302,18
Corrientes,FLORIDA,19495,3302,18
Corrientes,GARCITAS,19498,3302,18
Corrientes,IBIRITANGAY,19501,3302,18
Corrientes,LA CELESTE,19506,3302,18
Corrientes,LA HILEORICA,19513,3302,18
Corrientes,LAS ANIMAS,19518,3302,18
Corrientes,LAS DELICIAS,19521,3302,18
Corrientes,LAS TRES HERMANAS,19522,3302,18
Corrientes,LOS TRES HERMANOS,19535,3302,18
Corrientes,PASO TIRANTE,19536,3302,18
Corrientes,PUERTO NARANJITO,19538,3302,18
Corrientes,PUNTA MERCEDES,19540,3302,18
Corrientes,RINCON CHICO,19543,3302,18
Corrientes,RINCON DEL ROSARIO,19546,3302,18
Corrientes,SALINAS,19547,3302,18
Corrientes,SAN ISIDRO,19548,3302,18
Corrientes,SAN JAVIER,19550,3302,18
Corrientes,SAN JERONIMO,19551,3302,18
Corrientes,SAN JUAN,19554,3302,18
Corrientes,SAN JULIAN,19555,3302,18
Corrientes,SAN PEDRO,19556,3302,18
Corrientes,SANGARA,19558,3302,18
Corrientes,SANTA ANA,19559,3302,18
Corrientes,SANTA MARIA,19560,3302,18
Corrientes,SANTO DOMINGO,19561,3302,18
Corrientes,TRES ARBOLES,19562,3302,18
Corrientes,ULAJAY,19565,3302,18
Corrientes,URIBURU,19567,3302,18
Corrientes,VILLA P ARGENTINA,19569,3302,18
Corrientes,VIZCAINO,19584,3302,18
Corrientes,COLONIA GENERAL URIBURU,19588,3302,18
Corrientes,BATAL,19602,3445,18
Corrientes,BONETE,19608,3445,18
Corrientes,CABANA,19613,3445,18
Corrientes,COLONIA LUJAN,19623,3440,18
Corrientes,COLONIA SAN EUGENIO,19627,3440,18
Corrientes,COLONIA SAN JOSE,19628,3440,18
Corrientes,COLONIA VEDOYA,19630,3445,18
Corrientes,COSTA BATEL,19635,3445,18
Corrientes,CRUCECITAS,19639,3445,18
Corrientes,FERRO,19647,3440,18
Corrientes,KILOMETRO 410,19653,3445,18
Corrientes,KILOMETRO 416,19661,3445,18
Corrientes,LA CELIA,19670,3445,18
Corrientes,LA PASTORIL,19672,3440,18
Corrientes,LAGUNA SIRENA,19676,3445,18
Corrientes,LOS ANGELES DEL BATEL,19684,3445,18
Corrientes,MONTE FLORIDO,19686,3440,18
Corrientes,NARANJITO,19688,3440,18
Corrientes,PUENTE BATEL,19690,3445,18
Corrientes,PUERTA IFRAN,19691,3445,18
Corrientes,CAMPO FERNANDEZ,19695,3427,18
Corrientes,CARDOZO PHI,19699,3427,18
Corrientes,CHACRAS,19702,3427,18
Corrientes,CHAMORRO,19705,3427,18
Corrientes,COSTA,19708,3427,18
Corrientes,COSTA SAN LORENZO,19710,3427,18
Corrientes,EL PAGO,19712,3427,18
Corrientes,FRANCISCO GAUNA,19715,3427,18
Corrientes,LA HERMINIA,19717,3427,18
Corrientes,ORATORIO,19721,3427,18
Corrientes,PASITO,19724,3427,18
Corrientes,POTRERO GRANDE,19727,3427,18
Corrientes,PUNTA GRANDE,19728,3405,18
Corrientes,SAN ANTONIO,19729,3427,18
Corrientes,ARROYO GRANDE,19730,3470,18
Corrientes,CALLEJON,19734,3470,18
Corrientes,CAPI VARI,19736,3470,18
Corrientes,CAPIGUARI,19738,3470,18
Corrientes,ESTANCIA AGUACEROS,19746,3470,18
Corrientes,ESTANCIA CERRO VERDE,19750,3470,18
Corrientes,ESTANCIA GONZALEZ CRUZ,19751,3470,18
Corrientes,ESTANCIA ITA CAABO,19753,3470,18
Corrientes,ESTANCIA LA CALERA,19754,3470,18
Corrientes,ESTANCIA LA MARIA,19755,3470,18
Corrientes,ESTANCIA MANDURE,19756,3470,18
Corrientes,ESTANCIA ROSARIO,19757,3470,18
Corrientes,ESTANCIA SANTA CRUZ,19758,3470,18
Corrientes,ESTANCIA TUNAS,19759,3470,18
Corrientes,IBIRA PITA,19760,3470,18
Corrientes,JUSTINO SOLARI,19764,3476,18
Corrientes,KILOMETRO 287 FCGU,19769,3470,18
Corrientes,KILOMETRO 296,19772,3470,18
Corrientes,LA ESTRELLA,19776,3476,18
Corrientes,MARIA DEL CARMEN,19779,3476,18
Corrientes,MARIA IDALINA,19781,3476,18
Corrientes,NARANJITO,19783,3472,18
Corrientes,PAIMBRE,19784,3472,18
Corrientes,PASAJE SANTA JUANA,19785,3470,18
Corrientes,PASO MESA,19786,3470,18
Corrientes,PASO PUCHETA,19788,3472,18
Corrientes,PIEDRA ITA PUCU,19789,3470,18
Corrientes,RINCON TRANQUERA GENERAL,19793,3470,18
Corrientes,SALTO ITA JHASE,19794,3470,18
Corrientes,SAN CARLOS,19795,3472,18
Corrientes,SAN EDUARDO,19796,3472,18
Corrientes,SAN NICOLAS,19798,3472,18
Corrientes,EST SOLARI,19799,3476,18
Corrientes,TACURAL,19801,3470,18
Corrientes,TARANGULLO,19806,3472,18
Corrientes,TATARE,19809,3472,18
Corrientes,ARROYO HORQUETA,19812,3466,18
Corrientes,COLONIA BARRIENTES,19815,3220,18
Corrientes,CUATRO BOCAS,19817,3220,18
Corrientes,KILOMETRO 120,19820,3222,18
Corrientes,LA BLANCA,19848,3466,18
Corrientes,LA FLORESTA,19852,3466,18
Corrientes,MOTA PIEDRITAS,19858,3220,18
Corrientes,PASO ESTERITO,19864,3220,18
Corrientes,PASO VALLEJOS,19868,3220,18
Corrientes,SAENZ VALIENTE,19870,3222,18
Corrientes,SAN FRANCISCO,19875,3220,18
Corrientes,SAN VICENTE,19878,3466,18
Corrientes,SANTA JUANA,19881,3466,18
Corrientes,SIETE ARBOLES,19887,3460,18
Corrientes,TEBLENARI,19888,3476,18
Corrientes,TRES BOCAS,19889,3220,18
Corrientes,CABRED,19895,3232,18
Corrientes,ESTANCIA LOMATORA,19896,3230,18
Corrientes,ESTANCIA LA CAROLINA,19898,3230,18
Corrientes,Ã‘ATIU,19900,3230,18
Corrientes,PASO ROSARIO,19902,3230,18
Corrientes,RINCON DE YAGUARY,19903,3234,18
Corrientes,SAN ISIDRO,19906,3234,18
Corrientes,ACUÃ‘A CUE,19913,3420,18
Corrientes,ANGUA,19916,3420,18
Corrientes,ARROYO CEIBAL,19919,3416,18
Corrientes,CARMAN,19922,3420,18
Corrientes,CASUARINAS,19925,3420,18
Corrientes,COSTA DE ARROYO SAN LORENZO,19930,3416,18
Corrientes,DOS OMBUES,19933,3416,18
Corrientes,EL CARMEN,19934,3420,18
Corrientes,KM 425,19935,3420,18
Corrientes,GUAZU CORA,19938,3420,18
Corrientes,JARDIN FLORIDO,19940,3420,18
Corrientes,LA QUERENCIA,19942,3420,18
Corrientes,LAGO ARIAS,19944,3420,18
Corrientes,LAURETTI,19946,3420,18
Corrientes,LOMAS,19948,3420,18
Corrientes,LOMAS SALADAS,19949,3420,18
Corrientes,LOS LIRIOS,19951,3420,18
Corrientes,MEDIODIA,19954,3420,18
Corrientes,MIRA FLORES,19956,3420,18
Corrientes,MUCHAS ISLAS,19958,3420,18
Corrientes,PAGO ARIAS,19960,3420,18
Corrientes,PARAJE AUGUA,19963,3420,18
Corrientes,PASO NARANJITO,19964,3420,18
Corrientes,PASTORES,19965,3420,18
Corrientes,REAL CUE,19967,3416,18
Corrientes,RINCON DE SAN LORENZO,19969,3416,18
Corrientes,RINCON SAN PEDRO,19971,3420,18
Corrientes,SAN EMILIO,19973,3420,18
Corrientes,SAN FRANCISCO,19974,3420,18
Corrientes,SAN NICOLAS,19976,3420,18
Corrientes,SANTO DOMINGO,19977,3420,18
Corrientes,SOLEDAD,19978,3420,18
Corrientes,SOSA CUE,19979,3420,18
Corrientes,ALBARDON,19980,3412,18
Corrientes,ARROYO PELON,19981,3401,18
Corrientes,BUENA VISTA,19982,3412,18
Corrientes,COLONIA ALVAREZ,19983,3401,18
Corrientes,COLONIA MARIA ESTHER,19984,3401,18
Corrientes,COLONIA MATILDE,19986,3401,18
Corrientes,COSTA,19987,3401,18
Corrientes,COSTA RIO PARANA,19990,3401,18
Corrientes,DESAGUADERO,19993,3403,18
Corrientes,ENSENADA GRANDE,19995,3412,18
Corrientes,ENSENADITA,19996,3412,18
Corrientes,INGENIO PRIMER CORRENTINO,19998,3401,18
Corrientes,ISLA IBATAY,19999,3401,18
Corrientes,JUAN RAMON VIDAL,20000,3401,18
Corrientes,MANDINGA,20001,3412,18
Corrientes,PUERTO GONZALEZ,20002,3409,18
Corrientes,SAN JOSE,20003,3401,18
Corrientes,TALA CORA,20004,3401,18
Corrientes,VILLA CUE,20005,3412,18
Corrientes,AGUIRRE CUE,20007,3403,18
Corrientes,AGUIRRE LOMAS,20008,3403,18
Corrientes,ALBARDONES,20010,3403,18
Corrientes,ALTA MORA,20011,3403,18
Corrientes,ARROYO PONTON,20013,3401,18
Corrientes,BARGONE,20014,3403,18
Corrientes,BROJA CUE,20016,3403,18
Corrientes,BREGAIN CUE,20017,3403,18
Corrientes,BRIGANIS,20018,3403,18
Corrientes,CAMPO GRANDE,20020,3403,18
Corrientes,CAÃ‘ADA GRANDE,20021,3403,18
Corrientes,CARABAJAL,20022,3403,18
Corrientes,CARUSO APEADERO FCGU,20024,3403,18
Corrientes,CAVIA CUE,20026,3403,18
Corrientes,COLONIA LLANO,20028,3403,18
Corrientes,EL PONTON,20030,3403,18
Corrientes,EL VASCO,20031,3403,18
Corrientes,EMPEDRADO LIMPIO,20033,3403,18
Corrientes,ESQUIVEL CUE,20034,3403,18
Corrientes,GARABATA,20035,3403,18
Corrientes,GARRIDO,20037,3403,18
Corrientes,GDOR JUAN EUSEBIO TORRENT,20038,3403,18
Corrientes,KILOMETRO 31,20039,3403,18
Corrientes,KILOMETRO 42,20040,3403,18
Corrientes,KILOMETRO 49,20041,3403,18
Corrientes,KILOMETRO 55,20043,3403,18
Corrientes,KILOMETRO 57,20044,3403,18
Corrientes,KILOMETRO 61,20045,3403,18
Corrientes,KILOMETRO 76,20047,3403,18
Corrientes,KILOMETRO 84,20048,3403,18
Corrientes,KILOMETRO 89,20049,3403,18
Corrientes,KILOMETRO 95,20050,3403,18
Corrientes,LA ELOISA,20052,3403,18
Corrientes,LAGUNA ALFONSO,20053,3403,18
Corrientes,LAS PALMITAS,20054,3403,18
Corrientes,LOMAS DE GALARZA,20056,3403,18
Corrientes,LOMAS ESQUIVEL,20060,3403,18
Corrientes,MALOYA,20061,3403,18
Corrientes,MONTE GRANDE,20062,3403,18
Corrientes,ORATORIO,20063,3403,18
Corrientes,PUEBLITO ESPINOSA,20064,3403,18
Corrientes,RALERA SUD,20065,3401,18
Corrientes,RIACHUELITO,20069,3403,18
Corrientes,RIACHUELO BARDECI,20071,3403,18
Corrientes,RINCON DE LAS MERCEDES,20074,3403,18
Corrientes,SANTA TERESA,20076,3403,18
Corrientes,SANTOS LUGARES,20078,3403,18
Corrientes,SOMBRERO,20079,3403,18
Corrientes,TIQUINO,20080,3403,18
Corrientes,TRES CRUCES,20082,3403,18
Corrientes,TRIPOLI,20083,3403,18
Corrientes,VECINDAD,20084,3403,18
Corrientes,BACACAY,20085,3346,18
Corrientes,COSTA GUAVIRAVI,20087,3346,18
Corrientes,ESTANCIA LA ARBOLEDA,20111,3231,18
Corrientes,ESTANCIA EL PORVENIR,20112,3231,18
Corrientes,ESTANCIA LA LOMA ALTA,20113,3231,18
Corrientes,ESTANCIA LOS MILAGROS,20114,3231,18
Corrientes,ESTANCIA POZO CUADRADO,20115,3231,18
Corrientes,ESTANCIA SAN JUAN,20116,3231,18
Corrientes,ESTANCIA SAN SOLANO,20117,3231,18
Corrientes,ESTANCIA SOLEDAD,20118,3231,18
Corrientes,ESTINGANA,20119,3346,18
Corrientes,SAN MIGUEL,20121,3231,18
Corrientes,ARROYO BALMACEDA,20122,3483,18
Corrientes,BASTIDORES,20123,3483,18
Corrientes,CARANDAITI,20124,3485,18
Corrientes,CARRETA PASO,20125,3485,18
Corrientes,CASUALIDAD,20127,3483,18
Corrientes,COLONIA,20128,3485,18
Corrientes,COLONIA LA UNION,20129,3485,18
Corrientes,COLONIA MADARIAGA,20130,3485,18
Corrientes,CURUPAYTI,20132,3485,18
Corrientes,CURUZU LAUREL,20133,3485,18
Corrientes,IPACARAPA,20134,3485,18
Corrientes,LOS SAUCES,20135,3485,18
Corrientes,MBOI CUA,20136,3485,18
Corrientes,MONTAÃ‘A,20137,3485,18
Corrientes,CATALAN CUE,20139,3483,18
Corrientes,OBRAJE DEL VASCO,20140,3403,18
Corrientes,BALENGO,20141,3448,18
Corrientes,CAFARREÃ‘O,20142,3445,18
Corrientes,COSTA SANTA LUCIA,20143,3445,18
Corrientes,CAPITA MINI,20144,3448,18
Corrientes,EL SOCORRO,20145,3445,18
Corrientes,ESTANCIA DEL MEDIO,20146,3474,18
Corrientes,ESTERO PIRU,20148,3474,18
Corrientes,ISLA ALTA,20149,3448,18
Corrientes,KILOMETRO 382,20150,3448,18
Corrientes,LA ARMONIA,20152,3446,18
Corrientes,LA CELINA,20153,3474,18
Corrientes,LA LOLITA,20154,3446,18
Corrientes,LA MATILDE,20155,3445,18
Corrientes,LAGUNA AVALOS,20156,3448,18
Corrientes,LAS LAGUNAS,20157,3446,18
Corrientes,LAS MATRERAS,20158,3445,18
Corrientes,LAUREL,20159,3448,18
Corrientes,LEON CUA,20161,3445,18
Corrientes,LOMAS FLORIDAS,20162,3445,18
Corrientes,LUIS GOMEZ,20163,3445,18
Corrientes,MANANTIALES,20164,3448,18
Corrientes,MATRERA,20165,3448,18
Corrientes,MOJON,20166,3448,18
Corrientes,PASO CHAÃ‘ARAL,20167,3474,18
Corrientes,PIRRA PUY,20168,3448,18
Corrientes,ROSADO GRANDE,20170,3448,18
Corrientes,SALDANA,20171,3405,18
Corrientes,SALINAS GRANDE,20172,3448,18
Corrientes,SAN GUILLERMO,20173,3474,18
Corrientes,SAN JUAN,20174,3448,18
Corrientes,SANTA IRENE,20175,3474,18
Corrientes,SERIANO CUE,20176,3446,18
Corrientes,TACUARITAS,20177,3474,18
Corrientes,YAPUCA,20178,3474,18
Corrientes,YATAY CORA,20179,3474,18
Corrientes,ALGARROBO PARAJE,20182,3445,18
Corrientes,PALMIRA,20183,3448,18
Corrientes,PUEBLO DE JULIO,20184,3445,18
Corrientes,SAN ANTONIO,20185,3474,18
Corrientes,BOQUERON,20187,3340,18
Corrientes,CAMBAL,20188,3340,18
Corrientes,COLONIA SAN MATEO,20189,3340,18
Corrientes,COLONIA GOBERNADOR RUIZ,20191,3340,18
Corrientes,CUAY CHICO,20194,3340,18
Corrientes,DON MAXIMO,20196,3340,18
Corrientes,ESTANCIA BUENA VISTA,20197,3340,18
Corrientes,ESTANCIA CASURINA,20198,3340,18
Corrientes,ESTANCIA DURRUTI,20200,3340,18
Corrientes,ESTANCIA EL OMBU,20201,3340,18
Corrientes,ESTANCIA SAN MATEO,20202,3340,18
Corrientes,ESTANCIA SAN MIGUEL,20203,3340,18
Corrientes,GOBERNADOR RUIZ,20205,3340,18
Corrientes,GUAY GRANDE,20206,3340,18
Corrientes,ISLA SAN MATEO,20207,3340,18
Corrientes,ITA CUA,20210,3340,18
Corrientes,LOS BRETES,20212,3340,18
Corrientes,NUEVO PARAISO,20213,3340,18
Corrientes,PASO CONCEPCION,20219,3340,18
Corrientes,PUERTO LAS LAJAS,20220,3340,18
Corrientes,PUERTO LAS TACUARITAS,20225,3340,18
Corrientes,PUERTO PIEDRA,20226,3340,18
Corrientes,SAN ANTONIO,20228,3340,18
Corrientes,SAN FRANCISCO,20230,3340,18
Corrientes,SAN GABRIEL,20231,3340,18
Corrientes,TABLADA,20234,3340,18
Corrientes,RINCON MERCEDES ESTANCIA,20235,3340,18
Corrientes,TOPADOR,20237,3340,18
Corrientes,TRES TAPERAS,20238,3340,18
Corrientes,ARISTIA,20241,3463,18
Corrientes,ARROYO SECO,20243,3463,18
Corrientes,BARRANCAS,20244,3463,18
Corrientes,BUENA VENTURA,20245,3463,18
Corrientes,BUENA VISTA,20246,3463,18
Corrientes,CAMPO MAIDANA,20247,3463,18
Corrientes,CAMPO POY,20248,3463,18
Corrientes,CAVI POY,20250,3463,18
Corrientes,DOS HERMANAS,20251,3463,18
Corrientes,EL TESORO,20252,3463,18
Corrientes,EL TIGRE,20253,3463,18
Corrientes,ESTANCIA RINCON GRANDE,20254,3463,18
Corrientes,FERRET,20255,3463,18
Corrientes,LA CONCEPCION,20256,3463,18
Corrientes,LA DELICIA,20258,3463,18
Corrientes,LA ESTRELLA,20259,3463,18
Corrientes,LA FE,20260,3463,18
Corrientes,LA GARCIA,20261,3463,18
Corrientes,LA LEONOR,20263,3463,18
Corrientes,LA PORTEÃ‘A,20264,3463,18
Corrientes,LAS TAPERAS,20266,3463,18
Corrientes,LIMAS CUE,20267,3463,18
Corrientes,LOMA ALTA,20269,3463,18
Corrientes,MARTIN GARCIA,20270,3463,18
Corrientes,PASO BERMUDEZ,20272,3463,18
Corrientes,PASO DE MULA,20273,3463,18
Corrientes,PUJOL BEDOYA,20275,3463,18
Corrientes,PUNTAS DE FRANCISCO GOMEZ,20276,3463,18
Corrientes,PUNTAS DEL TIGRE,20277,3463,18
Corrientes,RINCON DE ANIMAS,20279,3463,18
Corrientes,RINCON DEL TIGRE,20280,3463,18
Corrientes,SAN JOSE,20282,3463,18
Corrientes,SAN LUIS CUE,20283,3463,18
Corrientes,SANTA ROSA,20285,3463,18
Corrientes,SANTA TERESA,20286,3463,18
Corrientes,SAUCESITO,20289,3463,18
Corrientes,SOTO,20291,3463,18
Corrientes,VILLA ORTIZ,20292,3463,18
Corrientes,SAN MARTIN,20293,3463,18
Corrientes,VILLA SOTO,20295,3463,18
Corrientes,VILLA TESARO,20296,3463,18
Corrientes,VILLA LUJAN,20311,3481,18
Corrientes,ESTANCIA EL CARMEN,20318,3460,18
Corrientes,PASO ANCHO,20320,3460,18
Corrientes,SANTA CATALINA,20391,3196,18
Corrientes,SAN JOSE CAACATI,20411,3407,18
Corrientes,ALGARROBAL PUISOYE,20422,3405,18
Corrientes,LA LOMA TORRENT,20430,3344,18
Corrientes,INVERNADA,20446,3454,18
Corrientes,CAA CARAI,20467,3302,18
Corrientes,LA PUPI,20477,3358,18
Corrientes,LIBERTAD,20482,3302,18
Corrientes,LOMA ALTA,20484,3302,18
Corrientes,LOMA NEGRA,20485,3302,18
Corrientes,LOMA POY,20486,3302,18
Corrientes,LOS GEMELOS,20487,3302,18
Corrientes,CRUCECITAS SANTA LUCIA,20510,3440,18
Corrientes,SANTA LUCIA 9 DE JULIO,20518,3445,18
Corrientes,SAN FRANCISCO GUAVIRARI,20552,3232,18
Corrientes,COLONIA GAIMAN,20574,3485,18
Corrientes,NARANJITO SAN ROQUE,20577,3448,18
Corrientes,SALDANA 9 DE JULIO,20580,3445,18
Corrientes,VACA PASO,27543,3461,18
Corrientes,CUARTA SECCION LOMAS,27546,3461,18
Corrientes,RINCON QUIROZ,27559,3461,18
Corrientes,ITA PASO,27568,3483,18
Corrientes,COSTA CENISAL,27569,3483,18
Corrientes,COLONIA MOTA,27570,3226,18
Corrientes,PIEDRITAS,27573,3226,18
Corrientes,BUENA VISTA,27577,3226,18
Corrientes,LA VENTA,27578,3226,18
Corrientes,RINCON,27584,3409,18
Corrientes,SAN JUAN,27587,3409,18
Corrientes,SAN AGUSTIN,27642,3196,18
Corrientes,PALMAR,27649,3481,18
Corrientes,SAN JOSE,27651,3407,18
Corrientes,SAN JOSE,27652,3302,18
Corrientes,ISOQUI,27709,3346,18
Corrientes,COLONIA JUAN B CABRAL,27710,3420,18
Corrientes,JUAN DIAZ,27712,3449,18
Corrientes,CAMPO GRANDE,27713,3401,18
Corrientes,IBIRAY,27714,3414,18
Corrientes,PASO MARTINEZ,27800,3401,18
Corrientes,LA MANSION,27862,3420,18
Corrientes,PARANACITO,27913,3453,18
Corrientes,BATEL,27916,3450,18
Corrientes,COLONIA EL PROGRESO,27917,3450,18
Corrientes,PASO NARANJO,27918,3420,18
Corrientes,LOMA ALTA,27920,3427,18
Corrientes,PUEBLO LIBERTADOR,27928,3197,18
