Cordoba,EMBALSE,16037,5856,14
Cordoba,LA CRUZ,16038,5859,14
Cordoba,LOS CONDORES,16039,5823,14
Cordoba,LOS MOLINOS,16040,5189,14
Cordoba,RIO DE LOS SAUCES,16041,5821,14
Cordoba,SAN AGUSTIN,16042,5191,14
Cordoba,SANTA ROSA DE CALAMUCHITA,16043,5196,14
Cordoba,UNIDAD TURISTICA EMBALSE,16044,5857,14
Cordoba,VILLA DEL DIQUE,16045,5862,14
Cordoba,VILLA GENERAL BELGRANO,16046,5194,14
Cordoba,VILLA RUMIPAL,16047,5864,14
Cordoba,VILLA YACANTO,16049,5197,14
Cordoba,SALDAN,16051,5149,14
Cordoba,TOLEDO,16052,5123,14
Cordoba,AGUA DE ORO,16054,5107,14
Cordoba,CABANA,16055,5109,14
Cordoba,CANTERAS EL SAUCE,16056,5107,14
Cordoba,COLONIA CAROYA,16057,5223,14
Cordoba,DUMESNIL,16058,5149,14
Cordoba,EL DIQUECITO,16059,5151,14
Cordoba,EL MANZANO,16060,5107,14
Cordoba,EL PUEBLITO,16061,5107,14
Cordoba,JESUS MARIA,16062,5220,14
Cordoba,LA CALERA,16063,5151,14
Cordoba,LA GRANJA,16064,5115,14
Cordoba,LA PUERTA,16065,5101,14
Cordoba,MALVINAS ARGENTINAS,16066,5125,14
Cordoba,MENDIOLAZA,16067,5107,14
Cordoba,MI GRANJA,16068,5125,14
Cordoba,RIO CEBALLOS,16069,5111,14
Cordoba,SALSIPUEDES,16070,5113,14
Cordoba,UNQUILLO,16071,5109,14
Cordoba,VILLA ALLENDE,16072,5105,14
Cordoba,VILLA CERRO AZUL,16073,5107,14
Cordoba,CRUZ DEL EJE,16074,5280,14
Cordoba,EL BRETE,16075,5281,14
Cordoba,LA HIGUERA,16076,5285,14
Cordoba,LA LAGUNA,16077,5284,14
Cordoba,PASO VIEJO,16078,5284,14
Cordoba,SAN MARCOS SIERRAS,16079,5282,14
Cordoba,SERREZUELA,16080,5270,14
Cordoba,VILLA DE SOTO,16081,5284,14
Cordoba,DEL CAMPILLO,16082,6271,14
Cordoba,HIPOLITO BOUCHARD,16083,6225,14
Cordoba,HUINCA RENANCO,16084,6270,14
Cordoba,ITALO,16085,6271,14
Cordoba,MATTALDI,16086,6271,14
Cordoba,NICOLAS BRUZONE,16087,6271,14
Cordoba,JOVITA,16088,6127,14
Cordoba,VILLA HUIDOBRO,16089,6275,14
Cordoba,VILLA VALERIA,16090,6273,14
Cordoba,ARROYO ALGODON,16091,5909,14
Cordoba,ARROYO CABRAL,16092,5917,14
Cordoba,AUSONIA,16093,5901,14
Cordoba,CHAZON,16094,2675,14
Cordoba,COLONIA SILVIO PELLICO,16095,5907,14
Cordoba,ETRURIA,16096,2681,14
Cordoba,LA LAGUNA,16097,5901,14
Cordoba,LA PALESTINA,16098,5925,14
Cordoba,LA PLAYOSA,16099,5911,14
Cordoba,LOS ZORROS,16100,5901,14
Cordoba,LUCA,16101,5917,14
Cordoba,PASCO,16102,5925,14
Cordoba,TICINO,16103,5927,14
Cordoba,TIO PUJIO,16104,5936,14
Cordoba,VILLA NUEVA,16106,5903,14
Cordoba,CHUÃ‘A,16107,5218,14
Cordoba,DEAN FUNES,16108,5200,14
Cordoba,QUILINO,16110,5214,14
Cordoba,VILLA QUILINO,16112,5214,14
Cordoba,ALEJANDRO ROCA,16113,2686,14
Cordoba,BENGOLEA,16114,5807,14
Cordoba,CARNERILLO,16115,5805,14
Cordoba,CHARRAS,16116,5807,14
Cordoba,GENERAL CABRERA,16117,5809,14
Cordoba,GENERAL DEHEZA,16118,5923,14
Cordoba,HUANCHILLA,16119,6121,14
Cordoba,LA CARLOTA,16120,2670,14
Cordoba,OLAETA,16121,5807,14
Cordoba,REDUCCION,16122,5803,14
Cordoba,SANTA EUFEMIA,16123,2671,14
Cordoba,UCACHA,16124,2677,14
Cordoba,ALEJO LEDESMA,16126,2662,14
Cordoba,ARIAS,16127,2624,14
Cordoba,CAMILO ALDAO,16128,2585,14
Cordoba,CAP GRAL BERNARDO O HIGGINS,16129,2645,14
Cordoba,CAVANAGH,16130,2625,14
Cordoba,COLONIA ITALIANA,16131,2645,14
Cordoba,CORRAL DE BUSTOS,16132,2645,14
Cordoba,CRUZ ALTA,16133,2189,14
Cordoba,GENERAL BALDISSERA,16134,2583,14
Cordoba,GENERAL ROCA,16135,2592,14
Cordoba,GUATIMOZIN,16136,2627,14
Cordoba,INRIVILLE,16137,2587,14
Cordoba,ISLA VERDE,16138,2661,14
Cordoba,LEONES,16139,2594,14
Cordoba,LOS SURGENTES,16140,2581,14
Cordoba,MARCOS JUAREZ,16141,2580,14
Cordoba,MONTE BUEY,16142,2589,14
Cordoba,SAIRA,16143,2525,14
Cordoba,SALADILLO,16144,2587,14
Cordoba,SAN CARLOS,16145,5291,14
Cordoba,SALSACATE,16146,5295,14
Cordoba,GENERAL LEVALLE,16147,6132,14
Cordoba,LA CESIRA,16148,6101,14
Cordoba,LABOULAYE,16149,6120,14
Cordoba,MELO,16150,6123,14
Cordoba,RIO BAMBA,16151,6134,14
Cordoba,ROSALES,16152,6128,14
Cordoba,SERRANO,16153,6125,14
Cordoba,VILLA ROSSI,16154,6128,14
Cordoba,BIALET MASSE,16155,5158,14
Cordoba,CABALANGO,16156,5155,14
Cordoba,CAPILLA DEL MONTE,16157,5184,14
Cordoba,CASA GRANDE,16158,5162,14
Cordoba,COSQUIN,16159,5166,14
Cordoba,CRUZ CHICA,16160,5178,14
Cordoba,CUESTA BLANCA,16161,5153,14
Cordoba,HUERTA GRANDE,16162,5174,14
Cordoba,YCHO CRUZ SIERRAS,16163,5153,14
Cordoba,LA CUMBRE,16164,5178,14
Cordoba,LA FALDA,16165,5172,14
Cordoba,LOS COCOS,16166,5182,14
Cordoba,SAN ANTONIO DE ARREDONDO,16167,5153,14
Cordoba,SAN ESTEBAN,16168,5182,14
Cordoba,SANTA MARIA DE PUNILLA,16169,5164,14
Cordoba,SOLARES DE YCHO CRUZ,16170,5153,14
Cordoba,TALA HUASI,16171,5153,14
Cordoba,TANTI,16172,5155,14
Cordoba,VALLE HERMOSO,16173,5168,14
Cordoba,VILLA CARLOS PAZ,16174,5152,14
Cordoba,VILLA GIARDINO,16175,5176,14
Cordoba,VILLA PARQUE SIQUIMAN,16176,5152,14
Cordoba,VILLA RIO ICHO CRUZ,16177,5153,14
Cordoba,ACHIRAS,16178,5833,14
Cordoba,ADELIA MARIA,16179,5843,14
Cordoba,ALCIRA ESTACION GIGENA,16180,5813,14
Cordoba,BERROTARAN,16181,5817,14
Cordoba,BULNES,16182,5845,14
Cordoba,CHAJAN,16183,5837,14
Cordoba,CORONEL BAIGORRIA,16184,5811,14
Cordoba,CORONEL MOLDES,16185,5847,14
Cordoba,ELENA,16186,5815,14
Cordoba,LA CAUTIVA,16187,6142,14
Cordoba,LAS ACEQUIAS,16188,5848,14
Cordoba,LAS HIGUERAS,16189,5805,14
Cordoba,LAS VERTIENTES,16190,5839,14
Cordoba,MONTE DE LOS GAUCHOS,16191,5831,14
Cordoba,SAMPACHO,16193,5829,14
Cordoba,SAN BASILIO,16194,5841,14
Cordoba,SANTA CATALINA,16195,5825,14
Cordoba,TOSQUITA,16196,6141,14
Cordoba,VICUÃ‘A MACKENNA,16197,6140,14
Cordoba,WASHINGTON,16198,6144,14
Cordoba,CAPILLA DE LOS REMEDIOS,16199,5101,14
Cordoba,COLONIA EL FORTIN,16200,5133,14
Cordoba,COMECHINGONES,16201,5129,14
Cordoba,DIEGO DE ROJAS,16202,5135,14
Cordoba,ESQUINA,16203,5131,14
Cordoba,LA PARA,16204,5137,14
Cordoba,LA PUERTA,16205,5137,14
Cordoba,LAS AVERIAS,16206,5135,14
Cordoba,LAS SALADAS,16207,5137,14
Cordoba,MONTE CRISTO,16208,5125,14
Cordoba,OBISPO TREJO,16209,5225,14
Cordoba,PIQUILLIN,16210,5125,14
Cordoba,RIO PRIMERO,16211,5127,14
Cordoba,SANTA ROSA DE RIO PRIMERO,16212,5133,14
Cordoba,VILLA FONTANA,16213,5137,14
Cordoba,GUTEMBERG,16214,5249,14
Cordoba,SEBASTIAN ELCANO,16215,5231,14
Cordoba,VILLA DE MARIA,16216,5248,14
Cordoba,CALCHIN,16217,5969,14
Cordoba,CALCHIN OESTE,16218,5965,14
Cordoba,CARRILOBO,16219,5915,14
Cordoba,COLAZO,16220,5965,14
Cordoba,COSTA SACATE,16221,5961,14
Cordoba,LAGUNA LARGA,16222,5974,14
Cordoba,LAS JUNTURAS,16223,5965,14
Cordoba,LUQUE,16224,5967,14
Cordoba,MANFREDI,16225,5988,14
Cordoba,MATORRALES,16226,5965,14
Cordoba,ONCATIVO,16227,5986,14
Cordoba,PILAR,16228,5972,14
Cordoba,POZO DEL MOLLE,16229,5913,14
Cordoba,RIO SEGUNDO,16230,5960,14
Cordoba,SANTIAGO TEMPLE,16231,5125,14
Cordoba,VILLA DEL ROSARIO,16232,5963,14
Cordoba,MINA CLAVERO,16233,5889,14
Cordoba,NONO,16234,5887,14
Cordoba,VILLA SARMIENTO,16235,5871,14
Cordoba,SAN PEDRO,16236,5871,14
Cordoba,VILLA CURA BROCHERO,16238,5891,14
Cordoba,CRUZ DE CAÃ‘A,16239,5875,14
Cordoba,LA PAZ,16240,5879,14
Cordoba,LA RAMADA,16241,5875,14
Cordoba,LAS CHACRAS,16242,5875,14
Cordoba,LAS TAPIAS,16243,5885,14
Cordoba,LOS CERRILLOS,16244,5871,14
Cordoba,LOS HORNILLOS,16245,5885,14
Cordoba,LUYABA,16246,5875,14
Cordoba,PIEDRA PINTADA,16247,5871,14
Cordoba,QUEBRACHO LADEADO,16248,5875,14
Cordoba,SAN JOSE,16249,5871,14
Cordoba,VILLA DE LAS ROSAS,16250,5885,14
Cordoba,VILLA DOLORES,16251,5870,14
Cordoba,YACANTO,16252,5877,14
Cordoba,ALICIA,16253,5949,14
Cordoba,ALTOS DE CHIPION,16254,2417,14
Cordoba,ARROYITO,16255,2434,14
Cordoba,BALNEARIA,16256,5141,14
Cordoba,BRINKMANN,16257,2419,14
Cordoba,COLONIA MARINA,16258,2424,14
Cordoba,COLONIA PROSPERIDAD,16259,2423,14
Cordoba,COLONIA SAN BARTOLOME,16260,2426,14
Cordoba,COLONIA VALTELINA,16261,2413,14
Cordoba,COLONIA VIGNAUD,16262,2419,14
Cordoba,DEVOTO,16263,2424,14
Cordoba,EL ARAÃ‘ADO,16264,5947,14
Cordoba,EL FORTIN,16265,5951,14
Cordoba,EL TIO,16267,2432,14
Cordoba,FREYRE,16268,2413,14
Cordoba,ALTA GRACIA,16274,5186,14
Cordoba,BOUWER,16275,5119,14
Cordoba,ANISACATE,16276,5189,14
Cordoba,DESPEÃ‘ADEROS,16277,5121,14
Cordoba,LA SERRANITA,16278,5189,14
Cordoba,LOZADA,16279,5101,14
Cordoba,MALAGUEÃ‘O,16280,5101,14
Cordoba,MONTE RALO,16281,5119,14
Cordoba,RAFAEL GARCIA,16282,5119,14
Cordoba,SAN CLEMENTE,16283,5187,14
Cordoba,SAN NICOLAS,16284,5187,14
Cordoba,VILLA PARQUE SANTA ANA,16285,5101,14
Cordoba,VILLA ANISACATE,16286,5189,14
Cordoba,VILLA EL DESCANSO,16287,5189,14
Cordoba,VILLA LA BOLSA,16288,5189,14
Cordoba,YOCSINA,16289,5101,14
Cordoba,CAMINIAGA,16290,5244,14
Cordoba,SAN FRANCISCO DEL CHAÃ‘AR,16291,5209,14
Cordoba,ALMAFUERTE,16292,5854,14
Cordoba,CORRALITO,16293,5853,14
Cordoba,DALMACIO VELEZ SARSFIELD,16294,5919,14
Cordoba,GENERAL FOTHERINGHAM,16295,5933,14
Cordoba,HERNANDO,16296,5929,14
Cordoba,JAMES CRAIK,16297,5984,14
Cordoba,LAS PERDICES,16298,5921,14
Cordoba,OLIVA,16299,5980,14
Cordoba,PAMPAYASTA NORTE,16300,5931,14
Cordoba,PAMPAYASTA SUR,16301,5931,14
Cordoba,RIO TERCERO,16302,5850,14
Cordoba,TANCACHA,16303,5933,14
Cordoba,VILLA ASCASUBI,16304,5935,14
Cordoba,CAÃ‘ADA DE LUQUE,16305,5229,14
Cordoba,LAS PEÃ‘AS,16306,5238,14
Cordoba,SINSACATE,16307,5220,14
Cordoba,VILLA DEL TOTORAL,16308,5236,14
Cordoba,CERRO COLORADO,16309,5244,14
Cordoba,LAS ARRIAS,16310,5231,14
Cordoba,LUCIO V MANSILLA,16311,5216,14
Cordoba,SAN JOSE DE LA DORMIDA,16312,5244,14
Cordoba,SAN JOSE DE LAS SALINAS,16313,5216,14
Cordoba,SAN PEDRO NORTE,16314,5205,14
Cordoba,TULUMBA,16315,5203,14
Cordoba,ALTO ALEGRE,16316,5907,14
Cordoba,BALLESTEROS,16317,2572,14
Cordoba,BALLESTEROS SUD,16318,2572,14
Cordoba,BELL VILLE,16319,2550,14
Cordoba,BENJAMIN GOULD,16320,2664,14
Cordoba,CANALS,16321,2650,14
Cordoba,CHILIBROSTE,16322,2561,14
Cordoba,CINTRA,16323,2559,14
Cordoba,COLONIA BISMARCK,16324,2651,14
Cordoba,IDIAZABAL,16325,2557,14
Cordoba,JUSTINIANO POSSE,16326,2553,14
Cordoba,LABORDE,16327,2657,14
Cordoba,MONTE MAIZ,16328,2659,14
Cordoba,MORRISON,16329,2568,14
Cordoba,NOETINGER,16330,2563,14
Cordoba,ORDOÃ‘EZ,16331,2555,14
Cordoba,PASCANAS,16332,2679,14
Cordoba,PUEBLO ITALIANO,16333,2651,14
Cordoba,SAN ANTONIO DE LITIN,16334,2559,14
Cordoba,SAN MARCOS SUD,16335,2566,14
Cordoba,VIAMONTE,16336,2671,14
Cordoba,WENCESLAO ESCALANTE,16337,2655,14
Cordoba,COLONIA LA TORDILLA,16367,2435,14
Cordoba,LA PAQUITA,16369,2417,14
Cordoba,SEEBER,16370,2419,14
Cordoba,LUXARDO,16372,2411,14
Cordoba,QUEBRACHO HERRADO,16374,2423,14
Cordoba,VILLA CONCEPCION DEL TIO,16404,2433,14
Cordoba,SAN FRANCISCO,16405,2400,14
Cordoba,LAS VARILLAS,16406,5940,14
Cordoba,TRANSITO,16407,2436,14
Cordoba,LA FRANCIA,16408,2426,14
Cordoba,MORTEROS,16409,2421,14
Cordoba,SACANTA,16410,5945,14
Cordoba,PORTEÃ‘A,16411,2415,14
Cordoba,SATURNINO M LASPIUR,16412,5943,14
Cordoba,MARULL,16413,5139,14
Cordoba,LAS VARAS,16414,5941,14
Cordoba,SARMIENTO,16423,5212,14
Cordoba,MAYU SUMAJ,16424,5153,14
Cordoba,VILLA SANTA CRUZ DEL LAGO,16425,5152,14
Cordoba,TUCLAME,16426,5284,14
Cordoba,VILLA SANTA MARIA,16427,5186,14
Cordoba,VILLA DEL PRADO,16428,5186,14
Cordoba,ESTACION GENERAL PAZ,16443,5145,14
Cordoba,MALENA,16444,5839,14
Cordoba,CHUCUL,16517,5805,14
Cordoba,COSTA DEL TAMBO,22174,5801,14
Cordoba,LA COLORADA,22313,5831,14
Cordoba,LA CUMBRE,22315,5801,14
Cordoba,LA DORMIDA,22316,5817,14
Cordoba,LA ESQUINA,22317,5801,14
Cordoba,LA INVERNADA,22425,5801,14
Cordoba,LA MERCANTIL,22433,5841,14
Cordoba,LA MESADA,22437,5801,14
Cordoba,LA RAMONCITA,22441,5813,14
Cordoba,LA SIERRITA,22444,5813,14
Cordoba,LA VERONICA,22449,5801,14
Cordoba,LAGUNA CLARA,22453,5813,14
Cordoba,LAGUNA OSCURA,22459,6144,14
Cordoba,LAGUNA SECA,22465,5829,14
Cordoba,LAS ABAHACAS,22471,5801,14
Cordoba,LAS CALECITAS,22481,5801,14
Cordoba,LAS CAÃ‘ITAS,22488,5801,14
Cordoba,LAS CINCO CUADRAS,22492,5841,14
Cordoba,LAS ENSENADAS,22493,5825,14
Cordoba,LAS GAMAS,22496,5819,14
Cordoba,LAS GUINDAS,22501,5801,14
Cordoba,LAS MORAS,22505,5801,14
Cordoba,LAS PEÃ‘AS,22510,5817,14
Cordoba,LAS PEÃ‘AS SUD,22516,5819,14
Cordoba,LAS TAPIAS,22528,5801,14
Cordoba,LOS JAGUELES,22530,5839,14
Cordoba,LOS MEDANOS,22532,5815,14
Cordoba,LOS TRES POZOS,22536,5851,14
Cordoba,MONTE LA INVERNADA,22543,5801,14
Cordoba,PASO CABRAL,22550,5817,14
Cordoba,PASO DEL DURAZNO,22556,5803,14
Cordoba,PERMANENTES,22558,5801,14
Cordoba,PIEDRA BLANCA,22560,5801,14
Cordoba,PRETOT FREYRE,22563,6140,14
Cordoba,PUEBLO ALBERDI,22564,5800,14
Cordoba,ATHOS PAMPA,22565,5194,14
Cordoba,PUENTE LOS MOLLES,22566,5809,14
Cordoba,ALTO DEL TALA,22567,5295,14
Cordoba,PUERTA COLORADA,22568,5817,14
Cordoba,AMBOY,22569,5199,14
Cordoba,PUNTA DEL AGUA,22570,5839,14
Cordoba,RIO SECO,22571,5801,14
Cordoba,ARROYO SAN ANTONIO,22572,5859,14
Cordoba,RODEO VIEJO,22573,5801,14
Cordoba,SAN AMBROSIO,22574,5848,14
Cordoba,ARROYO SANTANA,22575,5819,14
Cordoba,SAN BARTOLOME,22576,5801,14
Cordoba,SAN BERNARDO,22578,5848,14
Cordoba,ARROYO SECO,22579,5196,14
Cordoba,SAN LUCAS NORTE,22580,5837,14
Cordoba,SORIA,22582,5829,14
Cordoba,ARROYO TOLEDO,22583,5819,14
Cordoba,SUCO,22585,5837,14
Cordoba,TEGUA,22587,5813,14
Cordoba,ATUMI PAMPA,22589,5196,14
Cordoba,VILLA EL CHACAY,22590,5801,14
Cordoba,VILLA SANTA RITA,22593,5801,14
Cordoba,BAJO DEL CARMEN,22594,5189,14
Cordoba,YATAY,22597,5841,14
Cordoba,CALMAYO,22598,5191,14
Cordoba,ZAPOLOCO,22601,5839,14
Cordoba,CAMPO SAN ANTONIO,22603,5821,14
Cordoba,BAJADA NUEVA,22604,5813,14
Cordoba,CAÃ‘ADA DE ALVAREZ,22605,5819,14
Cordoba,LA CAROLINA,22607,5841,14
Cordoba,LA GILDA,22608,5848,14
Cordoba,CAÃ‘ADA DE LAS CHACRAS,22609,5199,14
Cordoba,CAÃ‘ADA DEL DURAZNO,22610,5196,14
Cordoba,CAÃ‘ADA DEL SAUCE,22612,5817,14
Cordoba,CAÃ‘ADA DEL TALA,22613,5859,14
Cordoba,CARAHUASI,22615,5196,14
Cordoba,CERRO BLANCO,22617,5191,14
Cordoba,CERRO COLORADO,22618,5821,14
Cordoba,CERRO SAN LORENZO,22619,5821,14
Cordoba,CERROS ASPEROS,22621,5859,14
Cordoba,COLONIA ALEMANA,22633,5196,14
Cordoba,COLONIA LA CALLE,22649,5196,14
Cordoba,CNIA VACACIONES DE EMPLEADO,22656,5857,14
Cordoba,DOS ARROYOS,22662,5189,14
Cordoba,EL CARMEN,22667,5197,14
Cordoba,EL MANANTIAL,22669,5819,14
Cordoba,BAJO DE FERNANDEZ,22671,5101,14
Cordoba,EL PARADOR DE LA MONTAÃ‘A,22673,5197,14
Cordoba,BALNEARIO GUGLIERI,22675,5137,14
Cordoba,BUEY MUERTO,22677,5135,14
Cordoba,EL PORTEZUELO,22678,5196,14
Cordoba,CAMPO RAMALLO,22679,5225,14
Cordoba,EL QUEBRACHO,22681,5854,14
Cordoba,EL SAUCE,22682,5196,14
Cordoba,CAÃ‘ADA ANCHA SANTA ROSA,22683,5135,14
Cordoba,EL TORREON,22684,5864,14
Cordoba,CAÃ‘ADA DE CUEVAS,22685,5101,14
Cordoba,FABRICA MILITAR,22687,5189,14
Cordoba,CAÃ‘ADA DE MACHADO,22688,5961,14
Cordoba,CAÃ‘ADA HONDA,22689,5227,14
Cordoba,FALDA DE LOS REARTES,22690,5189,14
Cordoba,CAPILLA DE DOLORES,22691,5125,14
Cordoba,LA CALERA,22693,5819,14
Cordoba,LA CASCADA,22695,5854,14
Cordoba,CAPILLA LA ESPERANZA,22696,5129,14
Cordoba,CASTELLANOS,22697,5135,14
Cordoba,LA CHOZA,22698,5196,14
Cordoba,CHARCAS NORTE,22699,5127,14
Cordoba,CHALACEA,22700,5229,14
Cordoba,LA CUMBRECITA,22701,5194,14
Cordoba,COLONIA CAÃ‘ADON,22702,5137,14
Cordoba,LAS BAJADAS,22703,5851,14
Cordoba,COLONIA LA ARGENTINA,22704,5137,14
Cordoba,LAS CALERAS,22705,5819,14
Cordoba,LAS HIGUERITAS,22706,5199,14
Cordoba,COLONIA LAS CUATRO ESQUINAS,22707,5135,14
Cordoba,COLONIA SAGRADA FAMILIA,22708,5125,14
Cordoba,LAS SIERRITAS,22709,5199,14
Cordoba,COLONIA SAN IGNACIO,22710,5189,14
Cordoba,LOMA REDONDA,22711,5299,14
Cordoba,COLONIA YARETA,22712,5137,14
Cordoba,CONSTITUCION,22713,5125,14
Cordoba,CORRAL DE GOMEZ,22714,5135,14
Cordoba,COSTA DEL CASTAÃ‘O,22715,5137,14
Cordoba,DESVIO CHALACEA,22735,5229,14
Cordoba,EL ALCALDE,22736,5131,14
Cordoba,EL BAGUAL,22737,5137,14
Cordoba,LOS CERROS NEGROS,22738,5821,14
Cordoba,LOS REARTES,22739,5194,14
Cordoba,EL CARRIZAL,22740,5135,14
Cordoba,LUTTI,22741,5859,14
Cordoba,MAR AZUL,22742,5199,14
Cordoba,MONSALVO,22743,5851,14
Cordoba,PASO SANDIALITO,22744,5819,14
Cordoba,PERMANENTES,22745,5821,14
Cordoba,EL CRISPIN,22746,5129,14
Cordoba,POTRERO DE LUJAN,22747,5191,14
Cordoba,PUESTO MULITA,22748,5189,14
Cordoba,EL ESPINAL,22749,5133,14
Cordoba,EL QUEBRACHO,22750,5101,14
Cordoba,RINCON DE LUNA,22751,5197,14
Cordoba,EL TOSTADO,22752,5137,14
Cordoba,ESCUELA DE ARTILLERIA,22753,5101,14
Cordoba,ESPERANZA,22754,5131,14
Cordoba,RIO DEL DURAZNO,22755,5197,14
Cordoba,ESPINILLO,22758,5129,14
Cordoba,RIO GRANDE AMBOY,22759,5199,14
Cordoba,RODEO LAS YEGUAS,22762,5821,14
Cordoba,GENERAL LAS HERAS,22763,5101,14
Cordoba,SAN IGNACIO,22765,5199,14
Cordoba,ISLA DEL CERRO,22766,5129,14
Cordoba,ISLA LARGA,22767,5129,14
Cordoba,SAN ROQUE,22768,5199,14
Cordoba,ISLA VERDE,22769,5225,14
Cordoba,SANTA MONICA,22772,5197,14
Cordoba,KILOMETRO 271,22774,5139,14
Cordoba,KILOMETRO 294,22776,5137,14
Cordoba,SARLACO,22778,5196,14
Cordoba,KILOMETRO 316,22780,5137,14
Cordoba,SEGUNDA USINA,22782,5857,14
Cordoba,KILOMETRO 658,22785,5125,14
Cordoba,SIERRA BLANCA,22786,5819,14
Cordoba,KILOMETRO 691,22788,5125,14
Cordoba,SIERRAS MORENAS,22789,5189,14
Cordoba,SOCONCHO,22791,5191,14
Cordoba,LA BUENA PARADA,22793,5129,14
Cordoba,SOLAR LOS MOLINOS,22795,5189,14
Cordoba,LA CAÃ‘ADA,22796,5101,14
Cordoba,TALA CRUZ,22797,5859,14
Cordoba,LA CELINA,22798,5125,14
Cordoba,TERCERA,22799,5189,14
Cordoba,TIGRE MUERTO,22802,5859,14
Cordoba,LA CIENAGA,22804,5133,14
Cordoba,USINA NUCLEAR EMBALSE,22807,5859,14
Cordoba,LA ESTRELLA,22811,5129,14
Cordoba,VALLE DORADO,22812,5864,14
Cordoba,LA MOSTAZA,22813,5137,14
Cordoba,VILLA AGUADA DE LOS REYES,22816,5857,14
Cordoba,LA POSTA,22818,5227,14
Cordoba,VILLA ALPINA,22819,5194,14
Cordoba,LA QUINTA,22821,5135,14
Cordoba,VILLA AMANCAY,22823,5199,14
Cordoba,LAS ACACIAS,22827,5129,14
Cordoba,VILLA DEL PARQUE,22828,5864,14
Cordoba,LAS BANDURRIAS NORTE,22832,5225,14
Cordoba,VILLA DEL TALA,22834,5859,14
Cordoba,VILLA EL TORREON,22838,5199,14
Cordoba,LAS CABRAS,22839,5127,14
Cordoba,VILLA LA COBA,22841,5819,14
Cordoba,VILLA LAGO AZUL,22844,5199,14
Cordoba,VILLA NATURALEZA,22850,5864,14
Cordoba,LAS GRAMILLAS,22855,5135,14
Cordoba,VILLA QUILLINZO,22857,5859,14
Cordoba,LAS HERAS,22862,5101,14
Cordoba,VILLA SAN JAVIER,22865,5199,14
Cordoba,LAS HIGUERILLAS,22869,5131,14
Cordoba,VILLA SIERRAS DEL LAGO,22871,5857,14
Cordoba,LAS HILERAS,22874,5137,14
Cordoba,VISTA ALEGRE,22878,5197,14
Cordoba,LAS PALMITAS,22883,5227,14
Cordoba,LAS PEÃ‘AS NORTE,22884,5823,14
Cordoba,LAS PIGUAS,22887,5129,14
Cordoba,LOS COCOS,22888,5821,14
Cordoba,LOMAS DEL TROZO,22890,5137,14
Cordoba,LOS ALGARROBITOS,22894,5225,14
Cordoba,LOS ALVAREZ,22899,5133,14
Cordoba,MODESTO ACUÃ‘A,22902,5823,14
Cordoba,LOS AVILES,22904,5137,14
Cordoba,RODEO DE LOS CABALLOS,22906,5821,14
Cordoba,LOS CASTAÃ‘OS,22908,5137,14
Cordoba,VILLA EL CORCOVADO,22912,5199,14
Cordoba,LOS CERROS,22913,5137,14
Cordoba,LOS CHAÃ‘ARES,22914,5133,14
Cordoba,LOS GUINDOS,22916,5127,14
Cordoba,LOS MANSILLAS,22919,5127,14
Cordoba,LOS MIGUELITOS,22920,5137,14
Cordoba,LOS POZOS,22922,5225,14
Cordoba,MAQUINISTA GALLINI,22926,5227,14
Cordoba,MIGUELITO,22928,5225,14
Cordoba,MONTE DE TORO PUJIO,22929,5135,14
Cordoba,NUEVA ANDALUCIA,22930,5101,14
Cordoba,PASO DEL SAUCE,22932,5101,14
Cordoba,PEDRO E VIVAS,22934,5127,14
Cordoba,PLAZA DE MERCEDES,22949,5137,14
Cordoba,POZO DE LA ESQUINA,22955,5133,14
Cordoba,POZO DE LA LOMA,22964,5125,14
Cordoba,POZO DE LOS TRONCOS,22967,5137,14
Cordoba,POZO DEL MORO,22972,5225,14
Cordoba,BAJO CHICO BAJO GRANDE,22975,5101,14
Cordoba,POZO LA PIEDRA,22977,5135,14
Cordoba,PUEBLO PIANELLI,22984,5131,14
Cordoba,PUESTO DE AFUERA,22987,5131,14
Cordoba,PUESTO DE FIERRO,22990,5227,14
Cordoba,PUESTO DE PUCHETA,22993,5225,14
Cordoba,PUNTA DEL AGUA,23000,5129,14
Cordoba,QUEBRACHOS,23005,5131,14
Cordoba,RAMALLO,23010,5225,14
Cordoba,RANGEL,23015,5131,14
Cordoba,SAN RAMON,23021,5137,14
Cordoba,SAN SALVADOR,23027,5227,14
Cordoba,SOLEDAD,23031,5137,14
Cordoba,TALA NORTE,23034,5131,14
Cordoba,TALA SUD,23038,5127,14
Cordoba,TORDILLA NORTE,23041,5135,14
Cordoba,CNIA HOGAR VELEZ SARSFIELD,23043,5119,14
Cordoba,TOTORAL,23045,5229,14
Cordoba,VILLA MAR CHIQUITA,23051,5137,14
Cordoba,HIGUERILLAS,23055,5125,14
Cordoba,AGUA DE ORO,23092,5248,14
Cordoba,AROMITO,23095,2341,14
Cordoba,BAJO HONDO,23098,5231,14
Cordoba,BALBUENA,23100,5248,14
Cordoba,BAÃ‘ADO DEL FUERTE,23109,5248,14
Cordoba,BARRETO,23113,5246,14
Cordoba,BUENA VISTA,23114,5249,14
Cordoba,CAMOATI,23115,5231,14
Cordoba,CAMPO GRANDE,23116,5231,14
Cordoba,CAÃ‘A CRUZ,23117,5248,14
Cordoba,CAÃ‘ADA DE CORIA,23118,5249,14
Cordoba,EL CARMEN GUIÃ‘AZU,23119,5145,14
Cordoba,VILLA CANDELARIA NORTE,23120,5249,14
Cordoba,EL CHINGOLO,23121,5145,14
Cordoba,EL OCHENTA,23123,5123,14
Cordoba,EST CANDELARIA NORTE,23124,5235,14
Cordoba,EL QUEBRACHAL,23125,5101,14
Cordoba,PEDANIA CANDELARIA SUD,23126,5233,14
Cordoba,CARNERO YACO,23129,5246,14
Cordoba,CASAS VEJAS,23133,5246,14
Cordoba,CHAÃ‘AR VIEJO,23138,5246,14
Cordoba,HARAS SANTA MARTHA,23139,5123,14
Cordoba,KILOMETRO 25 LA CARBONADA,23144,5123,14
Cordoba,CHILE CORRAL AL AGUADA,23146,5246,14
Cordoba,CHILLI CORRAL,23150,5246,14
Cordoba,KILOMETRO 679,23154,5123,14
Cordoba,CORRAL DEL REY,23157,5249,14
Cordoba,KILOMETRO 680 RUTA 9,23159,5123,14
Cordoba,CORRAL VIEJO,23161,5246,14
Cordoba,KILOMETRO 692,23164,5123,14
Cordoba,EL ALGARROBAL,23165,5249,14
Cordoba,EL BAÃ‘ADO,23182,5248,14
Cordoba,KILOMETRO 730,23185,5145,14
Cordoba,EL CORO,23186,5248,14
Cordoba,EL DURAZNO,23188,5249,14
Cordoba,LA PORFIA,23191,5119,14
Cordoba,EL GABINO,23192,5248,14
Cordoba,EL GALLEGO,23194,5249,14
Cordoba,EL GUANACO,23198,5231,14
Cordoba,EL JORDAN,23200,5248,14
Cordoba,EL LAUREL,23202,5248,14
Cordoba,EL MANGRULLO,23206,5249,14
Cordoba,EL PANTANILLO,23207,5246,14
Cordoba,RECREO VICTORIA,23208,5144,14
Cordoba,EL POZO,23210,5233,14
Cordoba,EL PRADO,23213,5248,14
Cordoba,EL PUESTO,23215,5249,14
Cordoba,EL QUEBRACHO,23218,5249,14
Cordoba,EL RODEO,23220,5249,14
Cordoba,EL SILVERIO,23223,5248,14
Cordoba,EL SIMBOL,23226,5249,14
Cordoba,EL TULE,23228,5249,14
Cordoba,EL VISMAL,23231,5233,14
Cordoba,EL ZAPALLAR,23233,5233,14
Cordoba,ENCRUCIJADA,23235,5231,14
Cordoba,VILLA CORAZON DE MARIA,23236,5101,14
Cordoba,ESTANCIA PATIÃ‘O,23237,5249,14
Cordoba,VILLA ESQUIU,23239,5101,14
Cordoba,EUFRASIO LOZA,23240,5248,14
Cordoba,VILLA MIREA,23242,5123,14
Cordoba,LA BANDA,23243,5249,14
Cordoba,LA BARRANCA,23245,5248,14
Cordoba,VILLA POSSE,23246,5123,14
Cordoba,LA CAÃ‘ADA,23247,5231,14
Cordoba,LA CHICHARRA,23249,5249,14
Cordoba,LA COSTA,23250,5249,14
Cordoba,LA CRUZ,23252,5249,14
Cordoba,LA ESTANCIA,23253,5249,14
Cordoba,LA MAZA,23254,5231,14
Cordoba,LA OSCURIDAD,23255,5255,14
Cordoba,LA PALMA,23257,5231,14
Cordoba,LA PENCA,23258,5231,14
Cordoba,LA PIEDRA BLANCA,23260,5246,14
Cordoba,LA PINTADA,23261,5248,14
Cordoba,LA QUINTANA,23262,5249,14
Cordoba,LA RINCONADA,23263,5233,14
Cordoba,LA RINCONADA CANDELARIA,23265,5249,14
Cordoba,LA SOLEDAD,23267,5249,14
Cordoba,LAS CAÃ‘AS,23272,5246,14
Cordoba,LAS CARDAS,23276,5248,14
Cordoba,LAS CHACRAS,23279,5249,14
Cordoba,LAS CORTADERAS,23282,5249,14
Cordoba,LAS FLORES,23286,5249,14
Cordoba,LAS GRAMILLAS,23289,5246,14
Cordoba,LAS MERCEDES,23292,5249,14
Cordoba,LAS TRANCAS,23295,5246,14
Cordoba,LO MACHADO,23298,5246,14
Cordoba,LOS CAJONES,23299,5246,14
Cordoba,LOS CERRILLOS,23300,5246,14
Cordoba,LOS COCOS,23311,5246,14
Cordoba,LOS HOYOS,23313,5249,14
Cordoba,LOS JUSTES,23314,5249,14
Cordoba,TRISTAN NARVAJA,23315,5149,14
Cordoba,LOS POCITOS,23316,5249,14
Cordoba,ABBURRA,23338,5220,14
Cordoba,LOS POZOS,23356,5249,14
Cordoba,LOS QUEBRACHOS,23361,5246,14
Cordoba,LOS TAJAMARES,23366,5233,14
Cordoba,LOS TRONCOS,23369,5246,14
Cordoba,PASO DEL SILVERIO,23371,5246,14
Cordoba,POCITO DEL CAMPO,23377,5248,14
Cordoba,POZO DE JUANCHO,23383,5246,14
Cordoba,POZO DE LAS OLLAS,23393,5249,14
Cordoba,POZO DE LOS ARBOLES,23397,5249,14
Cordoba,POZO DE MOLINA,23402,5249,14
Cordoba,POZO DEL SIMBOL,23406,5249,14
Cordoba,PUESTO DE CASTRO,23442,5233,14
Cordoba,PUESTO DE LOS ALAMOS,23450,5249,14
Cordoba,PUESTO DE LUNA,23455,5233,14
Cordoba,PUNTA DEL MONTE,23462,5249,14
Cordoba,RACEDO,23469,5249,14
Cordoba,RAYO CORTADO,23474,5246,14
Cordoba,RIO DULCE,23481,5249,14
Cordoba,RIO PEDRO,23484,5246,14
Cordoba,RIO SAN MIGUEL,23494,5249,14
Cordoba,RIO VIEJO,23500,5249,14
Cordoba,SAN BARTOLO,23503,5249,14
Cordoba,SAN IGNACIO,23513,5248,14
Cordoba,SAN JUANCITO,23516,5249,14
Cordoba,SAN MARTIN,23522,5249,14
Cordoba,SAN PEDRO,23527,5249,14
Cordoba,SAN RAMON,23529,5249,14
Cordoba,SANTA CATALINA,23535,5248,14
Cordoba,SANTA ELENA,23542,5246,14
Cordoba,SANTA ISABEL,23546,5249,14
Cordoba,SANTANILLA,23552,5248,14
Cordoba,TACO POZO,23556,5249,14
Cordoba,TAJAMARES,23559,5233,14
Cordoba,VANGUARDIA,23564,5246,14
Cordoba,AGUASACHA,23565,5221,14
Cordoba,YANACATO,23567,5248,14
Cordoba,ALTO DE CASTILLO,23570,5145,14
Cordoba,EL PROGRESO,23572,5249,14
Cordoba,ANIMI,23574,5107,14
Cordoba,ASCOCHINGA,23577,5117,14
Cordoba,AUGUSTO VANDERSANDE,23582,5145,14
Cordoba,BARRIO LOZA,23584,5111,14
Cordoba,BELEN,23644,5220,14
Cordoba,BLAS DE ROSALES,23653,5125,14
Cordoba,CAMPAMENTO MINNETTI,23669,5149,14
Cordoba,CAMPO BOURDICHON,23683,5149,14
Cordoba,CAÃ‘ADA SAN ANTONIO,23688,5131,14
Cordoba,CANDONGA,23693,5111,14
Cordoba,CANTERAS EL MANZANO,23698,5107,14
Cordoba,CANTERAS LA CALERA,23705,5151,14
Cordoba,CAROYA,23706,5223,14
Cordoba,CASA BAMBA,23709,5151,14
Cordoba,COLONIA HOLANDESA,23712,5131,14
Cordoba,COLONIA TIROLESA,23716,5101,14
Cordoba,COLONIA VICENTE AGUERO,23728,5221,14
Cordoba,COLUMBO,23733,5220,14
Cordoba,TERCER CUERPO DEL EJERCITO,23740,5101,14
Cordoba,DOLORES NUÃ‘EZ DEL PRADO,23746,5131,14
Cordoba,EL ALGODONAL,23750,5107,14
Cordoba,EL ESPINILLO,23753,5131,14
Cordoba,EL GATEADO,23754,5101,14
Cordoba,EL MOLINO,23755,5220,14
Cordoba,EL PASTOR,23757,5151,14
Cordoba,EL PAYADOR,23759,5151,14
Cordoba,EL QUEBRACHITO,23761,5109,14
Cordoba,BAJO DE GOMEZ,23762,5961,14
Cordoba,EL REYMUNDO,23764,5220,14
Cordoba,BAJO GALINDEZ,23766,5961,14
Cordoba,EL TALAR,23768,5107,14
Cordoba,CAMPO AMBROGGIO,23769,5915,14
Cordoba,EL TOMILLO,23770,5149,14
Cordoba,CAÃ‘ADA DE MACHADO SUD,23771,5963,14
Cordoba,EL ZAINO,23773,5149,14
Cordoba,CAPILLA DEL CARMEN,23774,5963,14
Cordoba,ESPINILLO NUÃ‘EZ DEL PRADO,23776,5131,14
Cordoba,COLONIA VIDELA,23778,5865,14
Cordoba,COSTA ALEGRE,23782,5963,14
Cordoba,ESTACION CAROYA,23783,5220,14
Cordoba,EL CARRIZAL,23786,5963,14
Cordoba,ESTACION COLONIA TIROLESA,23787,5131,14
Cordoba,EL CARRILITO,23790,5963,14
Cordoba,ESTANCIA EL CARMEN,23793,5131,14
Cordoba,ESTACION CALCHIN,23796,5969,14
Cordoba,ESTANCIA LAS CAÃ‘AS,23797,5131,14
Cordoba,ESTANCIA LOS MATORRALES,23801,5987,14
Cordoba,GENERAL ORTIZ DE OCAMPO,23802,5151,14
Cordoba,GALPON CHICO,23806,5967,14
Cordoba,HIGUERIAS,23807,5131,14
Cordoba,IMPIRA,23812,5987,14
Cordoba,INDEPENDENCIA,23816,5988,14
Cordoba,EST JUAREZ CELMAN,23817,5145,14
Cordoba,KILOMETRO 25,23818,5107,14
Cordoba,LA ISLETA,23820,5963,14
Cordoba,LA PALMERINA,23829,5913,14
Cordoba,LA ZARA,23832,5913,14
Cordoba,LA ZARITA,23841,5913,14
Cordoba,LAGUNA LARGA SUD,23847,5988,14
Cordoba,KILOMETRO 711,23852,5125,14
Cordoba,LAGUNILLA,23854,5972,14
Cordoba,KILOMETRO 745,23858,5220,14
Cordoba,LA COTITA,23866,5220,14
Cordoba,LA ESTANCITA,23869,5111,14
Cordoba,LA QUEBRADA,23872,5107,14
Cordoba,LA REDENCION,23876,5105,14
Cordoba,LA REDUCCION,23883,5105,14
Cordoba,LA TUNA TINOCO,23886,5131,14
Cordoba,LA VIRGINIA,23901,5220,14
Cordoba,LAS ASTILLAS,23906,5220,14
Cordoba,LAS CAÃ‘AS,23913,5101,14
Cordoba,LOS CHAÃ‘ARITOS,24103,5125,14
Cordoba,LOS PANTANILLOS,24104,5125,14
Cordoba,MONTE REDONDO,24105,5963,14
Cordoba,ORATORIO DE PERALTA,24106,5125,14
Cordoba,LAS CHACRAS RUTA 111 KM 14,24108,5101,14
Cordoba,PALO NEGRO,24109,5961,14
Cordoba,PASO DE VELEZ,24115,5972,14
Cordoba,PLAZA MINETTI,24121,5967,14
Cordoba,PLAZA RODRIGUEZ,24126,5987,14
Cordoba,POZO DE LAS YEGUAS,24129,5125,14
Cordoba,LAS CUSENADAS,24131,5109,14
Cordoba,RINCON,24134,5961,14
Cordoba,LAS ENCADENADAS,24138,5109,14
Cordoba,RINCON CASA GRANDE,24142,5162,14
Cordoba,SAN JERONIMO,24145,5963,14
Cordoba,LAS VERTIENTES DE LA GRANJA,24147,5107,14
Cordoba,SAN JOSE,24150,5961,14
Cordoba,LOS CALLEJONES,24151,5220,14
Cordoba,SAN RAFAEL,24154,5960,14
Cordoba,LOS CHAÃ‘ARES,24156,5220,14
Cordoba,TRES POZOS,24158,5972,14
Cordoba,LOS CIGARRALES,24160,5107,14
Cordoba,LOS POCITOS,24165,5145,14
Cordoba,LOS QUEBRACHITOS,24171,5221,14
Cordoba,LOS VAZQUEZ,24173,5125,14
Cordoba,MEDIA LUNA,24174,5125,14
Cordoba,MULA MUERTA,24175,5221,14
Cordoba,NINTES,24176,5220,14
Cordoba,Ã‘U PORA,24177,5111,14
Cordoba,NUÃ‘EZ DEL PRADO,24178,5131,14
Cordoba,OJO DE AGUA,24179,5220,14
Cordoba,PAJAS BLANCAS,24180,5111,14
Cordoba,PASO CASTELLANOS,24181,5145,14
Cordoba,POZO DEL TIGRE,24182,5145,14
Cordoba,PUESTO DE LA OVEJA,24183,5131,14
Cordoba,RIO CHICO,24184,5221,14
Cordoba,RUTA 111 KILOMETRO 14,24185,5101,14
Cordoba,RUTA 19 KILOMETRO 317,24186,5125,14
Cordoba,SAN CRISTOBAL,24187,5107,14
Cordoba,ALGARROBAL,24188,5885,14
Cordoba,ALTAUTINA,24189,5871,14
Cordoba,ALTO GRANDE,24190,5893,14
Cordoba,AMBUL,24191,5299,14
Cordoba,SAN ISIDRO,24192,5220,14
Cordoba,ARROYO,24193,5297,14
Cordoba,SAN PABLO,24194,5220,14
Cordoba,ARROYO LA HIGUERA,24195,5889,14
Cordoba,SANTA ELENA,24196,5131,14
Cordoba,ARROYO LOS PATOS,24197,5889,14
Cordoba,SANTA TERESA,24198,5221,14
Cordoba,BAJO EL MOLINO,24199,5887,14
Cordoba,SANTO TOMAS,24201,5220,14
Cordoba,BALDE DE LA MORA,24203,5871,14
Cordoba,TEJEDA,24205,5125,14
Cordoba,BALDE LINDO,24207,5871,14
Cordoba,BAÃ‘ADO DE PAJA,24212,5871,14
Cordoba,TINOCO,24213,5131,14
Cordoba,BUENA VISTA,24216,5297,14
Cordoba,TRONCO POZO,24218,5223,14
Cordoba,CAÃ‘ADA DEL PUERTO,24221,5297,14
Cordoba,VALLE VERDE,24222,5115,14
Cordoba,CAÃ‘ADA GRANDE,24223,5891,14
Cordoba,VILLA DEL LAGO,24224,5152,14
Cordoba,CAÃ‘ADA LARGA,24225,5889,14
Cordoba,CARRIZAL,24226,5299,14
Cordoba,VILLA DIAZ,24227,5109,14
Cordoba,CASA DE PIEDRA,24228,5891,14
Cordoba,VILLA LEONOR,24229,5109,14
Cordoba,VILLA LOS ALTOS,24230,5111,14
Cordoba,VILLA MARIA,24232,5220,14
Cordoba,CERRO NEGRO,24233,5297,14
Cordoba,VILLA SAN MIGUEL,24234,5111,14
Cordoba,CHUA,24235,5871,14
Cordoba,CIENAGA DE ALLENDE,24237,5891,14
Cordoba,VILLA TORTOSA,24238,5109,14
Cordoba,LOS DOS RIOS,24240,5220,14
Cordoba,COMECHINGONES,24241,5153,14
Cordoba,LOS DURAZNOS,24242,5220,14
Cordoba,CONCEPCION,24243,5871,14
Cordoba,CONDOR HUASI,24245,5871,14
Cordoba,VALLE DEL SOL,24246,5107,14
Cordoba,DOS RIOS,24247,5297,14
Cordoba,VILLA LAS MERCEDES,24248,5107,14
Cordoba,CALERA CENTRAL,24250,5151,14
Cordoba,EL ALGADOBAL,24251,5885,14
Cordoba,EL ALTO,24252,5887,14
Cordoba,EL BAJO,24255,5889,14
Cordoba,EL BORDO,24256,5871,14
Cordoba,EL CORTE,24257,5889,14
Cordoba,EL MIRADOR,24258,5891,14
Cordoba,EL PANTANILLO,24259,5885,14
Cordoba,PIEDRA BLANCA,24261,5285,14
Cordoba,EL PASO DE LA PAMPA,24262,5871,14
Cordoba,EL PERCHEL,24264,5885,14
Cordoba,EL SAUZAL,24265,5887,14
Cordoba,EL TAJAMAR,24266,5885,14
Cordoba,HUCLE,24267,5887,14
Cordoba,ISLA VERDE,24268,5893,14
Cordoba,JUAN BAUTISTA ALBERDI,24269,5891,14
Cordoba,LA AGUADITA,24271,5887,14
Cordoba,LA COCHA,24272,5893,14
Cordoba,LA COMPASION,24279,5871,14
Cordoba,LA CONCEPCION,24288,5870,14
Cordoba,LA CORTADERA,24293,5871,14
Cordoba,LA COSTA,24297,5885,14
Cordoba,LA GUARDIA,24302,5891,14
Cordoba,LA LINEA,24307,5871,14
Cordoba,LA MAJADA,24310,5887,14
Cordoba,LA QUEBRADA,24315,5297,14
Cordoba,LA QUINTA,24317,5887,14
Cordoba,LA TRAMPA,24320,5871,14
Cordoba,LAS CALLES,24322,5885,14
Cordoba,LAS CEBOLLAS,24323,5885,14
Cordoba,LAS CONANITAS,24325,5885,14
Cordoba,LAS ENSENADAS,24329,5153,14
Cordoba,LAS PALMITAS,24332,5889,14
Cordoba,LAS RABONAS,24334,5885,14
Cordoba,LAS TOSCAS,24337,5871,14
Cordoba,LOS ALGARROBOS,24339,5887,14
Cordoba,LOS CALLEJONES,24342,5871,14
Cordoba,LOS HUESOS,24345,5153,14
Cordoba,LOS MOLLES,24347,5887,14
Cordoba,MESILLAS,24349,5153,14
Cordoba,MINA ARAUJO,24351,5297,14
Cordoba,MONTE REDONDO,24354,5889,14
Cordoba,MUSSI,24355,5299,14
Cordoba,NIDO DEL AGUILA,24356,5889,14
Cordoba,NIÃ‘A PAULA,24357,5889,14
Cordoba,OJO DE AGUA,24359,5887,14
Cordoba,PACHANGO,24360,5893,14
Cordoba,AGUA DE CRESPIN,24361,5285,14
Cordoba,PAMPA DE ACHALA,24362,5153,14
Cordoba,ALTO DE LOS QUEBRACHOS,24363,5281,14
Cordoba,BAJO LINDO,24364,5270,14
Cordoba,BAÃ‘ADO DE SOTO,24365,5285,14
Cordoba,BARRIALITOS,24367,5284,14
Cordoba,PANAHOLMA,24368,5893,14
Cordoba,PASO LAS TROPAS,24370,5887,14
Cordoba,BELLA VISTA,24371,5284,14
Cordoba,CACHIYULLO,24373,5284,14
Cordoba,POZO DE LA PAMPA,24374,5871,14
Cordoba,PUERTA DE LA QUEBRADA,24375,5297,14
Cordoba,CAÃ‘ADA HONDA,24376,5280,14
Cordoba,PUESTO GUZMAN,24377,5153,14
Cordoba,CANTERAS QUILPO,24378,5281,14
Cordoba,QUEBRACHO SOLO,24379,5871,14
Cordoba,CANTERAS IGUAZU,24381,5285,14
Cordoba,QUEBRADA DEL HORNO,24382,5889,14
Cordoba,CANDELARIA,24384,5287,14
Cordoba,RIO ARRIBA,24385,5887,14
Cordoba,CARRIZAL,24386,5285,14
Cordoba,SAN LORENZO,24387,5893,14
Cordoba,SAN RAFAEL,24388,5871,14
Cordoba,CASAS VIEJAS,24389,5285,14
Cordoba,CHACRAS,24390,5284,14
Cordoba,SAN SEBASTIAN,24391,5889,14
Cordoba,SAN VICENTE,24392,5871,14
Cordoba,CHACRAS DEL POTRERO,24393,5284,14
Cordoba,SANTA RITA,24394,5893,14
Cordoba,CHARACATO,24395,5287,14
Cordoba,SANTO DOMINGO,24396,5871,14
Cordoba,DESAGUADERO,24397,5284,14
Cordoba,TARUCA PAMPA,24398,5299,14
Cordoba,TASMA,24399,5893,14
Cordoba,EL BARRIAL,24400,5285,14
Cordoba,EL CALLEJON,24401,5172,14
Cordoba,VILLA ANGELICA,24402,5885,14
Cordoba,EL CARACOL,24403,5284,14
Cordoba,VILLA CLODOMIRA,24404,5885,14
Cordoba,EL FRANCES,24405,5282,14
Cordoba,VILLA RAFAEL BENEGAS,24406,5885,14
Cordoba,EL GUAICO,24407,5285,14
Cordoba,ARCOYO,24408,5297,14
Cordoba,EL PUESTO,24410,5284,14
Cordoba,PIEDRA BLANCA,24411,5887,14
Cordoba,EL QUICHO,24415,5270,14
Cordoba,SANTA MARIA,24416,5889,14
Cordoba,EL RINCON,24420,5282,14
Cordoba,EL SIMBOLAR,24422,5281,14
Cordoba,EL VALLECITO,24423,5172,14
Cordoba,ESQUINA DEL ALAMBRE,24426,5281,14
Cordoba,ESTACION SOTO,24431,5284,14
Cordoba,GUANACO MUERTO,24435,5281,14
Cordoba,HUASCHA,24438,5218,14
Cordoba,IGLESIA VIEJA,24442,5270,14
Cordoba,KILOMETRO 505,24445,5280,14
Cordoba,KILOMETRO 541,24453,5284,14
Cordoba,LA ABRA,24460,5281,14
Cordoba,LA AGUADA,24469,5285,14
Cordoba,LA BATEA,24475,5270,14
Cordoba,LA CARBONERA,24481,5280,14
Cordoba,LA FLORIDA,24488,5281,14
Cordoba,LA FRONDA,24496,5282,14
Cordoba,LA GRAMILLA,24502,5282,14
Cordoba,LA LILIA,24508,5281,14
Cordoba,LA MESILLA,24514,5285,14
Cordoba,LA PRIMAVERA,24522,5139,14
Cordoba,LA PUERTA,24527,5281,14
Cordoba,LA TOMA,24541,5280,14
Cordoba,LA VIRGINIA,24547,5281,14
Cordoba,LAS ALERAS,24550,5270,14
Cordoba,LAS CAÃ‘ADAS,24551,5284,14
Cordoba,LAS LOMAS,24552,5284,14
Cordoba,LAS PIEDRITAS,24553,5281,14
Cordoba,LAS PLAYAS,24554,5285,14
Cordoba,LAS TAPIAS,24556,5281,14
Cordoba,LAS TINAJERAS,24558,5284,14
Cordoba,LAS TOTORITAS,24559,5285,14
Cordoba,LOS ALGARROBITOS,24560,5281,14
Cordoba,ACHIRAS,24561,5875,14
Cordoba,ALTO DE LAS MULAS,24563,5875,14
Cordoba,LOS CHAÃ‘ARITOS,24564,5281,14
Cordoba,ALTO RESBALOSO,24566,5885,14
Cordoba,LOS ESLABONES,24567,5270,14
Cordoba,ARBOLES BLANCOS,24570,5873,14
Cordoba,BANDA DE VARELA,24571,5875,14
Cordoba,BARRIO LA FERIA,24572,5870,14
Cordoba,BOCA DEL RIO,24573,5885,14
Cordoba,CAÃ‘ADA GRANDE,24574,5873,14
Cordoba,CAPILLA DE ROMERO,24575,5873,14
Cordoba,CARTABEROL,24576,5871,14
Cordoba,CHAQUINCHUNA,24577,5870,14
Cordoba,CHUCHIRAS,24578,5875,14
Cordoba,COLONIA MONTES NEGROS,24579,5875,14
Cordoba,COME TIERRA,24580,5875,14
Cordoba,CONLARA,24581,5873,14
Cordoba,CORRALITO SAN JAVIER,24582,5879,14
Cordoba,DIQUE LA VIÃ‘A,24583,5885,14
Cordoba,EL ALTO,24584,5885,14
Cordoba,EL BALDECITO,24585,5870,14
Cordoba,EL CERRO,24587,5875,14
Cordoba,LOS HORMIGUEROS,24588,5281,14
Cordoba,EL MANANTIAL,24589,5873,14
Cordoba,EL PUEBLITO,24590,5875,14
Cordoba,LOS MISTOLES,24591,5281,14
Cordoba,GUANACO BOLEADO,24592,5875,14
Cordoba,LOS PANTALLES,24593,5284,14
Cordoba,HORNILLOS,24594,5885,14
Cordoba,LOS PIQUILLINES,24595,5201,14
Cordoba,HUASTA,24596,5875,14
Cordoba,LOS SAUCES,24597,5282,14
Cordoba,LA CAÃ‘ADA,24598,5870,14
Cordoba,LA FUENTE,24599,5879,14
Cordoba,LOS VALDES,24600,5270,14
Cordoba,LA POBLACION,24601,5875,14
Cordoba,LA SIENA,24602,5875,14
Cordoba,MAJADA DE SANTIAGO,24603,5287,14
Cordoba,LA TRAVESIA,24604,5875,14
Cordoba,MANDALA,24605,5284,14
Cordoba,LA VENTANA,24606,5870,14
Cordoba,LAS CAÃ‘ADAS,24607,5870,14
Cordoba,MEDIA NARANJA,24608,5281,14
Cordoba,LAS ENCRUCIJADAS,24609,5871,14
Cordoba,LAS PALOMAS,24610,5870,14
Cordoba,MESA DE MARIANO,24611,5285,14
Cordoba,NEGRO HUASI,24612,5280,14
Cordoba,LAS TRES PIEDRAS,24613,5879,14
Cordoba,LOMA BOLA,24614,5879,14
Cordoba,LOMITAS,24615,5875,14
Cordoba,LOS CHAÃ‘ARES,24616,5873,14
Cordoba,LOS CHAÃ‘ARITOS,24617,5873,14
Cordoba,LOS MANGUITOS,24618,5873,14
Cordoba,LOS MOLLES,24619,5885,14
Cordoba,LOS POZOS,24620,5870,14
Cordoba,MANGUITAS,24621,5873,14
Cordoba,NICHO,24622,5870,14
Cordoba,POZO DEL MOLLE,24623,5873,14
Cordoba,QUEBRADA DE LOS POZOS,24624,5885,14
Cordoba,RIO DE JAIME,24625,5875,14
Cordoba,RIO HONDO,24626,5875,14
Cordoba,RODEO DE PIEDRA,24627,5875,14
Cordoba,SAGRADA FAMILIA,24628,5875,14
Cordoba,SALTO,24629,5873,14
Cordoba,SAN ANTONIO,24631,5870,14
Cordoba,SAN ISIDRO,24634,5875,14
Cordoba,SAN JAVIER,24635,5875,14
Cordoba,CHANCANI,24642,5871,14
Cordoba,SAN MIGUEL SAN VICENTE,24649,5871,14
Cordoba,SAN NICOLAS,24655,5871,14
Cordoba,SAN ROQUE,24660,5870,14
Cordoba,TABANILLO,24664,5870,14
Cordoba,TILQUICHO,24668,5873,14
Cordoba,ZAPATA,24672,5873,14
Cordoba,CORRAL DE CABALLOS,24673,5870,14
Cordoba,DIEZ RIOS,24674,5875,14
Cordoba,POZO DEL CHAÃ‘AR,24675,5873,14
Cordoba,NUEVA ESPERANZA,24676,5280,14
Cordoba,ORO GRUESO,24677,5287,14
Cordoba,PALO CORTADO,24678,5280,14
Cordoba,PALO LABRADO,24679,5281,14
Cordoba,PALO PARADO,24680,5281,14
Cordoba,PALO QUEMADO,24681,5284,14
Cordoba,PALOMA POZO,24682,5284,14
Cordoba,PASO DE MONTOYA,24683,5284,14
Cordoba,PICHANAS,24684,5284,14
Cordoba,PIEDRAS AMONTONADAS,24685,5284,14
Cordoba,PIEDRAS ANCHAS,24686,5284,14
Cordoba,POZO DEL SIMBOL,24687,5281,14
Cordoba,PUESTO DEL GALLO,24688,5281,14
Cordoba,QUILMES,24689,5270,14
Cordoba,RAMBLON,24691,5284,14
Cordoba,REPRESA DE MORALES,24693,5285,14
Cordoba,RIO DE LA POBLACION,24694,5280,14
Cordoba,RIO SECO,24695,5284,14
Cordoba,SAN ANTONIO,24696,5281,14
Cordoba,SAN ISIDRO,24697,5281,14
Cordoba,SAN JOSE,24698,5281,14
Cordoba,SANTA ANA,24699,5284,14
Cordoba,SENDAS GRANDES,24700,5284,14
Cordoba,SIMBOLAR,24701,5281,14
Cordoba,TABAQUILLO,24702,5281,14
Cordoba,TALA DEL RIO SECO,24703,5284,14
Cordoba,TRES ARBOLES,24704,5285,14
Cordoba,VILLA LOS LEONES,24705,5281,14
Cordoba,BARRIAL,24709,5281,14
Cordoba,LAS ABRAS,24712,5270,14
Cordoba,OLIVARES SAN NICOLAS,24719,5280,14
Cordoba,ARBOL CHATO,24726,2432,14
Cordoba,ARROYO DE ALVAREZ,24727,2434,14
Cordoba,BARRIO MULLER,24728,5143,14
Cordoba,CAMPO BANDILLO,24729,5943,14
Cordoba,CAMPO BEIRO,24730,2421,14
Cordoba,CAMPO BOERO,24731,2426,14
Cordoba,CAMPO CALVO,24732,2423,14
Cordoba,CAMPO COYUNDA,24733,5139,14
Cordoba,CAMPO LA LUISA,24734,2423,14
Cordoba,CAPILLA SAN ANTONIO,24735,2432,14
Cordoba,CAPILLA SANTA ROSA,24736,2415,14
Cordoba,COLONIA ANGELITA,24737,5941,14
Cordoba,COLONIA ANITA,24738,2413,14
Cordoba,COLONIA ARROYO DE ALVAREZ,24739,2436,14
Cordoba,COLONIA BEIRO,24740,2421,14
Cordoba,COLONIA BOTTURI,24742,2419,14
Cordoba,ANTONIO CATALANO,24743,6271,14
Cordoba,COLONIA CEFERINA,24744,2415,14
Cordoba,COLONIA CORTADERA,24745,2436,14
Cordoba,BURMEISTER,24746,6225,14
Cordoba,COLONIA COYUNDA,24747,2435,14
Cordoba,CAMPO SAN JUAN,24748,6271,14
Cordoba,COLONIA CRISTINA,24749,2424,14
Cordoba,CAÃ‘ADA VERDE,24750,6275,14
Cordoba,COLONIA DEL BANCO NACION,24751,2428,14
Cordoba,COLONIA DOS HERMANOS,24752,2421,14
Cordoba,COLONIA BOERO,24753,6270,14
Cordoba,COLONIA DOROTEA,24754,6270,14
Cordoba,COLONIA EL MILAGRO,24755,2424,14
Cordoba,COLONIA EL TRABAJO,24756,2424,14
Cordoba,COSTA DEL RIO QUINTO,24757,6271,14
Cordoba,DE LA SERNA,24758,6271,14
Cordoba,COLONIA EUGENIA,24759,2413,14
Cordoba,EL ARBOL,24760,6127,14
Cordoba,EL NOY,24761,6127,14
Cordoba,COLONIA GORCHS,24762,2415,14
Cordoba,COLONIA GENERAL DEHEZA,24763,5945,14
Cordoba,EL PAMPERO,24764,6273,14
Cordoba,COLONIA ITURRASPE,24765,2413,14
Cordoba,SANTA MAGDALENA,24766,6127,14
Cordoba,COLONIA LA MOROCHA,24767,2423,14
Cordoba,LA LUZ,24768,6271,14
Cordoba,TORDILLA NORTE,24769,2435,14
Cordoba,COLONIA LA TRINCHERA,24770,2417,14
Cordoba,LA NACIONAL,24771,6275,14
Cordoba,LA PENCA,24772,6279,14
Cordoba,COLONIA LAVARELLO,24773,2415,14
Cordoba,LA PERLITA,24774,6271,14
Cordoba,COLONIA MAUNIER,24775,2349,14
Cordoba,LARSEN,24776,6275,14
Cordoba,COLONIA MILESSI,24777,2349,14
Cordoba,LECUEDER,24778,6273,14
Cordoba,COLONIA NUEVO PIAMONTE,24779,2415,14
Cordoba,COLONIA PALO LABRADO,24780,2415,14
Cordoba,LOS ALFALFARES,24781,6275,14
Cordoba,COLONIA PRODAMONTE,24782,2413,14
Cordoba,COLONIA SAN PEDRO,24783,2421,14
Cordoba,LOS GAUCHOS DE GUEMES,24784,6127,14
Cordoba,COLONIA SANTA MARIA,24785,2423,14
Cordoba,MELIDEO,24786,6270,14
Cordoba,COLONIA SANTA RITA,24787,2411,14
Cordoba,MODESTINO PIZARRO,24788,6273,14
Cordoba,COLONIA TACURALES,24789,2421,14
Cordoba,NAZCA,24790,6270,14
Cordoba,PINCEN,24791,6271,14
Cordoba,COLONIA TORO PUJIO,24792,5139,14
Cordoba,RANQUELES,24793,6271,14
Cordoba,COLONIA UDINE,24794,2417,14
Cordoba,COLONIAS,24795,2436,14
Cordoba,TOMAS ECHENIQUE,24796,6271,14
Cordoba,CORRAL DE GOMEZ,24797,5139,14
Cordoba,VILLA MODERNA,24798,6275,14
Cordoba,CORRAL DE GUARDIA,24799,5940,14
Cordoba,CORRAL DE MULAS,24800,5945,14
Cordoba,VILLA SARMIENTO,24801,6273,14
Cordoba,COTAGAITA,24802,2419,14
Cordoba,WATT,24803,6270,14
Cordoba,CRISTINA,24804,2424,14
Cordoba,DOS ROSAS,24805,2349,14
Cordoba,EL FUERTECITO,24807,2428,14
Cordoba,EL JUMIAL,24808,5947,14
Cordoba,EL TRABAJO,24809,2424,14
Cordoba,ESTANCIA EL CHAÃ‘AR,24810,2428,14
Cordoba,ESTANCIA LA CHIQUITA,24811,2428,14
Cordoba,ESTANCIA LA MOROCHA,24812,2428,14
Cordoba,INDIA MUERTA,24813,5909,14
Cordoba,JEANMAIRE,24814,2424,14
Cordoba,JERONIMO CORTES,24815,5141,14
Cordoba,KILOMETRO 531,24816,2424,14
Cordoba,KILOMETRO 581,24817,2428,14
Cordoba,LA CURVA,24819,2434,14
Cordoba,EL FLORIDA,24820,2432,14
Cordoba,LA FRONTERA,24821,2433,14
Cordoba,LA MILKA,24822,2400,14
Cordoba,LA POBLADORA,24823,5945,14
Cordoba,PRIMAVERA,24824,5139,14
Cordoba,LA REPRESA,24825,2436,14
Cordoba,LA TRINCHERA,24826,2417,14
Cordoba,LA UDINE,24827,2413,14
Cordoba,LA VICENTA,24828,2417,14
Cordoba,LAS CAÃ‘ITAS,24829,2428,14
Cordoba,LAS DELICIAS,24830,2433,14
Cordoba,LOS ALGARROBITOS,24831,2432,14
Cordoba,LOS DESAGUES,24832,2421,14
Cordoba,LUIS SAUZE,24833,2423,14
Cordoba,MAUNIER,24834,2421,14
Cordoba,MONTE GRANDE,24835,2417,14
Cordoba,MONTE REDONDO,24836,2423,14
Cordoba,ARROYO DEL PINO,24837,5901,14
Cordoba,PASO DE LOS GALLEGOS,24838,2433,14
Cordoba,PLAYA GRANDE,24839,5139,14
Cordoba,PLAZA BRUNO,24843,2436,14
Cordoba,PLAZA SAN FRANCISCO,24844,2401,14
Cordoba,PLUJUNTA,24845,5141,14
Cordoba,POZO DEL AVESTRUZ,24846,5947,14
Cordoba,POZO DEL CHAJA,24847,2433,14
Cordoba,POZO DEL CHAÃ‘AR,24849,2435,14
Cordoba,PUENTE RIO PLUJUNTA,24851,5139,14
Cordoba,QUEBRACHITOS,24852,2436,14
Cordoba,TORO PUJIO,24854,5139,14
Cordoba,TRINCHERA,24857,5909,14
Cordoba,VACAS BLANCAS,24858,5143,14
Cordoba,CAPILLA SAN ANTONIO DE YUCAT,24859,5936,14
Cordoba,VILLA SAN ESTEBAN,24860,5947,14
Cordoba,CARLOMAGNO,24861,5925,14
Cordoba,VILLA VAUDAGNA,24862,2435,14
Cordoba,CAYUQUEO,24863,5901,14
Cordoba,VILLA VIEJA,24864,2426,14
Cordoba,COLONIA SANTA RITA,24865,5936,14
Cordoba,COLONIA YUCAT SUD,24866,5917,14
Cordoba,FABRICA MILITAR,24867,5900,14
Cordoba,COLONIA SAN RAFAEL,24868,2433,14
Cordoba,FERREYRA,24869,5925,14
Cordoba,KILOMETRO 267,24870,5901,14
Cordoba,LA HERRADURA,24871,5900,14
Cordoba,SAN RAFAEL,24872,5139,14
Cordoba,SANTA RITA,24873,2413,14
Cordoba,LA REINA,24874,5925,14
Cordoba,LAS CUATRO ESQUINAS,24875,5900,14
Cordoba,LAS MOJARRAS,24876,5909,14
Cordoba,LAS PICHANAS,24877,5900,14
Cordoba,LOS REYUNOS,24878,5925,14
Cordoba,MARIA,24879,5925,14
Cordoba,MONTE DE LOS LAZOS,24880,5900,14
Cordoba,PAUNERO,24881,5738,14
Cordoba,RAMON J CARCANO,24882,5900,14
Cordoba,SAN ANTONIO DE YUCAT,24883,5936,14
Cordoba,SANABRIA,24884,5901,14
Cordoba,SANTA ROSA,24885,5909,14
Cordoba,SANTA VICTORIA,24886,2675,14
Cordoba,SARMICA,24887,5925,14
Cordoba,VILLA AURORA,24888,5900,14
Cordoba,VILLA DEL PARQUE,24889,5903,14
Cordoba,VILLA EMILIA,24890,5900,14
Cordoba,AGUA PINTADA,24892,5212,14
Cordoba,ALGARROBO,24893,5221,14
Cordoba,AVELLANEDA,24894,5212,14
Cordoba,BAJO DE OLMOS,24895,5221,14
Cordoba,BARRANCA YACO,24897,5212,14
Cordoba,CAÃ‘ADA DE MATEO,24899,5221,14
Cordoba,CAÃ‘ADA DE MAYO,24900,5218,14
Cordoba,CAÃ‘ADAS HONDAS,24903,5221,14
Cordoba,CANTERA LOS VIERAS,24904,5212,14
Cordoba,ALTO ALEGRE,24906,5121,14
Cordoba,CANTERAS KILOMETRO 428,24907,5200,14
Cordoba,CERRO DE LA CRUZ,24908,5200,14
Cordoba,ALTO DE FIERRO,24909,5119,14
Cordoba,CERRO NEGRO,24911,5221,14
Cordoba,BAJO CHICO,24913,5189,14
Cordoba,CORIMAYO,24914,5184,14
Cordoba,CORITO,24915,5200,14
Cordoba,ALTO DEL DURAZNO,24916,5119,14
Cordoba,CRUZ MOJADA,24917,5212,14
Cordoba,BAJO GRANDE,24918,5101,14
Cordoba,EL ALGARROBO,24919,5221,14
Cordoba,BARRIO DEAN FUNES,24920,5123,14
Cordoba,EL BAÃ‘ADO,24922,5214,14
Cordoba,BUENA VISTA,24923,5121,14
Cordoba,EL CHANCHITO,24924,5218,14
Cordoba,CAMINO A PUNTA DEL AGUA,24925,5101,14
Cordoba,EL CORO,24926,5212,14
Cordoba,EL DIVISADERO,24927,5212,14
Cordoba,CANTERAS ALTA GRACIA,24928,5186,14
Cordoba,EL ESTANQUE,24929,5212,14
Cordoba,CAPILLA DE COSME,24930,5101,14
Cordoba,EL IALITA,24931,5212,14
Cordoba,EL JUME,24933,5218,14
Cordoba,COLONIA COSME SUD,24934,5101,14
Cordoba,EL MOJONCITO,24935,5218,14
Cordoba,COLONIA SAN ISIDRO,24936,5189,14
Cordoba,COLONIA SANTA CATALINA,24937,5851,14
Cordoba,EL MOLINO,24939,5214,14
Cordoba,EL PARAISO,24940,5218,14
Cordoba,DIQUE LOS MOLINOS,24941,5192,14
Cordoba,EL PORTILLO,24942,5200,14
Cordoba,DUARTE QUIROS,24943,5119,14
Cordoba,EL PUESTO LOS CABRERA,24944,5218,14
Cordoba,ESTANCIA LA PUNTA DEL AGUA,24946,5187,14
Cordoba,EL QUEBRACHO,24947,5218,14
Cordoba,GOLPE DE AGUA,24949,5187,14
Cordoba,JOSE DE LA QUINTANA,24950,5189,14
Cordoba,EL RANCHITO,24951,5218,14
Cordoba,LA BETANIA,24952,5189,14
Cordoba,EL TALA,24953,5201,14
Cordoba,EL TALITA,24955,5212,14
Cordoba,LA COCHA,24956,5101,14
Cordoba,FALDA DEL CARMEN,24958,5187,14
Cordoba,EL TAMBERO,24959,5212,14
Cordoba,LA GRANADILLA,24960,5187,14
Cordoba,EL VEINTICINCO,24961,5214,14
Cordoba,LA ISOLINA,24962,5186,14
Cordoba,ESTANCIA GOROSITO,24963,5212,14
Cordoba,LA LAGUNILLA,24964,5119,14
Cordoba,INGENIERO BERTINI,24965,5200,14
Cordoba,ISCHILIN,24966,5201,14
Cordoba,LA PAISANITA,24967,5186,14
Cordoba,JAIME PETER,24968,5218,14
Cordoba,JUAN GARCIA,24970,5212,14
Cordoba,KILOMETRO 430,24971,5200,14
Cordoba,KILOMETRO 450,24972,5218,14
Cordoba,LAGUNILLA,24973,5101,14
Cordoba,KILOMETRO 784,24974,5212,14
Cordoba,LAS HIGUERITAS,24976,5186,14
Cordoba,KILOMETRO 807,24977,5212,14
Cordoba,LAS PLAYAS LOZADA,24978,5101,14
Cordoba,KILOMETRO 827,24979,5212,14
Cordoba,LOS ALGARROBOS,24980,5189,14
Cordoba,KILOMETRO 832,24981,5200,14
Cordoba,LOS CERRILLOS,24982,5101,14
Cordoba,KILOMETRO 859,24984,5214,14
Cordoba,LOS OLIVARES,24985,5101,14
Cordoba,KILOMETRO 865,24986,5214,14
Cordoba,LOS PARAISOS,24987,5187,14
Cordoba,KILOMETRO 881,24988,5214,14
Cordoba,MI VALLE,24989,5101,14
Cordoba,LA AGUADA,24990,5212,14
Cordoba,MONTE GRANDE RAFAEL GARCIA,24991,5119,14
Cordoba,LA AURA,24992,5218,14
Cordoba,OBREGON,24993,5189,14
Cordoba,LA BARRANCA,24994,5214,14
Cordoba,POTRERO DE FUNES,24995,5189,14
Cordoba,LA BATALLA,24997,5201,14
Cordoba,POTRERO DE GARAY,24999,5189,14
Cordoba,POTRERO DE TUTZER,25000,5186,14
Cordoba,RIO LOS MOLINOS,25001,5189,14
Cordoba,SAN ANTONIO,25003,5121,14
Cordoba,LA BOTIJA,25004,5214,14
Cordoba,LA CALERA,25006,5218,14
Cordoba,SAN ANTONIO NORTE,25007,5119,14
Cordoba,LA CAÃ‘ADA ANGOSTA,25008,5218,14
Cordoba,LA CHACRA,25014,5212,14
Cordoba,SANTA RITA,25021,5189,14
Cordoba,LA COLONIA,25023,5201,14
Cordoba,LA ESTACADA,25025,5212,14
Cordoba,VILLA CARLOS PELLEGRINI,25027,5186,14
Cordoba,VILLA CIUDAD DE AMERICA,25029,5189,14
Cordoba,LA FLORIDA,25031,5214,14
Cordoba,VILLA LA RANCHERITA,25036,5189,14
Cordoba,LA HIGUERITA,25037,5201,14
Cordoba,LA ISABELA,25045,5200,14
Cordoba,VILLA LOS AROMOS,25046,5186,14
Cordoba,LA MAJADA,25049,5212,14
Cordoba,VILLA SATYTA,25051,5189,14
Cordoba,LA ISLA,25055,5186,14
Cordoba,LA MESADA,25056,5200,14
Cordoba,LA RUDA,25059,5214,14
Cordoba,LA SELVA,25061,5212,14
Cordoba,LA TUNA,25064,5212,14
Cordoba,LAS CAÃ‘AS,25065,5201,14
Cordoba,LAS CANTERAS,25067,5218,14
Cordoba,LAS CHACRAS,25068,5214,14
Cordoba,AGUADA DEL MONTE,25070,5209,14
Cordoba,LAS CRUCECITAS,25071,5201,14
Cordoba,AGUADITA,25073,5209,14
Cordoba,LAS DELICIAS,25074,5212,14
Cordoba,BORDO DE LOS ESPINOSA,25075,5209,14
Cordoba,LAS LOMITAS,25076,5212,14
Cordoba,CACHI YACO,25077,5209,14
Cordoba,CALASUYA,25078,5201,14
Cordoba,LAS MANZANAS,25079,5212,14
Cordoba,CAMPO ALEGRE,25080,5209,14
Cordoba,CAÃ‘ADA DEL TALA,25081,5244,14
Cordoba,LAS PALMAS,25082,5201,14
Cordoba,CASPICHUMA,25083,5209,14
Cordoba,LAS PALMITAS,25084,5221,14
Cordoba,CHACRAS DEL SAUCE,25085,5244,14
Cordoba,LAS PALOMITAS,25086,5201,14
Cordoba,CHUÃ‘A HUASI,25087,5201,14
Cordoba,LAS PENCAS,25088,5200,14
Cordoba,COPACABANA,25089,5201,14
Cordoba,LAS PIEDRAS ANCHAS,25090,5212,14
Cordoba,LAS SIERRAS,25091,5212,14
Cordoba,EL CARRIZAL CHUÃ‘AHUASI,25092,5201,14
Cordoba,LAS TOSCAS,25093,5214,14
Cordoba,EL PANTANO,25094,5244,14
Cordoba,LAS TUSCAS,25095,5218,14
Cordoba,EL PERTIGO,25096,5201,14
Cordoba,LOBERA,25097,5201,14
Cordoba,EL RODEITO,25098,5201,14
Cordoba,GRACIELA,25099,5209,14
Cordoba,LOS BRINZES,25100,5201,14
Cordoba,INVERNADA,25101,5209,14
Cordoba,LOS CADILLOS,25102,5214,14
Cordoba,JARILLAS,25103,5209,14
Cordoba,LOS CEJAS,25105,5201,14
Cordoba,JUME,25106,5209,14
Cordoba,LA ESPERANZA,25107,5209,14
Cordoba,LOS CHAÃ‘ARES,25108,5212,14
Cordoba,LA PLAZA,25109,5244,14
Cordoba,LOS COQUITOS,25112,5201,14
Cordoba,LA POSTA CHUÃ‘AGUAS,25113,5201,14
Cordoba,LOS MIQUILES,25116,5221,14
Cordoba,LA QUINTA,25118,5209,14
Cordoba,LA TOTORILLA,25121,5209,14
Cordoba,LOS MORTEROS,25122,5214,14
Cordoba,LOS PEDERNALES,25125,5212,14
Cordoba,LA ZANJA,25127,5201,14
Cordoba,LOS POZOS,25128,5212,14
Cordoba,LAS AGUADITAS,25129,5201,14
Cordoba,LOS PUESTITOS,25130,5200,14
Cordoba,LAS JARILLAS,25131,5209,14
Cordoba,LOMA BLANCA,25133,5209,14
Cordoba,LOMITAS,25135,5209,14
Cordoba,LOS RUICES,25137,5201,14
Cordoba,LOS BORDOS,25138,5209,14
Cordoba,LOS CERRILLOS,25140,5209,14
Cordoba,MAJADILLA,25142,5209,14
Cordoba,MANANTIALES,25143,5209,14
Cordoba,LOS SOCABONES,25144,5214,14
Cordoba,MOVADO,25147,5209,14
Cordoba,LOS TARTAGOS,25149,5218,14
Cordoba,NAVARRO,25150,5209,14
Cordoba,POZO DEL TIGRE,25151,5209,14
Cordoba,MIQUILOS,25152,5221,14
Cordoba,PUESTO NUEVO,25153,5209,14
Cordoba,MOLINOS,25154,5212,14
Cordoba,RODEITO,25156,5209,14
Cordoba,SAN LUIS,25157,5209,14
Cordoba,ONGAMIRA,25158,5184,14
Cordoba,SAN PABLO,25159,5209,14
Cordoba,ORCOSUNI,25160,5214,14
Cordoba,SANTA ANA,25162,5209,14
Cordoba,SANTA MARIA DE SOBREMONTE,25163,5209,14
Cordoba,SANTO DOMINGO,25164,5209,14
Cordoba,SOCORRO,25165,5209,14
Cordoba,TOTRILLA,25167,5201,14
Cordoba,PUESTO DE ARRIBA,25168,5214,14
Cordoba,CASPICUCHANA,25169,5209,14
Cordoba,PUESTO DE BATALLA,25170,5218,14
Cordoba,PUESTO DE LOS RODRIGUEZ,25171,5200,14
Cordoba,PUESTO DE CERRO,25172,5200,14
Cordoba,PUESTO DEL MEDIO,25173,5117,14
Cordoba,QUEBRADA DE NONA,25174,5184,14
Cordoba,RIO DE LAS MANZANAS,25175,5212,14
Cordoba,BARRIO DEL LIBERTADOR,25181,5850,14
Cordoba,CAMPO ROSSIANO,25182,5987,14
Cordoba,COLONIA ALMADA,25183,5987,14
Cordoba,COLONIA GARZON,25184,5987,14
Cordoba,COLONIA HAMBURGO,25185,5933,14
Cordoba,COLONIA LA PRIMAVERA,25186,5933,14
Cordoba,COLONIA LUQUE,25187,5850,14
Cordoba,COLONIA SANTA MARGARITA,25188,5933,14
Cordoba,EL PORTEÃ‘O,25189,5933,14
Cordoba,EL SALTO NORTE,25190,5854,14
Cordoba,FABRICA MILITAR RIO TERCERO,25192,5850,14
Cordoba,LAS ISLETILLAS,25196,5931,14
Cordoba,LOS POTREROS,25198,5850,14
Cordoba,MONTE DEL FRAYLE,25199,5931,14
Cordoba,PUNTA DEL AGUA,25201,5931,14
Cordoba,RIO DE LOS TALAS,25214,5221,14
Cordoba,RIO PINTO,25215,5221,14
Cordoba,SAJON,25216,5200,14
Cordoba,SAN BERNARDO,25217,5201,14
Cordoba,SAN CARLOS,25218,5212,14
Cordoba,SAN MIGUEL,25219,5212,14
Cordoba,SAN NICOLAS,25220,5281,14
Cordoba,SAN PEDRO DE TOYOS,25221,5201,14
Cordoba,SAN VICENTE,25222,5200,14
Cordoba,SANTA RITA,25223,5200,14
Cordoba,SAUCE CHIQUITO,25224,5200,14
Cordoba,SAUCE PUNCO,25225,5200,14
Cordoba,TODOS LOS SANTOS,25226,5201,14
Cordoba,TORO MUERTO,25227,5200,14
Cordoba,VILLA ALBERTINA,25228,5221,14
Cordoba,VILLA CERRO NEGRO,25229,5221,14
Cordoba,AGUA DE LAS PIEDRAS,25230,5221,14
Cordoba,VILLA COLIMBA,25231,5201,14
Cordoba,CABINDO,25232,5221,14
Cordoba,CAMPO ALEGRE,25233,5221,14
Cordoba,VILLA GUTIERREZ,25234,5212,14
Cordoba,CAMPO ALVAREZ,25235,5229,14
Cordoba,YERBA BUENA,25236,5200,14
Cordoba,CAMPO DE LAS PIEDRAS,25237,5236,14
Cordoba,CAÃ‘ADA DEL SIMBOL,25238,5200,14
Cordoba,CAMPO LA PIEDRA,25239,5221,14
Cordoba,CAÃ‘ADA DE JUME,25240,5221,14
Cordoba,CAÃ‘ADA DE RIO PINTO,25241,5221,14
Cordoba,CANDELARIA SUD,25242,5221,14
Cordoba,CANTERAS LOS MORALES,25243,5238,14
Cordoba,CAPILLA DE SITON,25244,5231,14
Cordoba,CASAS VIEJAS,25245,5236,14
Cordoba,CHACRAS VIEJAS,25246,5242,14
Cordoba,CORRAL DE BARRANCA,25248,5221,14
Cordoba,CRUZ DEL QUEMADO,25249,5221,14
Cordoba,DOCTOR NICASIO SALAS OROÃ‘O,25250,5221,14
Cordoba,EL BOSQUE,25251,5229,14
Cordoba,EL PEDACITO,25252,5236,14
Cordoba,EL RINCON,25253,5231,14
Cordoba,EL TALITA VILLA GRAL MITRE,25254,5236,14
Cordoba,ESPINILLO,25255,5221,14
Cordoba,ESTANCIA BOTTARO,25256,5229,14
Cordoba,ESTANCIA EL TACO,25257,5229,14
Cordoba,ESTANCIA LAS MERCEDES,25258,5229,14
Cordoba,ESTANCIA LAS ROSAS,25259,5229,14
Cordoba,ASSUNTA,25260,2671,14
Cordoba,BARRETO,25261,2671,14
Cordoba,HARAS SAN ANTONIO,25262,5236,14
Cordoba,COLONIA DOLORES,25263,5809,14
Cordoba,KILOMETRO 364,25264,5229,14
Cordoba,COLONIA MAIPU,25265,2684,14
Cordoba,KILOMETRO 394,25266,5238,14
Cordoba,LA AGUADA,25267,5211,14
Cordoba,COLONIA SANTA PAULA,25268,5805,14
Cordoba,COLONIA VALLE GRANDE,25269,6121,14
Cordoba,DEMARCHI,25270,2684,14
Cordoba,LA DORA,25271,5229,14
Cordoba,EL RASTREADOR,25272,6121,14
Cordoba,ESTANCIA LAS MARGARITAS,25273,2671,14
Cordoba,LA PAMPA,25274,5117,14
Cordoba,LA PAZ,25275,5117,14
Cordoba,HUANCHILLA SUD,25276,6121,14
Cordoba,LA PORTEÃ‘A,25277,5221,14
Cordoba,LA CAÃ‘ADA GRANDE,25278,5803,14
Cordoba,LAS BANDURRIAS,25279,5236,14
Cordoba,LOS COMETIERRA,25280,5221,14
Cordoba,LOS MISTOLES,25281,5229,14
Cordoba,LAGUNILLAS,25282,5807,14
Cordoba,MACHA,25283,5211,14
Cordoba,LOS CISNES,25284,2684,14
Cordoba,POZO CONCA,25285,5221,14
Cordoba,POZO CORREA,25286,5221,14
Cordoba,MANANTIALES,25287,2671,14
Cordoba,PUESTO DEL ROSARIO,25288,5236,14
Cordoba,PUESTO SAN JOSE,25289,5242,14
Cordoba,OLMOS,25290,2684,14
Cordoba,QUISCASACATE,25291,5221,14
Cordoba,PASTOS ALTOS,25292,5807,14
Cordoba,RIO DE LOS SAUCES,25293,5221,14
Cordoba,SAN ANTONIO DE BELLA VISTA,25294,5236,14
Cordoba,PAVIN,25295,6121,14
Cordoba,SAN JORGE,25296,5117,14
Cordoba,SAN JOSE,25297,5242,14
Cordoba,SAN LORENZO,25298,5221,14
Cordoba,SAN MIGUEL,25299,5117,14
Cordoba,SAN PELLEGRINO,25300,5221,14
Cordoba,SANTA LUCIA,25301,5229,14
Cordoba,SANTA MARIA,25302,5236,14
Cordoba,SANTA SABINA,25303,5221,14
Cordoba,SIMBOLAR,25304,5242,14
Cordoba,PEDRO E FUNES,25305,2671,14
Cordoba,TINTIZACO,25306,5229,14
Cordoba,VILLA GENERAL MITRE,25308,5236,14
Cordoba,CABEZA DE BUEY,25309,5229,14
Cordoba,EL CRESTON DE PIEDRA,25310,5236,14
Cordoba,ACOLLARADO,25311,5216,14
Cordoba,AGUA DEL TALA,25312,5243,14
Cordoba,AGUA HEDIONDA,25314,5216,14
Cordoba,ALTO DE FLORES,25316,5203,14
Cordoba,ALTO VERDE,25317,5205,14
Cordoba,ARBOL BLANCO,25318,5216,14
Cordoba,BEUCE,25319,5244,14
Cordoba,CAMARONES,25320,5205,14
Cordoba,CHIPITIN,25321,5244,14
Cordoba,CHURQUI CAÃ‘ADA,25322,5246,14
Cordoba,DURAZNO,25323,5244,14
Cordoba,EL CERRITO,25324,5205,14
Cordoba,EL DESMONTE,25325,5205,14
Cordoba,EL DURAZNO,25326,5231,14
Cordoba,EL GUINDO,25327,5244,14
Cordoba,EL OJO DE AGUA,25328,5203,14
Cordoba,EL PASO,25329,5203,14
Cordoba,EL PERCHEL,25330,5244,14
Cordoba,EL RODEO,25331,5246,14
Cordoba,EL ROSARIO,25332,5205,14
Cordoba,EL SEBIL,25333,5244,14
Cordoba,EL TUSCAL,25334,5216,14
Cordoba,EL VENCE,25335,5231,14
Cordoba,ESPINILLO,25336,5203,14
Cordoba,ESTANCIA EL NACIONAL,25337,5244,14
Cordoba,GUALLASCATE,25338,5244,14
Cordoba,ISLA DE SAN ANTONIO,25339,5214,14
Cordoba,ITI HUASI,25340,5203,14
Cordoba,KILOMETRO 907,25341,5216,14
Cordoba,KILOMETRO 931,25342,5216,14
Cordoba,LA CAÃ‘ADA SANTA CRUZ,25343,5201,14
Cordoba,LA COSTA,25344,5244,14
Cordoba,LA ESPERANZA,25345,5231,14
Cordoba,LA HIGUERITA,25346,5244,14
Cordoba,LA LAGUNA,25347,5205,14
Cordoba,LA PROVIDENCIA,25348,5231,14
Cordoba,LADERA YACUS,25349,5246,14
Cordoba,LAGUNA BRAVA,25350,5244,14
Cordoba,LAGUNA DE GOMEZ,25351,5244,14
Cordoba,BAJO DEL BURRO,25352,2662,14
Cordoba,LAS AROMAS,25353,5231,14
Cordoba,LAS CAÃ‘AS,25354,5216,14
Cordoba,BARRIO LA FORTUNA,25355,2594,14
Cordoba,LAS HORQUETAS,25356,5244,14
Cordoba,LAS JUNTAS,25357,5203,14
Cordoba,LAS LOMITAS,25358,5244,14
Cordoba,LAS MASITAS,25359,5231,14
Cordoba,LAS PALMAS,25360,5231,14
Cordoba,LAS QUINTAS,25361,5244,14
Cordoba,LOMA DE PIEDRA,25362,5244,14
Cordoba,COLONIA 25 LOS SURGENTES,25363,2581,14
Cordoba,LOS ALAMOS,25364,5244,14
Cordoba,LOS POZOS,25365,5244,14
Cordoba,COLONIA BALLESTEROS,25366,2662,14
Cordoba,COLONIA BARGE,25367,2659,14
Cordoba,MAJADILLA,25368,5203,14
Cordoba,MIRAFLORES,25369,5244,14
Cordoba,COLONIA CALCHAQUI,25370,2580,14
Cordoba,PISCO HUASI,25371,5244,14
Cordoba,POZO SOLO,25372,5244,14
Cordoba,COLONIA EL CHAJA,25373,2594,14
Cordoba,PROVIDENCIA,25374,5231,14
Cordoba,COLONIA LA MURIUCHA,25375,2580,14
Cordoba,PUESTO VIEJO,25376,5244,14
Cordoba,ROJAS,25377,5246,14
Cordoba,SAN GABRIEL,25378,5244,14
Cordoba,COLONIA LA PALESTINA,25379,2645,14
Cordoba,SAN GERONIMO,25380,5297,14
Cordoba,COLONIA LEDESMA,25381,2662,14
Cordoba,SAN JOSE,25382,5216,14
Cordoba,COLONIA LOS VASCOS,25383,2189,14
Cordoba,SAN ROQUE LAS ARRIAS,25384,5231,14
Cordoba,SANTA CRUZ,25385,5201,14
Cordoba,COLONIA PROGRESO,25386,2645,14
Cordoba,SEVILLA,25387,5205,14
Cordoba,COLONIA VEINTICINCO,25388,2592,14
Cordoba,TOTORALEJOS,25389,5216,14
Cordoba,CORTADERAS,25390,2661,14
Cordoba,VILLA ROSARIO DEL SALADILLO,25391,5233,14
Cordoba,EL PANAL,25392,2580,14
Cordoba,SAN ROQUE,25393,5227,14
Cordoba,ENFERMERA KELLY,25394,2587,14
Cordoba,TUSCAL,25395,5216,14
Cordoba,FLORA,25396,2525,14
Cordoba,KILEGRUMAN,25397,2625,14
Cordoba,KILOMETRO 57,25398,2619,14
Cordoba,LA REDUCCION,25399,2594,14
Cordoba,LATAN HALL,25400,2625,14
Cordoba,PIEDRAS ANCHAS,25401,2645,14
Cordoba,PUEBLO ARGENTINO,25402,2580,14
Cordoba,PUEBLO CARLOS SAUVERAN,25403,2581,14
Cordoba,PUEBLO GAMBANDE,25404,2627,14
Cordoba,PUEBLO RIO TERCERO,25405,2581,14
Cordoba,SAN JOSE DEL SALTEÃ‘O,25406,2563,14
Cordoba,DESVIO KILOMETRO 57,25407,2625,14
Cordoba,ANA ZUMARAN,25417,5905,14
Cordoba,BARRIO BELGRANO,25419,2550,14
Cordoba,CAMPO GENERAL PAZ,25421,2555,14
Cordoba,CAMPO SOL DE MAYO,25423,2679,14
Cordoba,CAPILLA DE SAN ANTONIO,25425,2559,14
Cordoba,COLONIA BREMEN,25427,2651,14
Cordoba,COLONIA LA LEONCITA,25429,2559,14
Cordoba,COLONIA LA LOLA,25431,2650,14
Cordoba,COLONIA MASCHI,25445,2559,14
Cordoba,CORRAL DEL BAJO,25446,5913,14
Cordoba,CUATRO CAMINOS,25448,2551,14
Cordoba,EL PORVENIR,25450,2651,14
Cordoba,EL CARMEN,25451,2550,14
Cordoba,EL DORADO,25453,2651,14
Cordoba,EL FLORENTINO,25455,5951,14
Cordoba,EL OVERO,25457,2563,14
Cordoba,EL PARAISO,25458,2559,14
Cordoba,EL TRIANGULO,25459,2572,14
Cordoba,ESTACION BELL VILLE,25460,2550,14
Cordoba,GENERAL VIAMONTE,25461,2671,14
Cordoba,ISLETA NEGRA,25462,2559,14
Cordoba,LA CAJUELA,25463,2563,14
Cordoba,LA ITALIANA,25464,2651,14
Cordoba,LA ROSARINA,25465,5951,14
Cordoba,LA TIGRA,25466,5949,14
Cordoba,LAS LAGUNITAS,25467,2568,14
Cordoba,LAS MERCEDITAS,25468,2572,14
Cordoba,LAS OVERIAS,25469,2559,14
Cordoba,LAS PALMERAS,25470,2559,14
Cordoba,LOS MOLLES,25471,2561,14
Cordoba,LOS TASIS,25472,2559,14
Cordoba,LOS UCLES,25473,2559,14
Cordoba,MATACOS,25474,2659,14
Cordoba,MONTE CASTILLO,25475,2563,14
Cordoba,MONTE LEÃ‘A,25476,2564,14
Cordoba,OVERA NEGRA,25477,5951,14
Cordoba,PUEBLO VIEJO,25478,2555,14
Cordoba,SAN CARLOS,25479,2572,14
Cordoba,SAN JOSE,25480,2563,14
Cordoba,SAN MELITON,25481,2664,14
Cordoba,SAN PEDRO,25482,2559,14
Cordoba,SAN VICENTE,25483,2550,14
Cordoba,SANTA MARIA,25484,2651,14
Cordoba,SANTA ROSA,25485,5913,14
Cordoba,ATAHONA,25486,5225,14
Cordoba,COLONIA LA PIEDRA,25487,5801,14
Cordoba,MIRAMAR,25488,5143,14
Cordoba,PINAS,25489,2572,14
Cordoba,LA BARRANQUITA,25490,5833,14
Cordoba,LA BRIANZA,25491,5848,14
Cordoba,LA CALERA,25492,5813,14
Cordoba,9 DE julio,25493,5272,14
Cordoba,SAUCE DE LOS QUEVEDOS,25494,5297,14
Cordoba,AGUAS DE RAMON,25495,5284,14
Cordoba,TALA CAÃ‘ADA,25496,5297,14
Cordoba,TORO MUERTO,25497,5295,14
Cordoba,TRES CHAÃ‘ARES,25498,5295,14
Cordoba,CAÃ‘ADA DE LAS GATIADAS,25499,5291,14
Cordoba,CERRO BOLA,25500,5293,14
Cordoba,VILLA TANINGA,25501,5295,14
Cordoba,VISO,25502,5295,14
Cordoba,CHAÃ‘ARIACO,25503,5291,14
Cordoba,CIENAGA DEL CORO,25504,5289,14
Cordoba,EL BARREAL,25505,5270,14
Cordoba,EL CHACHO,25506,5272,14
Cordoba,EL DURAZNO,25507,5293,14
Cordoba,EL MOYANO,25508,5272,14
Cordoba,EL RIO,25509,5285,14
Cordoba,EL RODEO,25510,5291,14
Cordoba,EL SAUCE,25511,5289,14
Cordoba,EL SUNCHAL,25512,5291,14
Cordoba,EL VALLESITO,25513,5291,14
Cordoba,ESTANCIA DE GUADALUPE,25514,5291,14
Cordoba,COLONIA LA MAGDALENA DE ORO,25515,6132,14
Cordoba,GUASAPAMPA,25516,5285,14
Cordoba,COLONIA LA PROVIDENCIA,25517,6134,14
Cordoba,LA ARGENTINA,25518,5293,14
Cordoba,COLONIA SANTA ANA,25519,6123,14
Cordoba,LA BISMUTINA,25520,5291,14
Cordoba,CURAPALIGUE,25521,6120,14
Cordoba,FRAY CAYETANO RODRIGUEZ,25522,6120,14
Cordoba,LA ESTANCIA,25523,5291,14
Cordoba,GAVILAN,25524,6132,14
Cordoba,LA PINTADA,25525,5271,14
Cordoba,GUARDIA VIEJA,25526,6120,14
Cordoba,LA PLAYA,25527,5285,14
Cordoba,JULIO ARGENTINO ROCA,25528,6134,14
Cordoba,LA RAMADA,25529,6123,14
Cordoba,LAS CHACRAS,25530,5284,14
Cordoba,LEGUIZAMON,25531,6128,14
Cordoba,LAS CORTADERAS,25532,5293,14
Cordoba,MIGUEL SALAS,25533,6128,14
Cordoba,LAS LATAS,25534,5272,14
Cordoba,RUIZ DIAZ DE GUZMAN,25535,6120,14
Cordoba,SALGUERO,25536,6120,14
Cordoba,LOS BARRIALES,25537,5291,14
Cordoba,SAN JOAQUIN,25538,6123,14
Cordoba,SANTA CLARA,25539,6123,14
Cordoba,OJO DE AGUA DE TOTOX,25540,5293,14
Cordoba,SANTA CRISTINA,25541,6134,14
Cordoba,MINA LA BISMUTINA,25542,5291,14
Cordoba,MIRAFLORES,25543,5272,14
Cordoba,MOGOTE VERDE,25544,5291,14
Cordoba,TACUREL,25545,6123,14
Cordoba,NINALQUIN,25546,5291,14
Cordoba,VIVERO,25547,6128,14
Cordoba,OJO DE AGUA,25548,5293,14
Cordoba,PAJONAL,25549,5291,14
Cordoba,PASO GRANDE,25550,5291,14
Cordoba,PIEDRAS ANCHAS,25551,5291,14
Cordoba,PIEDRITA BLANCA,25552,5271,14
Cordoba,POTRERO DE MARQUES,25553,5297,14
Cordoba,POZO DEL BARRIAL,25554,5272,14
Cordoba,POZO SECO,25555,5285,14
Cordoba,PUESTO DE VERA,25556,5271,14
Cordoba,RAMIREZ,25557,5289,14
Cordoba,RARA FORTUNA,25558,5287,14
Cordoba,AGUA DE TALA,25559,5155,14
Cordoba,RUMIACO,25560,5289,14
Cordoba,ALTO CASTRO,25561,5182,14
Cordoba,RUMIHUASI,25562,5285,14
Cordoba,ALTO DE SAN PEDRO,25563,5174,14
Cordoba,ANGOSTURA,25564,5155,14
Cordoba,EL SALTO,25565,5282,14
Cordoba,BATAN,25566,5155,14
Cordoba,SAPANSOTO,25567,5291,14
Cordoba,BOSQUE ALEGRE,25568,5187,14
Cordoba,BUEN RETIRO,25569,5155,14
Cordoba,CAJON DEL RIO,25571,5184,14
Cordoba,SIERRA DE ABREGU,25572,5291,14
Cordoba,CALABALUMBA,25573,5282,14
Cordoba,SIERRA DE LAS PAREDES,25574,5291,14
Cordoba,SUNCHAL,25575,5291,14
Cordoba,TALAINI,25576,5291,14
Cordoba,CAÃ‘ADON DE LOS MOGOTES,25577,5184,14
Cordoba,TASACUNA,25578,5284,14
Cordoba,CASA NUEVA,25579,5155,14
Cordoba,TOSNO,25580,5289,14
Cordoba,CASA SERRANA HUERTA GRANDE,25581,5175,14
Cordoba,TOTORA GUASI,25582,5284,14
Cordoba,CASCADAS,25583,5178,14
Cordoba,TOTORITAS,25584,5291,14
Cordoba,TRES ESQUINAS,25585,5291,14
Cordoba,TRES LOMAS,25586,5291,14
Cordoba,CASSAFFOUSTH ESTACION FCGB,25587,5149,14
Cordoba,CHACHA DEL REY,25588,5282,14
Cordoba,CHARBONIER,25589,5282,14
Cordoba,COLONIA BANCO PCIA BS AS,25590,5155,14
Cordoba,COPINA,25591,5153,14
Cordoba,CUCHILLA NEVADA,25592,5155,14
Cordoba,ACOSTILLA,25593,5871,14
Cordoba,DIQUE LAS VAQUERIAS,25594,5168,14
Cordoba,BALDE DE LA ORILLA,25595,5871,14
Cordoba,DIQUE SAN ROQUE,25596,5149,14
Cordoba,DOLORES SAN ESTEBAN,25597,5182,14
Cordoba,BUENA VISTA,25598,5295,14
Cordoba,DOMINGO FUNES,25599,5164,14
Cordoba,CAÃ‘ADA DE POCHO,25600,5299,14
Cordoba,CAÃ‘ADA DE SALAS,25601,5299,14
Cordoba,DOS RIOS,25602,5155,14
Cordoba,EL AGUILA BLANCA,25603,5184,14
Cordoba,CASA BLANCA,25604,5299,14
Cordoba,EL CARRIZAL,25605,5282,14
Cordoba,CHAMICO,25606,5299,14
Cordoba,EL CUADRADO,25607,5172,14
Cordoba,CUCHILLO YACO,25608,5295,14
Cordoba,EL DURAZNO,25609,5155,14
Cordoba,EL PERCHEL,25610,5166,14
Cordoba,EL CARRIZAL,25611,5299,14
Cordoba,EL PERUEL,25612,5155,14
Cordoba,EL POTRERO,25613,5295,14
Cordoba,EL PILCADO,25614,5155,14
Cordoba,EL RINCON,25615,5871,14
Cordoba,EL PINGO,25616,5178,14
Cordoba,LA AGUADITA,25617,5299,14
Cordoba,EL POTRERO,25618,5155,14
Cordoba,EL PUENTE,25619,5172,14
Cordoba,EL VERGEL,25620,5155,14
Cordoba,LA CALERA,25621,5297,14
Cordoba,EL ZAPATO,25622,5184,14
Cordoba,ESCOBAS,25623,5282,14
Cordoba,ESTANCIA DOS RIOS,25624,5155,14
Cordoba,LA ESQUINA,25625,5295,14
Cordoba,GRUTA DE SAN ANTONIO,25626,5172,14
Cordoba,GUASTA,25627,5155,14
Cordoba,LA JARILLA,25628,5871,14
Cordoba,IRIGOYEN,25629,5168,14
Cordoba,KILOMETRO 579,25630,5168,14
Cordoba,LA MUDANA,25631,5299,14
Cordoba,KILOMETRO 592,25632,5166,14
Cordoba,KILOMETRO 608,25633,5149,14
Cordoba,LA CAÃ‘ADA,25634,5155,14
Cordoba,LA CANTERA,25635,5168,14
Cordoba,LA COSTA,25636,5282,14
Cordoba,LA PIEDRA MOVEDIZA,25637,5184,14
Cordoba,LA QUEBRADA,25638,5172,14
Cordoba,LA USINA,25639,5168,14
Cordoba,LAS CASITAS,25640,5158,14
Cordoba,LAS GEMELAS,25641,5184,14
Cordoba,LAS PAMPILLAS,25642,5182,14
Cordoba,LAS PLAYAS,25643,5172,14
Cordoba,LAS VAQUERIAS,25644,5184,14
Cordoba,LOS GIGANTES,25645,5155,14
Cordoba,LOS GUEVARA,25646,5282,14
Cordoba,LOS HELECHOS,25647,5168,14
Cordoba,LOS MOGOTES,25648,5182,14
Cordoba,LOS PAREDONES,25649,5282,14
Cordoba,LOS PUENTES,25650,5158,14
Cordoba,LOS TERRONES,25651,5184,14
Cordoba,MALLIN,25652,5155,14
Cordoba,MOLINARI,25653,5166,14
Cordoba,PAMPA DE OLAEN,25654,5166,14
Cordoba,PARQUE SIQUIMAN,25655,5158,14
Cordoba,PIEDRA GRANDE,25656,5168,14
Cordoba,PIEDRA MOVEDIZA,25657,5174,14
Cordoba,PIEDRAS BLANCAS,25658,5174,14
Cordoba,PIEDRAS GRANDES,25659,5172,14
Cordoba,PUNILLA,25660,5184,14
Cordoba,QUEBRADA DE LUNA,25661,5282,14
Cordoba,RIO GRANDE,25662,5172,14
Cordoba,SAN BUENAVENTURA,25663,5164,14
Cordoba,SAN IGNACIO,25664,5182,14
Cordoba,SAN JOSE,25665,5166,14
Cordoba,SAN ROQUE,25666,5149,14
Cordoba,SAN SALVADOR,25667,5282,14
Cordoba,LA PATRIA,25668,5871,14
Cordoba,LA SIERRITA,25669,5297,14
Cordoba,LA TABLADA,25670,5299,14
Cordoba,LAS CHACRAS,25671,5297,14
Cordoba,LAS CORTADERAS,25672,5295,14
Cordoba,SANTA ISABEL,25673,5282,14
Cordoba,SANTA ROSA,25674,5166,14
Cordoba,LAS OSCURAS,25675,5871,14
Cordoba,SANTA ROSA HUERTA GRANDE,25676,5174,14
Cordoba,LAS PALMAS,25677,5299,14
Cordoba,SAUCE ARRIBA,25678,5182,14
Cordoba,LAS ROSAS,25679,5295,14
Cordoba,SUNCHO HUICO,25680,5184,14
Cordoba,TANTI LOMAS,25681,5155,14
Cordoba,LOS DOS POZOS,25682,5871,14
Cordoba,TANTI NUEVO,25683,5155,14
Cordoba,URITORCO,25684,5184,14
Cordoba,LOS MEDANITOS,25685,5871,14
Cordoba,VILLA AHORA,25686,5166,14
Cordoba,MOGIGASTA,25687,5891,14
Cordoba,VILLA BUSTOS,25688,5164,14
Cordoba,PIEDRITAS ROSADAS,25689,5295,14
Cordoba,VILLA CAEIRO,25690,5164,14
Cordoba,PITOA,25691,5295,14
Cordoba,VILLA COSTA AZUL,25692,5153,14
Cordoba,POCHO,25693,5299,14
Cordoba,VILLA FLOR SERRANA,25694,5155,14
Cordoba,PUSISUNA,25695,5299,14
Cordoba,VILLA GRACIA,25696,5153,14
Cordoba,RIO HONDO,25697,5297,14
Cordoba,SAGRADA FAMILIA,25698,5297,14
Cordoba,VILLA INDEPENDENCIA,25699,5153,14
Cordoba,VILLA SUIZA ARGENTINA,25700,5156,14
Cordoba,EL VADO,25702,5182,14
Cordoba,VILLA CUESTA BLANCA,25703,5153,14
Cordoba,HOSPITAL FLIA DOMINGO FUNES,25704,5165,14
Cordoba,ALPA CORRAL,25705,5801,14
Cordoba,ALPAPUCA,25706,5813,14
Cordoba,ARROYO SANTA CATALINA,25707,5825,14
Cordoba,ARSENAL JOSE MARIA ROJAS,25708,5825,14
Cordoba,CAMPO DE LA TORRE,25709,5801,14
Cordoba,CAPILLA DE TEGUA,25710,5813,14
Cordoba,CHAÃ‘ARITOS,25711,5829,14
Cordoba,COLONIA LA ARGENTINA,25712,6140,14
Cordoba,COLONIA DEAN FUNES,25713,5847,14
Cordoba,COLONIA EL CARMEN PARAJE,25714,5801,14
Cordoba,COLONIA LA CARMENSITA,25715,6141,14
Cordoba,COLONIA LA CELESTINA,25716,5847,14
Cordoba,COLONIA ORCOVI,25717,5841,14
Cordoba,COLONIA PASO CARRIL,25718,5801,14
Cordoba,CUATRO VIENTOS,25719,5801,14
Cordoba,DOS LAGUNAS,25720,5813,14
Cordoba,EL BARREAL,25721,5813,14
Cordoba,EL BAÃ‘ADO,25722,5801,14
Cordoba,EL CANO,25723,5821,14
Cordoba,EL CHIQUILLAN,25724,5813,14
Cordoba,EL DURAZNITO,25725,5801,14
Cordoba,EL ESPINILLAL,25726,5813,14
Cordoba,EL POTOSI,25727,5801,14
Cordoba,EL TAMBO,25728,5801,14
Cordoba,ESPINILLO,25729,5811,14
Cordoba,ESTACION ACHIRAS,25730,5831,14
Cordoba,ESTACION PUNTA DE AGUA,25731,5839,14
Cordoba,FRAGUEYRO,25732,5847,14
Cordoba,GENERAL PUEYRREDON,25733,6140,14
Cordoba,GENERAL SOLER,25734,6142,14
Cordoba,GLORIALDO FERNANDEZ,25736,5837,14
Cordoba,GUINDAS,25737,5821,14
Cordoba,HOLMBERG,25738,5825,14
Cordoba,LA AGUADA,25739,5801,14
Cordoba,KILOMETRO 545,25740,6142,14
Cordoba,SANTA CATALINA,25764,5221,14
Cordoba,KILOMETRO 55,25765,6121,14
Cordoba,EL BALDECITO,25766,5182,14
Cordoba,LA PUERTA VILLA DE SOTO,25767,5284,14
Cordoba,SAN EUSEBIO,25768,2561,14
Cordoba,SANTA CECILIA,25769,2561,14
Cordoba,CORDOBA,26120,5000,14
Cordoba,VILLA SANTA ROSA,26287,5133,14
Cordoba,VILLA MARIA,26303,5900,14
Cordoba,RIO CUARTO,26317,5800,14
Cordoba,PACHECO DE MELO,27601,6121,14
Cordoba,SAN PEDRO DE SAN ALBERTO,27621,5871,14
Cordoba,JUAREZ CELMAN,27630,5145,14
Cordoba,ONAGOITY,27637,6227,14
Cordoba,COLONIA 10 DE JULIO,27638,2349,14
Cordoba,LA VICTORIA,27641,5231,14
Cordoba,LA LAGUNILLA,27643,5825,14
Cordoba,EL DESCANSO,27647,2434,14
Cordoba,LA CORTADERA,27648,2434,14
Cordoba,CRUZ DE CAÃ‘A,27666,5287,14
Cordoba,CIENAGA DE BRITOS,27667,5297,14
Cordoba,PUESTO EL ABRA,27668,5284,14
Cordoba,VILLA BERNA,27669,5194,14
Cordoba,VILLA ELISA,27670,2594,14
Cordoba,LAS JARILLAS,27671,5871,14
Cordoba,EL MEDANITO,27672,5871,14
Cordoba,SAN JERONIMO,27673,5297,14
Cordoba,LAS ALBAHACAS,27675,5801,14
Cordoba,MONTE DEL ROSARIO,27677,5129,14
Cordoba,LOS TALARES,27678,5299,14
Cordoba,ESTANCIA VIEJA,27680,5152,14
Cordoba,DESVIO EL VOLCAN,27681,5299,14
Cordoba,SAUCE ARRIBA,27682,5871,14
Cordoba,LOS CEDROS,27683,5101,14
Cordoba,LA TOMA,27685,5244,14
Cordoba,EL BAÃ‘ADO,27686,5244,14
Cordoba,POZO NUEVO,27687,5209,14
Cordoba,VILLA LOS PATOS,27688,2551,14
Cordoba,LA CONCEPCION,27689,5281,14
Cordoba,VILLA CIUDAD PQUE LOS REARTES,27690,5189,14
Cordoba,DIQUE CHICO,27829,5189,14
Cordoba,LA TOMA,27883,5889,14
Cordoba,LA GRUTA,27884,5889,14
Cordoba,RIO HONDO,27885,5891,14
Cordoba,PUENTE DEL CURA,27886,5891,14
Cordoba,COLONIA LAS PICHANAS,27924,2433,14
Cordoba,TIMON CRUZ,27925,5129,14
Cordoba,FALDA DE CAÃ‘ETE,27930,5186,14
