Entre Rios,ARROYO BARU,8648,3269,30
Entre Rios,BERDUC,8649,3285,30
Entre Rios,CAÃ‘ADA DE LAS OVEJAS,8650,3267,30
Entre Rios,CANTERA LA CONSTANCIA,8651,3287,30
Entre Rios,COLON,8652,3280,30
Entre Rios,COLONIA AMBIS,8653,3269,30
Entre Rios,COLONIA BAYLINA,8654,3269,30
Entre Rios,COLONIA CARABALLO,8655,3265,30
Entre Rios,COLONIA EL CARMEN,8656,3267,30
Entre Rios,COLONIA F SILLEN,8657,3269,30
Entre Rios,COLONIA HOCKER,8658,3265,30
Entre Rios,COLONIA HUGHES,8659,3281,30
Entre Rios,COLONIA LAS PEPAS,8660,3267,30
Entre Rios,COLONIA MABRAGAÃ‘A,8661,3283,30
Entre Rios,COLONIA NUEVA SUR,8662,3281,30
Entre Rios,COLONIA NUEVA SAN MIGUEL,8663,3267,30
Entre Rios,COLONIA PEREIRA,8664,3272,30
Entre Rios,COLONIA SAENZ VALIENTE,8665,3287,30
Entre Rios,COLONIA SAN ANTONIO,8666,3212,30
Entre Rios,COLONIA SAN FRANCISCO,8667,3283,30
Entre Rios,COLONIA SAN IGNACIO,8668,3267,30
Entre Rios,COLONIA SAN JOSE,8669,3218,30
Entre Rios,COLONIA SAN MIGUEL,8670,3265,30
Entre Rios,COLONIA SANTA ELENA,8671,3269,30
Entre Rios,COLONIA SANTA ROSA,8672,3267,30
Entre Rios,EJIDO COLON,8673,3281,30
Entre Rios,EL BRILLANTE,8674,3283,30
Entre Rios,ENRIQUE BERDUC,8675,3118,30
Entre Rios,FABRICA COLON,8676,3281,30
Entre Rios,HAMBIS,8677,3269,30
Entre Rios,ISLA SAN JOSE,8678,3287,30
Entre Rios,JUAN JORGE,8679,3285,30
Entre Rios,LA CARLOTA,8680,3218,30
Entre Rios,LA CLARITA,8681,3269,30
Entre Rios,MARTINIANO LEGUIZAMON,8682,3285,30
Entre Rios,PALMAR,8683,3285,30
Entre Rios,PALMAR YATAY,8684,3287,30
Entre Rios,PERUCHO VERNA,8685,3283,30
Entre Rios,POS POS,8686,3285,30
Entre Rios,PUEBLO CAZES,8687,3269,30
Entre Rios,PUEBLO COLORADO,8688,3281,30
Entre Rios,PUEBLO LIEBIG,8689,3281,30
Entre Rios,PUNTAS DEL GUALEGUAYCHU,8690,3269,30
Entre Rios,PUNTAS DEL PALMAR,8691,3280,30
Entre Rios,SAN ANSELMO,8692,3281,30
Entre Rios,SAN FRANCISCO,8693,3265,30
Entre Rios,SAN GREGORIO,8694,3203,30
Entre Rios,SAN JOSE,8695,3283,30
Entre Rios,SAN MIGUEL,8696,3269,30
Entre Rios,SAN MIGUEL NRO 2,8697,3269,30
Entre Rios,SAN SALVADOR,8698,3218,30
Entre Rios,SANTA INES,8699,3285,30
Entre Rios,UBAJAY,8700,3287,30
Entre Rios,VILLA ELISA,8701,3265,30
Entre Rios,YATAY,8703,3281,30
Entre Rios,AYUI PARADA,8704,3204,30
Entre Rios,BENITO LEGEREN,8705,3203,30
Entre Rios,CALABACILLAS,8706,3203,30
Entre Rios,CAMBA PASO,8707,3201,30
Entre Rios,CLODOMIRO LEDESMA,8708,3203,30
Entre Rios,COLONIA ADELA,8709,3201,30
Entre Rios,COLONIA AYUI,8710,3201,30
Entre Rios,COLONIA CAMPOS,8711,3216,30
Entre Rios,COLONIA CURBELO,8712,3216,30
Entre Rios,COLONIA GENERAL ROCA,8713,3201,30
Entre Rios,CNIA JUSTO JOSE DE URQUIZA,8714,3212,30
Entre Rios,COLONIA LA QUINTA,8716,3216,30
Entre Rios,COLONIA LOMA NEGRA,8717,3112,30
Entre Rios,COLONIA NAVARRO,8718,3201,30
Entre Rios,COLONIA OFICIAL N 5,8719,3216,30
Entre Rios,COLONIA SAN BONIFACIO,8720,3212,30
Entre Rios,COLONIA YERUA,8721,3201,30
Entre Rios,CONCORDIA,8722,3200,30
Entre Rios,CUEVA DEL TIGRE,8723,3201,30
Entre Rios,DON ROBERTO,8724,3212,30
Entre Rios,EL DURAZNAL,8725,3212,30
Entre Rios,EL MARTILLO,8726,3201,30
Entre Rios,EL REDOMON,8727,3212,30
Entre Rios,EL REFUGIO,8728,3212,30
Entre Rios,EMBARCADERO FERRARI,8729,3201,30
Entre Rios,ESTACION YERUA,8730,3214,30
Entre Rios,FRIGORIFICO YUQUERI,8731,3203,30
Entre Rios,GENERAL CAMPOS,8732,3216,30
Entre Rios,HERVIDERO,8733,3201,30
Entre Rios,ISTHILART,8734,3204,30
Entre Rios,JUAN B MONTI,8735,3201,30
Entre Rios,KILOMETRO 343,8736,3216,30
Entre Rios,LA ALICIA,8737,3212,30
Entre Rios,LA COLORADA,8738,3212,30
Entre Rios,LA CRIOLLA,8739,3212,30
Entre Rios,LA EMILIA,8740,3212,30
Entre Rios,LA GRANJA,8741,3212,30
Entre Rios,LA INVERNADA,8742,3212,30
Entre Rios,LA NOBLEZA,8743,3212,30
Entre Rios,LA ODILIA,8744,3212,30
Entre Rios,LA PERLA,8745,3216,30
Entre Rios,LA QUERENCIA,8746,3212,30
Entre Rios,LA QUINTA,8747,3216,30
Entre Rios,LA ROSADA,8748,3201,30
Entre Rios,LAS MOCHAS,8749,3216,30
Entre Rios,LAS TEJAS,8750,3201,30
Entre Rios,LESCA,8751,3200,30
Entre Rios,LOMA NEGRA,8752,3212,30
Entre Rios,LOS BRILLANTES,8753,3212,30
Entre Rios,LOS CHARRUAS,8754,3212,30
Entre Rios,NUEVA ESCOCIA,8755,3201,30
Entre Rios,OSVALDO MAGNASCO,8756,3212,30
Entre Rios,PARADA YUQUERI,8757,3214,30
Entre Rios,PEDERMAR,8758,3203,30
Entre Rios,PEDERNAL,8759,3203,30
Entre Rios,PUEBLO FERRE,8760,3216,30
Entre Rios,PUERTO YERUA,8761,3201,30
Entre Rios,RUTA 14 KM 443,8762,3201,30
Entre Rios,SALADERO CONCORDIA,8763,3200,30
Entre Rios,SAN BUENAVENTURA,8764,3212,30
Entre Rios,SAN JORGE,8765,3212,30
Entre Rios,SAN JUAN LA QUERENCIA,8766,3212,30
Entre Rios,SANTA ISABEL,8767,3203,30
Entre Rios,TABLADA NORTE,8768,3200,30
Entre Rios,TABLADA OESTE,8769,3200,30
Entre Rios,VILLA ZORRAQUIN,8770,3201,30
Entre Rios,WALTER MOSS,8771,3216,30
Entre Rios,YAROS,8772,3212,30
Entre Rios,YERUA,8773,3214,30
Entre Rios,YUQUERI,8774,3214,30
Entre Rios,ALDEA BRASILERA,8775,3101,30
Entre Rios,ALDEA PROTESTANTE,8776,3101,30
Entre Rios,ALDEA SALTO,8777,3101,30
Entre Rios,ALDEA SPATZENKUTTER,8778,3101,30
Entre Rios,ALDEA VALLE MARIA,8779,3101,30
Entre Rios,CARRIZAL,8780,3101,30
Entre Rios,COLEGIO ADVENTISTA DEL PLATA,8781,3103,30
Entre Rios,COLONIA ENSAYO,8782,3101,30
Entre Rios,COLONIA GRAPSCHENTAL,8783,3114,30
Entre Rios,COLONIA PALMAR,8784,3101,30
Entre Rios,COLONIA RIVAS,8785,3164,30
Entre Rios,COSTA GRANDE,8786,3101,30
Entre Rios,COSTA GRANDE DOLL,8787,3101,30
Entre Rios,DIAMANTE,8788,3105,30
Entre Rios,DOCTOR GARCIA,8789,3101,30
Entre Rios,EJIDO DIAMANTE,8790,3105,30
Entre Rios,GENERAL ALVEAR,8791,3101,30
Entre Rios,GENERAL RAMIREZ,8792,3164,30
Entre Rios,LAS CUEVAS,8794,3101,30
Entre Rios,PAJA BRAVA,8795,3101,30
Entre Rios,PUEBLO GENERAL BELGRANO,8796,2821,30
Entre Rios,RACEDO,8797,3114,30
Entre Rios,RIVAS,8799,3164,30
Entre Rios,SAN FRANCISCO,8800,3101,30
Entre Rios,SANATORIO ADVENTISTA DEL PLATA,8801,3103,30
Entre Rios,STROBEL,8802,3101,30
Entre Rios,VILLA AIDA,8803,3103,30
Entre Rios,VILLA LIBERTADOR SAN MARTIN,8804,3103,30
Entre Rios,BIZCOCHO,8805,3206,30
Entre Rios,CABI MONDA,8806,3228,30
Entre Rios,CHAJARI,8807,3228,30
Entre Rios,CHAVIYU PARADA FCGU,8808,3206,30
Entre Rios,CHAVIYU COLONIA FLORES,8809,3204,30
Entre Rios,COLONIA ALEMANA,8810,3228,30
Entre Rios,COLONIA BELGRANO,8811,3228,30
Entre Rios,COLONIA BIZCOCHO,8812,3206,30
Entre Rios,COLONIA DON BOSCO,8813,3204,30
Entre Rios,COLONIA ENSANCHE SAUCE,8814,3208,30
Entre Rios,COLONIA FLORES,8815,3206,30
Entre Rios,COLONIA FRAZER,8816,3228,30
Entre Rios,COLONIA FREITAS,8817,3229,30
Entre Rios,COLONIA GUALEGUAYCITO,8818,3206,30
Entre Rios,COLONIA LA GLORIA,8819,3204,30
Entre Rios,COLONIA LA MATILDE,8820,3208,30
Entre Rios,COLONIA LA PAZ,8821,3206,30
Entre Rios,COLONIA LAMARCA,8822,3206,30
Entre Rios,COLONIA OFICIAL N 1 LA FLORIDA,8823,3228,30
Entre Rios,COLONIA SAUCE,8824,3261,30
Entre Rios,COLONIA VILLA LIBERTAD,8825,3228,30
Entre Rios,COOPERATIVA GRAL SAN MARTIN,8826,3228,30
Entre Rios,CUATRO BOCAS,8827,3185,30
Entre Rios,ESTACION GENERAL RACEDO,8828,3114,30
Entre Rios,FEDERACION,8829,3206,30
Entre Rios,GUALEGUAYCITO,8830,3204,30
Entre Rios,GUAYAQUIL,8831,3206,30
Entre Rios,LA ARGENTINA,8832,2846,30
Entre Rios,LA CALERA,8833,3272,30
Entre Rios,LAMARCA,8834,3206,30
Entre Rios,LAS CATORCE,8835,3228,30
Entre Rios,LAS PEÃ‘AS,8836,3206,30
Entre Rios,LOMAS BLANCAS,8837,3185,30
Entre Rios,LOS CONQUISTADORES,8838,3183,30
Entre Rios,SAN JAIME,8839,3185,30
Entre Rios,SAN JAIME DE LA FRONTERA,8840,3185,30
Entre Rios,SAN PEDRO,8841,3212,30
Entre Rios,SANTA ANA,8842,3208,30
Entre Rios,SARANDI,8843,3228,30
Entre Rios,VILLA DEL ROSARIO,8844,3229,30
Entre Rios,ARROYO DEL MEDIO,8845,3144,30
Entre Rios,BANDERAS,8846,3190,30
Entre Rios,CHAÃ‘AR,8847,3181,30
Entre Rios,COLONIA FALCO,8848,3188,30
Entre Rios,CONSCRIPTO BERNARDI,8849,3188,30
Entre Rios,EL CIMARRON,8850,3188,30
Entre Rios,EL GRAMIYAL,8851,3144,30
Entre Rios,EL PAGO APEADERO FCGU,8852,3212,30
Entre Rios,FEDERAL,8853,3180,30
Entre Rios,LAS ACHIRAS,8854,3281,30
Entre Rios,SAUCE DE LUNA,8855,3144,30
Entre Rios,TTE PRIMERO BRIGIO CAINZO,8856,3212,30
Entre Rios,VILLA PERPER,8857,3188,30
Entre Rios,ATENCIO,8858,3187,30
Entre Rios,CATALOTTI,8859,3187,30
Entre Rios,CHAÃ‘AR FELICIANO,8860,3187,30
Entre Rios,CHIRCALITO,8861,3187,30
Entre Rios,COLONIA LA MATILDE,8862,3287,30
Entre Rios,CORREA,8863,3187,30
Entre Rios,LA ESMERALDA,8864,3187,30
Entre Rios,LA HIERRA,8865,3183,30
Entre Rios,LA VERBENA,8866,3185,30
Entre Rios,LAS LAGUNAS,8867,3187,30
Entre Rios,LAS MULITAS,8868,3191,30
Entre Rios,MAC KELLER,8869,3187,30
Entre Rios,MESA,8870,3187,30
Entre Rios,PAJAS BLANCAS,8871,3187,30
Entre Rios,PALO A PIQUE,8872,3191,30
Entre Rios,SAN JOSE DE FELICIANO,8873,3187,30
Entre Rios,SAN LUIS SAN JOSE FELICIANO,8874,3187,30
Entre Rios,SAN VICTOR,8875,3191,30
Entre Rios,TASES,8876,3187,30
Entre Rios,VIBORAS,8877,3187,30
Entre Rios,VILLA PORTEÃ‘A,8878,3191,30
Entre Rios,ALBARDON,8879,2840,30
Entre Rios,ALDEA ASUNCION,8880,2841,30
Entre Rios,BOCA GUALEGUAY,8882,2840,30
Entre Rios,CHACRAS,8883,2840,30
Entre Rios,COSTA DEL NOGOYA,8884,3155,30
Entre Rios,CUATRO MANOS,8885,2841,30
Entre Rios,CUCHILLA,8886,2840,30
Entre Rios,EL GUALEGUAY,8887,3212,30
Entre Rios,EL REMANCE,8888,2840,30
Entre Rios,GENERAL GALARZA,8889,2843,30
Entre Rios,GONZALEZ CALDERON,8890,2841,30
Entre Rios,GUALEGUAY,8891,2840,30
Entre Rios,GUALEYAN,8892,2821,30
Entre Rios,HOJAS ANCHAS,8893,2840,30
Entre Rios,ISLAS DE LAS LECHIGUANAS,8894,2846,30
Entre Rios,LAS BATEAS,8895,2840,30
Entre Rios,LAS COLAS,8896,2841,30
Entre Rios,LAZO,8897,2841,30
Entre Rios,PUERTA DE CRESPO,8898,3155,30
Entre Rios,PUERTO RUIZ,8899,2840,30
Entre Rios,PUNTA DEL MONTE,8900,2840,30
Entre Rios,QUINTO DISTRITO,8901,2843,30
Entre Rios,SALADERO ALZUA,8902,2840,30
Entre Rios,SALADERO SAN JOSE,8903,2840,30
Entre Rios,SAN JULIAN,8904,2841,30
Entre Rios,SANTA MARTA,8905,2840,30
Entre Rios,TRES BOCAS,8906,3155,30
Entre Rios,ALARCON,8907,2852,30
Entre Rios,ALDEA SAN ANTONIO,8908,2826,30
Entre Rios,ARROYO DEL CURA,8909,2821,30
Entre Rios,BERISSO,8910,2848,30
Entre Rios,BERISSO DESVIO FCGU,8911,2852,30
Entre Rios,BRITOS,8913,2824,30
Entre Rios,CEIBAL,8914,2823,30
Entre Rios,CEIBAS,8915,2823,30
Entre Rios,COLONIA DELTA,8916,2805,30
Entre Rios,COLONIA GDOR BASAVILBASO,8917,2824,30
Entre Rios,COLONIA ITALIANA,8918,2824,30
Entre Rios,COOPERATIVA BRAZO LARGO,8919,2823,30
Entre Rios,COSTA SAN ANTONIO,8920,2826,30
Entre Rios,CUCHILLA REDONDA,8921,2852,30
Entre Rios,DOCTOR EUGENIO MUÃ‘OZ,8922,2824,30
Entre Rios,DOS HERMANAS,8923,2854,30
Entre Rios,EL SARANDI,8924,3191,30
Entre Rios,EMPALME HOLT,8925,2846,30
Entre Rios,ENRIQUE CARBO,8926,2852,30
Entre Rios,ESCRIÃ‘A,8927,2828,30
Entre Rios,FAUSTINO M PARERA,8928,2824,30
Entre Rios,GENERAL ALMADA,8929,2824,30
Entre Rios,GILBERT,8930,2828,30
Entre Rios,GUALEGUAYCHU,8931,2820,30
Entre Rios,HOLT,8932,2846,30
Entre Rios,IRAZUSTA,8933,2852,30
Entre Rios,ISLA DEL IBICUY,8934,2823,30
Entre Rios,ISLA EL DORADO,8935,2805,30
Entre Rios,KILOMETRO 311,8936,2820,30
Entre Rios,KILOMETRO 340,8937,2848,30
Entre Rios,KILOMETRO 361,8938,2848,30
Entre Rios,KILOMETRO 389,8939,2846,30
Entre Rios,LA CALERA,8940,2823,30
Entre Rios,LA CHICA,8941,2824,30
Entre Rios,LA COSTA,8942,2852,30
Entre Rios,LA CUADRA,8943,2823,30
Entre Rios,LA ESCONDIDA,8944,2826,30
Entre Rios,LA FLORIDA,8945,2824,30
Entre Rios,LA LATA,8946,2820,30
Entre Rios,LARROQUE,8947,2854,30
Entre Rios,LAS MASITAS,8948,2828,30
Entre Rios,LAS MERCEDES,8949,3272,30
Entre Rios,LOS AMIGOS,8950,2828,30
Entre Rios,MAZARUCA,8951,2846,30
Entre Rios,Ã‘ANDUBAYSAL,8952,2821,30
Entre Rios,PALAVECINO,8953,2820,30
Entre Rios,PARANA BRAVO,8954,2805,30
Entre Rios,PASO DEL CISNERO,8955,2846,30
Entre Rios,PASTOR BRITOS,8956,2826,30
Entre Rios,PEHUAJO NORTE,8957,2821,30
Entre Rios,PEHUAJO SUD,8958,2854,30
Entre Rios,PERDICES,8959,2823,30
Entre Rios,PUEBLO NUEVO,8960,2820,30
Entre Rios,PUENTE PARANACITO,8961,2823,30
Entre Rios,PUERTO PERAZZO,8962,2846,30
Entre Rios,PUERTO SAN JUAN,8963,2846,30
Entre Rios,PUERTO UNZUE,8964,2820,30
Entre Rios,RINCON DEL GATO,8965,2821,30
Entre Rios,SAN ANTONIO,8966,2826,30
Entre Rios,SARANDI,8967,2821,30
Entre Rios,TALITAS GUALEGUAYCHU,8968,2852,30
Entre Rios,URDINARRAIN,8969,2826,30
Entre Rios,VILLA ANTONY,8970,2820,30
Entre Rios,VILLA DEL CERRO,8971,2821,30
Entre Rios,VILLA FAUSTINO M PARERA,8972,2824,30
Entre Rios,VILLA LILA,8973,2820,30
Entre Rios,VILLA ROMERO,8974,2824,30
Entre Rios,FERNANDEZ,8975,2846,30
Entre Rios,IBICUY,8976,2846,30
Entre Rios,MEDANOS,8977,2848,30
Entre Rios,PARANACITO,8978,2846,30
Entre Rios,PUERTO CONSTANZA,8979,2846,30
Entre Rios,VILLA PARANACITO,8980,2823,30
Entre Rios,ALCARACITO,8981,3142,30
Entre Rios,ALCARAZ 2DO,8982,3138,30
Entre Rios,PUEBLO ARRUA EST ALCARAZ,8983,3138,30
Entre Rios,ALCARAZ 1RO,8984,3144,30
Entre Rios,ALCARAZ NORTE,8985,3136,30
Entre Rios,ALCARAZ SUD,8986,3137,30
Entre Rios,BONALDI,8987,3191,30
Entre Rios,BOVRIL,8988,3142,30
Entre Rios,CALANDRIA,8989,3191,30
Entre Rios,CENTENARIO PARANA,8990,3190,30
Entre Rios,COLONIA ALCARCITO,8991,3138,30
Entre Rios,COLONIA AVIGDOR,8992,3142,30
Entre Rios,COLONIA BUENA VISTA,8993,3190,30
Entre Rios,COLONIA FONTANINI,8994,3191,30
Entre Rios,COLONIA LA DELIA,8995,3190,30
Entre Rios,COLONIA LA PROVIDENCIA,8996,3137,30
Entre Rios,COLONIA OFICIAL N 13,8997,3191,30
Entre Rios,COLONIA OFICIAL N 14,8998,3191,30
Entre Rios,COLONIA OFICIAL N 3,8999,3190,30
Entre Rios,COLONIA OUGRIE,9000,3138,30
Entre Rios,COLONIA VIRARO,9001,3142,30
Entre Rios,CURUZU CHALI,9002,3190,30
Entre Rios,DON GONZALO,9003,3144,30
Entre Rios,EJIDO SUD,9004,3190,30
Entre Rios,EL CARMEN,9005,3190,30
Entre Rios,EL COLORADO,9006,3192,30
Entre Rios,EL CORCOVADO,9007,3142,30
Entre Rios,EL GAUCHO,9008,3191,30
Entre Rios,EL QUEBRACHO,9009,3192,30
Entre Rios,EL ROSARIO,9010,3191,30
Entre Rios,EL SOLAR,9011,3137,30
Entre Rios,ESTACAS,9012,3191,30
Entre Rios,ESTACION ALCARAZ,9013,3188,30
Entre Rios,FLORESTA,9014,3191,30
Entre Rios,GONZALEZ,9015,3191,30
Entre Rios,ISLA CURUZU CHALI,9016,3190,30
Entre Rios,LA DILIGENCIA,9017,3142,30
Entre Rios,LA PAZ,9018,3190,30
Entre Rios,LAS LAGUNAS,9019,3191,30
Entre Rios,LAS TOSCAS,9020,3191,30
Entre Rios,MANANTIALES,9021,3191,30
Entre Rios,MARTINETTI,9022,3191,30
Entre Rios,MIRA MONTE,9023,3191,30
Entre Rios,MONTIEL,9024,3191,30
Entre Rios,OMBU,9025,3190,30
Entre Rios,PIEDRAS BLANCAS,9026,3129,30
Entre Rios,PILOTO AVILA,9027,3190,30
Entre Rios,PRIMER CONGRESO,9028,3142,30
Entre Rios,PUEBLO ELLISON,9029,3142,30
Entre Rios,SAN ANTONIO,9030,3191,30
Entre Rios,SAN GERONIMO,9031,3191,30
Entre Rios,SAN GUSTAVO,9032,3191,30
Entre Rios,SAN JUAN,9033,3191,30
Entre Rios,SAN RAMIREZ,9034,3191,30
Entre Rios,SANTA ELENA,9035,3192,30
Entre Rios,SANTA MARIA,9036,3191,30
Entre Rios,SARANDI CORA,9037,3190,30
Entre Rios,SIR LEONARD,9038,3142,30
Entre Rios,TACUARAS YACARE,9039,3190,30
Entre Rios,VILLA BOREILO,9040,3191,30
Entre Rios,VIZCACHERA,9041,3127,30
Entre Rios,YACARE,9042,3190,30
Entre Rios,YESO,9043,3190,30
Entre Rios,20 DE septiembre,9044,3158,30
Entre Rios,ARANGUREN,9045,3162,30
Entre Rios,BETBEDER,9046,3156,30
Entre Rios,CHIQUEROS,9047,3158,30
Entre Rios,COLONIA ALGARRABITOS,9048,3156,30
Entre Rios,COLONIA LA LLAVE,9049,3158,30
Entre Rios,CRUCESITAS 3 SECCION,9050,3151,30
Entre Rios,CRUCESITAS 7 SECCION,9051,3109,30
Entre Rios,CRUCESITAS 8 SECCION,9052,3177,30
Entre Rios,DON CRISTOBAL,9053,3164,30
Entre Rios,DON CRISTOBAL 1 SECCION,9054,3150,30
Entre Rios,DON CRISTOBAL 2 SECCION,9055,3162,30
Entre Rios,EL PUEBLITO,9056,3151,30
Entre Rios,EL TALLER,9057,3117,30
Entre Rios,GOBERNADOR FEBRE,9058,3151,30
Entre Rios,HERNANDEZ,9059,3156,30
Entre Rios,LA COLINA,9060,3158,30
Entre Rios,LA FAVORITA,9061,3158,30
Entre Rios,LA LLAVE,9062,3158,30
Entre Rios,LA MARUJA A,9063,3151,30
Entre Rios,LAURENCENA,9064,3150,30
Entre Rios,LOS PARAISOS,9065,3158,30
Entre Rios,LUCAS GONZALEZ,9066,3158,30
Entre Rios,LUCAS NORESTE,9067,3216,30
Entre Rios,MONTOYA,9068,3150,30
Entre Rios,NOGOYA,9069,3150,30
Entre Rios,PUEBLITO,9070,3164,30
Entre Rios,SAN LORENZO,9071,3158,30
Entre Rios,SAUCE,9072,3150,30
Entre Rios,SECCION URQUIZA,9073,3109,30
Entre Rios,VILLA TRES DE FEBRERO,9074,3150,30
Entre Rios,ALDEA MARIA LUISA,9075,3114,30
Entre Rios,ALDEA SAN RAFAEL,9076,3116,30
Entre Rios,ALDEA SANTA MARIA,9077,3123,30
Entre Rios,ALMACEN CRISTIAN SCHUBERT,9078,3111,30
Entre Rios,ANTONIO TOMAS SUD,9079,3134,30
Entre Rios,ARROYO LAS TUNAS,9080,3111,30
Entre Rios,AVENIDA EJERCITO PARANA,9081,3100,30
Entre Rios,BAJADA GRANDE,9082,3100,30
Entre Rios,BARRANCAS COLORADAS,9083,3133,30
Entre Rios,CENTRO COMUNITARIO CNIA NUE,9084,3118,30
Entre Rios,CERRITO,9085,3122,30
Entre Rios,CHAÃ‘AR MARIA GRANDE PRIMERA,9086,3111,30
Entre Rios,COLONIA ARGENTINA,9087,3118,30
Entre Rios,COLONIA CELINA,9088,3113,30
Entre Rios,COLONIA CENTENARIO,9089,3109,30
Entre Rios,COLONIA CRESPO,9090,3118,30
Entre Rios,COLONIA HERNANDARIAS,9091,3129,30
Entre Rios,COLONIA HIGUERA,9092,3138,30
Entre Rios,COLONIA MARIA LUISA,9093,3114,30
Entre Rios,COLONIA NUEVA,9094,3118,30
Entre Rios,COLONIA OFICIAL N 4,9095,3134,30
Entre Rios,COLONIA REFFINO,9096,3114,30
Entre Rios,COLONIA RIVADAVIA,9097,3123,30
Entre Rios,COLONIA SAN JUAN,9098,3123,30
Entre Rios,COLONIA SAN MARTIN,9099,3113,30
Entre Rios,COLONIA SANTA LUISA,9100,3133,30
Entre Rios,CORRALES NUEVOS,9101,3100,30
Entre Rios,CRESPO,9102,3116,30
Entre Rios,CRESPO NORTE,9103,3118,30
Entre Rios,CURTIEMBRE,9104,3113,30
Entre Rios,DESTACAMENTO GENERAL GUEMES,9105,3125,30
Entre Rios,DISTRITO ESPINILLO,9106,3107,30
Entre Rios,DISTRITO TALA,9107,3118,30
Entre Rios,EL PALENQUE,9108,3122,30
Entre Rios,EL PINGO,9109,3132,30
Entre Rios,EL RAMBLON,9110,3109,30
Entre Rios,GENERAL RACEDO,9111,3122,30
Entre Rios,HASENKAMP,9112,3134,30
Entre Rios,HERNANDARIAS,9113,3127,30
Entre Rios,LA BALSA,9114,3113,30
Entre Rios,LA COLMENA,9115,3134,30
Entre Rios,LA JULIANA,9116,3134,30
Entre Rios,LA PICADA,9117,3118,30
Entre Rios,LA PICADA NORTE,9118,3118,30
Entre Rios,LA VIRGINIA,9119,3134,30
Entre Rios,LAS GARZAS,9120,3136,30
Entre Rios,LAS TUNAS,9121,3111,30
Entre Rios,LOS NARANJOS,9122,3134,30
Entre Rios,MARIA GRANDE,9123,3133,30
Entre Rios,MARIA GRANDE PRIMERA,9124,3111,30
Entre Rios,MARIA GRANDE SEGUNDA,9125,3133,30
Entre Rios,MORENO,9126,3122,30
Entre Rios,ORO VERDE,9127,3100,30
Entre Rios,PARACAO,9128,3100,30
Entre Rios,PARANA,9129,3100,30
Entre Rios,COLONIA AVELLANEDA,9130,3107,30
Entre Rios,PUEBLO BELLOCQ,9131,3136,30
Entre Rios,PUEBLO BRUGO,9132,3125,30
Entre Rios,PUEBLO GENERAL PAZ,9133,3123,30
Entre Rios,PUEBLO MORENO,9134,3122,30
Entre Rios,PUERTO CURTIEMBRE,9135,3113,30
Entre Rios,QUINTAS AL SUD,9136,3100,30
Entre Rios,RAMBLON,9137,3109,30
Entre Rios,RAMON A PARERA,9138,3118,30
Entre Rios,SAN BENITO,9139,3107,30
Entre Rios,SANTA LUISA,9140,3133,30
Entre Rios,SANTA SARA,9141,3134,30
Entre Rios,SAUCE MONTRULL,9142,3118,30
Entre Rios,SAUCE PINTO,9143,3107,30
Entre Rios,SEGUI,9144,3117,30
Entre Rios,GOBERNADOR SOLA,9145,3176,30
Entre Rios,SOSA,9146,3133,30
Entre Rios,TABOSSI,9147,3111,30
Entre Rios,TALITAS,9148,3136,30
Entre Rios,TEZANOS PINTO,9149,3114,30
Entre Rios,TIRO FEDERAL,9150,3100,30
Entre Rios,TRES LAGUNAS,9151,3113,30
Entre Rios,VIALE,9152,3109,30
Entre Rios,VILLA FONTANA,9153,3114,30
Entre Rios,VILLA GOB LUIS ETCHEVEHERE,9154,3114,30
Entre Rios,VILLA HERNANDARIAS,9155,3127,30
Entre Rios,VILLA SARMIENTO,9156,3100,30
Entre Rios,VILLA URANGA,9157,3100,30
Entre Rios,VILLA URQUIZA,9158,3113,30
Entre Rios,COLONIA DUPORTAL,9160,2845,30
Entre Rios,DURAZNO,9161,3177,30
Entre Rios,GOBERNADOR ECHAGUE,9163,2845,30
Entre Rios,GOBERNADOR MANSILLA,9164,2845,30
Entre Rios,ESTACION SOLA,9165,3174,30
Entre Rios,GUARDAMONTE,9166,3177,30
Entre Rios,LAS GUACHAS,9167,3174,30
Entre Rios,GOBERNADOR MACIA,9168,3177,30
Entre Rios,ROSARIO DEL TALA,9169,3174,30
Entre Rios,SAUCE SUR,9170,2845,30
Entre Rios,ACHIRAS,9171,3246,30
Entre Rios,ALBERTO GERCHUNOFF,9172,3170,30
Entre Rios,BALNEARIO PELAY,9173,3260,30
Entre Rios,BASAVILBASO,9174,3170,30
Entre Rios,CARAGUATA,9175,3248,30
Entre Rios,CASEROS,9176,3262,30
Entre Rios,CENTELLA,9177,3261,30
Entre Rios,COLONIA 1 DE MAYO,9178,3272,30
Entre Rios,COLONIA 5 ENSANCHE DE MAYO,9179,3281,30
Entre Rios,COLONIA ARROYO URQUIZA,9180,3281,30
Entre Rios,COLONIA CARMELO,9181,3263,30
Entre Rios,COLONIA CRUCESITAS,9182,3263,30
Entre Rios,COLONIA CUPALEN,9183,3261,30
Entre Rios,COLONIA ELIA,9184,3261,30
Entre Rios,COLONIA ELISA,9185,3260,30
Entre Rios,COLONIA ENSANCHE MAYO,9186,3263,30
Entre Rios,COLONIA GRAL URQUIZA,9187,3263,30
Entre Rios,COLONIA LUCA,9188,3261,30
Entre Rios,COLONIA LUCIENVILLE,9189,3170,30
Entre Rios,COLONIA LUCRECIA,9190,3248,30
Entre Rios,COLONIA N 1,9191,3170,30
Entre Rios,COLONIA N 2,9192,3170,30
Entre Rios,COLONIA N 3,9193,3170,30
Entre Rios,COLONIA N 4,9194,3170,30
Entre Rios,COLONIA NUEVA MONTEVIDEO,9195,2828,30
Entre Rios,COLONIA OFICIAL N 6,9196,3261,30
Entre Rios,COLONIA PERFECCION,9197,3260,30
Entre Rios,COLONIA SAGASTUME,9198,3246,30
Entre Rios,COLONIA SAN ANTONIO,9199,3269,30
Entre Rios,COLONIA SAN CIPRIANO,9200,3263,30
Entre Rios,COLONIA SAN JORGE,9201,3263,30
Entre Rios,COLONIA SANTA ANA,9202,3261,30
Entre Rios,COLONIA SANTA TERESITA,9203,3263,30
Entre Rios,COLONIA TRES DE FEBRERO,9204,3265,30
Entre Rios,CONCEPCION DEL URUGUAY,9205,3260,30
Entre Rios,CUPALEN,9206,3261,30
Entre Rios,ESTACION URQUIZA,9207,3248,30
Entre Rios,ESTACION URUGUAY,9208,3260,30
Entre Rios,GENACITO,9209,3272,30
Entre Rios,GRUPO ACHIRAS,9210,3246,30
Entre Rios,HERRERA,9211,3272,30
Entre Rios,LA MARIA LUISA,9212,3261,30
Entre Rios,LA TIGRESA,9213,3260,30
Entre Rios,LA ZELMIRA,9214,2820,30
Entre Rios,LAS MERCEDES,9215,2854,30
Entre Rios,LAS MOSCAS,9216,3244,30
Entre Rios,LAS ROSAS,9217,2828,30
Entre Rios,LIBAROS,9218,3244,30
Entre Rios,LIEBIG,9219,3281,30
Entre Rios,MAC DOUGALL,9220,3244,30
Entre Rios,MANGRULLO,9221,3248,30
Entre Rios,NICOLAS HERRERA,9222,3272,30
Entre Rios,PALACIO SAN JOSE,9223,3262,30
Entre Rios,1 DE mayo,9224,3263,30
Entre Rios,PRONUNCIAMIENTO,9225,3263,30
Entre Rios,ROCAMORA,9226,3172,30
Entre Rios,SAGASTUME,9227,3246,30
Entre Rios,SAN CIPRIANO,9228,3263,30
Entre Rios,SAN JUSTO,9229,3260,30
Entre Rios,SAN MARTIN,9230,3111,30
Entre Rios,SANTA ANITA,9231,3248,30
Entre Rios,SANTA ROSA,9232,3248,30
Entre Rios,TALITA,9233,3261,30
Entre Rios,TOMAS ROCAMORA,9234,3261,30
Entre Rios,VILLA MANTERO,9235,3272,30
Entre Rios,VILLA SAN MARCIAL,9236,3248,30
Entre Rios,VILLA SAN MIGUEL,9237,3272,30
Entre Rios,VILLA UDINE,9238,3262,30
Entre Rios,ANTELO,9239,3151,30
Entre Rios,CHILCAS,9240,3162,30
Entre Rios,COLONIA ANGELA,9241,3151,30
Entre Rios,HINOJAL,9242,3162,30
Entre Rios,ISLA EL PILLO,9243,3101,30
Entre Rios,LAGUNA DEL PESCADO,9244,3155,30
Entre Rios,LOS GANSOS,9245,3101,30
Entre Rios,MOLINO DOLL,9246,3101,30
Entre Rios,MONTOYA,9247,3151,30
Entre Rios,PAJONAL,9248,3101,30
Entre Rios,PUEBLITO NORTE,9249,3155,30
Entre Rios,PUENTE VICTORIA,9250,3153,30
Entre Rios,QUINTO CUARTEL VICTORIA,9251,3153,30
Entre Rios,RINCON DEL DOLL,9252,3101,30
Entre Rios,TRES ESQUINAS,9253,3156,30
Entre Rios,VICTORIA,9254,3153,30
Entre Rios,BARON HIRSCH,9255,3246,30
Entre Rios,BELEZ,9256,3252,30
Entre Rios,BENITEZ,9257,3216,30
Entre Rios,CAMPO MORENO,9258,3252,30
Entre Rios,CLARA,9259,3252,30
Entre Rios,COLONIA ACHIRAS,9260,3246,30
Entre Rios,COLONIA BARON HIRSCH,9261,3246,30
Entre Rios,COLONIA BELEZ,9262,3252,30
Entre Rios,COLONIA BERRO,9263,3128,30
Entre Rios,COLONIA CARLOS CALVO,9264,3252,30
Entre Rios,COLONIA CARMEL,9265,3246,30
Entre Rios,COLONIA HEBREA,9266,3216,30
Entre Rios,COLONIA IDA,9267,3246,30
Entre Rios,COLONIA LA ARMONIA,9268,3216,30
Entre Rios,COLONIA LA ESPERANZA,9269,3216,30
Entre Rios,COLONIA LA MORA,9270,3216,30
Entre Rios,COLONIA LA ROSADA,9271,3252,30
Entre Rios,COLONIA LOPEZ,9272,3218,30
Entre Rios,COLONIA MIGUEL,9273,3246,30
Entre Rios,COLONIA NUEVA ALEMANIA,9274,3218,30
Entre Rios,COLONIA PERLIZA,9275,3246,30
Entre Rios,COLONIA SAN JORGE,9276,3252,30
Entre Rios,COLONIA SAN MANUEL,9277,3246,30
Entre Rios,COLONIA SANDOVAL,9278,3252,30
Entre Rios,COLONIA SONENFELD,9279,3246,30
Entre Rios,COLONIA VELEZ,9280,3252,30
Entre Rios,COSTA DEL PAYTICU,9281,3138,30
Entre Rios,DESPARRAMADOS,9282,3246,30
Entre Rios,EBEN HOROSCHA,9283,3246,30
Entre Rios,EL AVESTRUZ,9284,3216,30
Entre Rios,ING MIGUEL SAJAROFF,9285,3246,30
Entre Rios,JUBILEO,9286,3254,30
Entre Rios,LA ENCIERRA,9287,3144,30
Entre Rios,LA ESTRELLA,9288,3254,30
Entre Rios,LA PAMPA,9289,3254,30
Entre Rios,LOS OMBUES,9290,3241,30
Entre Rios,LUCAS SUR 1RA SECCION,9291,3241,30
Entre Rios,MAURICIO RIBOLE,9292,3216,30
Entre Rios,PARAJE GUAYABO,9293,3240,30
Entre Rios,RAICES OESTE,9294,3241,30
Entre Rios,RINCON DE MOJONES,9295,3241,30
Entre Rios,ROSPINA,9296,3246,30
Entre Rios,SAN VICENTE,9297,3252,30
Entre Rios,LUCAS SUR 2DA SECCION,9298,3240,30
Entre Rios,SPINDOLA,9299,3252,30
Entre Rios,VERGARA,9300,3252,30
Entre Rios,VILLA CLARA,9301,3252,30
Entre Rios,VILLA DOMINGUEZ,9302,3246,30
Entre Rios,VILLAGUAY,9303,3240,30
Entre Rios,VILLAGUAY ESTE,9304,3244,30
Entre Rios,VILLAGUAYCITO,9305,3218,30
Entre Rios,VIRANO,9306,3142,30
Entre Rios,ARROYO CARABALLO,17099,3265,30
Entre Rios,ARROYO CONCEPCION,17118,3287,30
Entre Rios,ARROYO GRANDE,17125,3203,30
Entre Rios,ARROYO PALMAR,17127,3218,30
Entre Rios,ARROYO URQUIZA,17129,3280,30
Entre Rios,CALERA,17141,3281,30
Entre Rios,COLONIA ELISA,17184,3265,30
Entre Rios,COLONIA EMILIO GOUCHON,17205,3269,30
Entre Rios,COLONIA SAN ERNESTO,17303,3254,30
Entre Rios,COLONIA VAZQUEZ,17322,3267,30
Entre Rios,ESTABLECIMIENTO LA CALERA,17345,3287,30
Entre Rios,ESTABLECIMIENTO LOS MONIGOTES,17367,3287,30
Entre Rios,KILOMETRO 25,17369,3177,30
Entre Rios,KILOMETRO 114,17371,3280,30
Entre Rios,KILOMETRO 305,17374,3265,30
Entre Rios,KILOMETRO 310,17376,3280,30
Entre Rios,KILOMETRO 311,17377,3269,30
Entre Rios,KILOMETRO 322,17379,3280,30
Entre Rios,KILOMETRO 324,17381,3280,30
Entre Rios,KILOMETRO 336,17382,3280,30
Entre Rios,KILOMETRO 337,17384,3269,30
Entre Rios,KILOMETRO 344,17386,3269,30
Entre Rios,KILOMETRO 353,17387,3218,30
Entre Rios,KILOMETRO 45,17388,3287,30
Entre Rios,KILOMETRO 49,17389,3280,30
Entre Rios,KILOMETRO 50,17391,3287,30
Entre Rios,KILOMETRO 56,17393,3285,30
Entre Rios,KILOMETRO 86,17395,3285,30
Entre Rios,KILOMETRO 88,17397,3280,30
Entre Rios,KILOMETRO 89,17398,3285,30
Entre Rios,KILOMETRO 99,17400,3283,30
Entre Rios,LA SUIZA,17509,3280,30
Entre Rios,LA S DIEZ CASAS,17511,3269,30
Entre Rios,PARQUE NACIONAL EL PALMAR,17550,3280,30
Entre Rios,PUENTE DE GUALEGUAYCHU,17569,3265,30
Entre Rios,PUERTO ALMIRON,17574,3281,30
Entre Rios,PUERTO COLORADO,17578,3280,30
Entre Rios,SANTA ROSA,17611,3252,30
Entre Rios,SEXTO DISTRITO COLON,17616,3287,30
Entre Rios,ARROYO EL MOCHO,17628,3212,30
Entre Rios,ARROYO HONDO,17629,3216,30
Entre Rios,ARROYO LA VIRGEN,17631,3212,30
Entre Rios,ARROYO MOREIRA,17632,3181,30
Entre Rios,CAMPO DOMINGUEZ,17647,3212,30
Entre Rios,CARPINCHORIS,17653,3183,30
Entre Rios,COLONIA JORGE FINK,17681,3181,30
Entre Rios,COLONIA LOS SAUCES,17703,3200,30
Entre Rios,EL EMBALSADO,17856,3183,30
Entre Rios,JORGE FINK,17900,3181,30
Entre Rios,KILOMETRO 11,17922,3203,30
Entre Rios,KILOMETRO 24,17937,3203,30
Entre Rios,KILOMETRO 32,17945,3200,30
Entre Rios,KILOMETRO 329,17953,3212,30
Entre Rios,KILOMETRO 33,17961,3203,30
Entre Rios,KILOMETRO 333,17970,3212,30
Entre Rios,KILOMETRO 342,17976,3200,30
Entre Rios,KILOMETRO 355,17980,3216,30
Entre Rios,KILOMETRO 373,17983,3214,30
Entre Rios,KILOMETRO 376,17991,3214,30
Entre Rios,KILOMETRO 6,18002,3201,30
Entre Rios,LOS SAUER,18101,3200,30
Entre Rios,PASO DEL GALLO,18122,3212,30
Entre Rios,PASO MARGARIÃ‘OS,18129,3200,30
Entre Rios,PASO SOCIEDAD,18139,3181,30
Entre Rios,PUNTAS DE MOREIRA,18159,3181,30
Entre Rios,QUEBRACHO,18161,3212,30
Entre Rios,SAUCE NORTE,18166,3183,30
Entre Rios,SUBCENTRAL SANTA MARIA,18169,3180,30
Entre Rios,VILLAMIL,18170,3181,30
Entre Rios,KILOMETRO 344,18174,3212,30
Entre Rios,KILOMETRO 347,18176,3200,30
Entre Rios,ALDEA SAN FRANCISCO,18180,3101,30
Entre Rios,ALDEA SANTAFECINA,18182,3103,30
Entre Rios,CAMPO RIQUELME,18187,3101,30
Entre Rios,ESCUELA ALBERDI,18329,3114,30
Entre Rios,ESTABLECIMIENTO EL CARMEN,18330,3114,30
Entre Rios,ESTABLECIMIENTO LA ESPERANZA,18331,3114,30
Entre Rios,ESTABLECIMIENTO LAS MARGARITAS,18332,3114,30
Entre Rios,KILOMETRO 43,18333,3116,30
Entre Rios,LIBERTADOR SAN MARTIN,18334,3103,30
Entre Rios,LOS BURGOS APEADERO FCGU,18335,3116,30
Entre Rios,PUENTE DE LAS PENCAS,18336,3101,30
Entre Rios,PUENTE DEL DOLL,18339,3101,30
Entre Rios,PUERTO DIAMANTE,18341,3105,30
Entre Rios,PUERTO LAS CUEVAS,18342,3101,30
Entre Rios,SANATORIO APEADERO FCGU,18344,3101,30
Entre Rios,ALBARIÃ‘O,18349,3183,30
Entre Rios,BELLA UNION PARAJE,18351,3206,30
Entre Rios,COLONIA LA ARGENTINA,18357,3206,30
Entre Rios,COLONIA SAN RAMON,18359,3229,30
Entre Rios,COLONIA SANTA ELOISA,18361,3206,30
Entre Rios,COLONIA SANTA ELVIRA,18362,3229,30
Entre Rios,ESTACION SANTA ANA,18369,3206,30
Entre Rios,ESTANCIA LA FLORESTA,18371,3206,30
Entre Rios,ESTANCIA SALINAS,18373,3229,30
Entre Rios,ESTANCIA SAN JOSE,18374,3206,30
Entre Rios,FLORIDA,18380,3229,30
Entre Rios,FORTUNA,18382,3183,30
Entre Rios,FRONTERAS,18383,3185,30
Entre Rios,KILOMETRO 37,18389,3204,30
Entre Rios,KILOMETRO 44,18390,3204,30
Entre Rios,KILOMETRO 47,18392,3206,30
Entre Rios,KILOMETRO 51,18394,3206,30
Entre Rios,KILOMETRO 84,18399,3228,30
Entre Rios,LA BLANQUEADA,18406,3224,30
Entre Rios,LA SELVA,18411,3185,30
Entre Rios,LA SOLEDAD,18413,3229,30
Entre Rios,LOS PARAISOS,18414,3228,30
Entre Rios,MANDISOVI,18416,3228,30
Entre Rios,MONTE CHICO,18418,3206,30
Entre Rios,MONTE VERDE,18420,3228,30
Entre Rios,NUEVA VIZCAYA,18422,3212,30
Entre Rios,PUERTO ALGARROBO,18424,3206,30
Entre Rios,LA FRATERNIDAD Y SANTA JUANA,18427,3228,30
Entre Rios,SURST,18430,3228,30
Entre Rios,PRIMER DISTRITO,18578,2840,30
Entre Rios,SEPTIMO DISTRITO,18581,2840,30
Entre Rios,BUENA VISTA PARAJE,18593,2840,30
Entre Rios,CUATRO BOCAS,18596,2840,30
Entre Rios,KILOMETRO 290,18598,2841,30
Entre Rios,KILOMETRO 303,18602,2841,30
Entre Rios,KILOMETRO 306,18605,2840,30
Entre Rios,PUENTE PELLEGRINI,18608,2840,30
Entre Rios,PUERTO BARRILES,18610,2840,30
Entre Rios,RINCON DEL NOGOYA SUR,18620,2840,30
Entre Rios,SEXTO DISTRITO,18629,3155,30
Entre Rios,AERO CLUB CANAL,18646,2823,30
Entre Rios,RIO AGUILA,18648,2805,30
Entre Rios,ALDEA SAN JUAN,18649,2826,30
Entre Rios,ALDEA SANTA CELIA,18650,2826,30
Entre Rios,ARROYO BRASILERO,18655,2805,30
Entre Rios,ARROYO BUEN PASTOR,18660,2823,30
Entre Rios,ARROYO CABALLO,18661,2823,30
Entre Rios,ARROYO IBICUYCITO,18691,2805,30
Entre Rios,ARROYO LA PACIENCIA,18692,2805,30
Entre Rios,ARROYO LOS PLATOS,18699,2805,30
Entre Rios,ARROYO PRINCIPAL,18719,2823,30
Entre Rios,ARROYO SALADO,18725,2823,30
Entre Rios,ARROYO SANCHEZ CHICO,18728,2823,30
Entre Rios,ARROYO SANCHEZ GRANDE,18729,2823,30
Entre Rios,ARROYO VENERATO,18738,2821,30
Entre Rios,ARROYO ZAPALLO,18740,2823,30
Entre Rios,CANAL PRINCIPAL,18750,2823,30
Entre Rios,COLONIA EL POTRERO,18760,2820,30
Entre Rios,COLONIA STAUWER,18765,2820,30
Entre Rios,COSTA URUGUAY SUR,18770,2821,30
Entre Rios,CUATRO BOCAS PARAJE,18775,2820,30
Entre Rios,EL NUEVO RINCON,18781,2820,30
Entre Rios,EL SAUCE,18782,2823,30
Entre Rios,ESTABLECIMIENTO SAN MARTIN,18788,2823,30
Entre Rios,FEBRE,18795,3151,30
Entre Rios,LA CAPILLA,18798,3246,30
Entre Rios,LUCIENVILLE 1,18842,2828,30
Entre Rios,LUCIENVILLE 2,18845,2828,30
Entre Rios,LUCIENVILLE 3,18847,2828,30
Entre Rios,LUCIENVILLE 4,18849,2828,30
Entre Rios,PARAJE PALAVEROI,18853,2805,30
Entre Rios,RIO PASAJE AL AGUILA,18878,2805,30
Entre Rios,PASAJE TALAVERA,18883,2804,30
Entre Rios,PESQUERIA DIAMANTINO,18898,2820,30
Entre Rios,PUENTE Ã‘ANCAY,18906,2823,30
Entre Rios,RINCON DEL CINTO,18918,2826,30
Entre Rios,RIO ALFEREZ NELSON PAGE,18930,2805,30
Entre Rios,RIO CEIBO,18931,2805,30
Entre Rios,RIO PARANA GUAZU,18938,2805,30
Entre Rios,RIO SAUCE,18941,2805,30
Entre Rios,RIO TALAVERA,18947,2805,30
Entre Rios,SAGASTUME,18950,2823,30
Entre Rios,TRES ESQUINAS,18976,2820,30
Entre Rios,VILLA ELEONORA,18998,2820,30
Entre Rios,EL EMPALME PARAJE,19016,2846,30
Entre Rios,LIBERTADOR GRAL SAN MARTIN,19020,2846,30
Entre Rios,PUERTO IBICUY,19023,2846,30
Entre Rios,ANAHI,19025,2846,30
Entre Rios,PUERTO MARQUEZ,19036,3190,30
Entre Rios,ARROYO CEIBO,19042,3191,30
Entre Rios,ARROYO HONDO,19046,3190,30
Entre Rios,BAÃ‘ADERO OFICIAL LAS GALARZAS,19059,3137,30
Entre Rios,CENTENARIO LA PAZ,19098,3263,30
Entre Rios,COLONIA CARRASCO,19108,3190,30
Entre Rios,COLONIA LAS GAMAS,19122,3190,30
Entre Rios,COLONIA MAXIMO CASTRO,19127,3190,30
Entre Rios,COLONIA OFICIAL N 11,19150,3190,30
Entre Rios,EL DIECISIETE,19224,3190,30
Entre Rios,ESTANCIA SAN JUAN,19227,3190,30
Entre Rios,ISLA LA PAZ,19228,3190,30
Entre Rios,ISLAS ALCARAZ,19229,3190,30
Entre Rios,PASO GARIBALDI,19245,3192,30
Entre Rios,PASO MEDINA,19249,3190,30
Entre Rios,PASO POTRILLO,19252,3127,30
Entre Rios,PASO PUERTO AUGUSTO,19255,3190,30
Entre Rios,PASO TELEGRAFO,19263,3194,30
Entre Rios,PUERTO ALGARROBO,19280,3127,30
Entre Rios,PUERTO CADENAS,19288,3192,30
Entre Rios,PUERTO LA ESMERALDA,19294,3190,30
Entre Rios,PUERTO YUNQUE,19301,3190,30
Entre Rios,SANTA INES,19318,3191,30
Entre Rios,YESO OESTE,19349,3190,30
Entre Rios,CUARTO DISTRITO,19389,3150,30
Entre Rios,SEPTIMO DISTRITO,19392,3150,30
Entre Rios,ALDEA SAN MIGUEL,19393,3116,30
Entre Rios,ALDEA SANTA MARIA,19396,3123,30
Entre Rios,ALGARROBITOS 1RO,19401,3150,30
Entre Rios,ALMIRANTE IGLESIAS,19410,3150,30
Entre Rios,BOCA DEL TIGRE,19433,3150,30
Entre Rios,CAMPO ESCALES,19442,3156,30
Entre Rios,CAMPS,19446,3150,30
Entre Rios,CRUCESITAS URQUIZA,19468,3150,30
Entre Rios,DISTRITO EL SAUCE,19478,3150,30
Entre Rios,EL TROPEZON,19514,3150,30
Entre Rios,KILOMETRO 148,19537,3151,30
Entre Rios,LA CORVINA,19539,3150,30
Entre Rios,LA FLORENCIA,19549,3151,30
Entre Rios,LA ILUSION,19552,3150,30
Entre Rios,LA LOMA,19557,3151,30
Entre Rios,ALCETE,19631,3127,30
Entre Rios,ALDEA CHALECO,19636,3116,30
Entre Rios,ALDEA CUESTA,19642,3116,30
Entre Rios,ALDEA EIGENFELD,19649,3116,30
Entre Rios,COLONIA MEROU,19659,3116,30
Entre Rios,ALDEA SAN JOSE,19665,3116,30
Entre Rios,ALDEA SANTA ROSA,19679,3116,30
Entre Rios,ARROYO BURGOS,19685,3133,30
Entre Rios,ARROYO MARIA,19689,3133,30
Entre Rios,ARROYO PANCHO,19692,3111,30
Entre Rios,BAÃ‘ADERO OFICIAL BURGOS,19694,3100,30
Entre Rios,BOCA DEL TIGRE APEADERO FCGU,19703,3116,30
Entre Rios,CAMINO A DIAMANTE KM 1,19711,3100,30
Entre Rios,CAÃ‘ADA GRANDE,19726,3111,30
Entre Rios,COLONIA LA GAMA,19752,3136,30
Entre Rios,ESPINILLO NORTE,19827,3116,30
Entre Rios,ESTABLECIMIENTO EL CIMARRON,19832,3114,30
Entre Rios,ESTABLECIMIENTO EL TALA,19836,3118,30
Entre Rios,ESTANCIA LA GAMA,19841,3138,30
Entre Rios,ISLA LYNCH,19866,3100,30
Entre Rios,KILOMETRO 116,19872,3132,30
Entre Rios,KILOMETRO 131,19876,3118,30
Entre Rios,KILOMETRO 147,19879,3118,30
Entre Rios,KILOMETRO 28,19882,3114,30
Entre Rios,KILOMETRO 45,19886,3116,30
Entre Rios,LA BALSA PARANA,19894,3113,30
Entre Rios,PASO DE LA ARENA,19966,3118,30
Entre Rios,PASO DE LA BALZA,19970,3113,30
Entre Rios,PASO DE LAS PIEDRAS,19972,3118,30
Entre Rios,PUENTE CARMONA,19985,3118,30
Entre Rios,PUENTE DEL CHAÃ‘AR,19988,3111,30
Entre Rios,PUERTO VIBORAS,19989,3129,30
Entre Rios,PUERTO VIEJO,19991,3100,30
Entre Rios,PUERTO VILLARRUEL,19994,3127,30
Entre Rios,QUEBRACHO,19997,3109,30
Entre Rios,RUTA 138 KILOMETRO 1,20006,3100,30
Entre Rios,SAN MARTIN,20012,3113,30
Entre Rios,ANTONIO TOMAS,20057,3125,30
Entre Rios,ALTAMIRANO NORTE,20072,3177,30
Entre Rios,ALTAMIRANO SUD,20077,3174,30
Entre Rios,ARROYO OBISPO,20081,3174,30
Entre Rios,CUATRO BOCAS,20090,3174,30
Entre Rios,EL CHAJA,20091,3174,30
Entre Rios,ESTABLECIMIENTO SAN EDUARDO,20092,3177,30
Entre Rios,ESTABLECIMIENTO SAN EUSEBIO,20093,3177,30
Entre Rios,ESTABLECIMIENTO SAN FRANCISCO,20094,3177,30
Entre Rios,HIPODROMO,20095,3174,30
Entre Rios,KILOMETRO 183,20096,3176,30
Entre Rios,KILOMETRO 220,20097,3174,30
Entre Rios,MOLINO BOB,20098,3174,30
Entre Rios,PRIMER CUARTEL,20099,3174,30
Entre Rios,PUENTE OBISPO,20100,3174,30
Entre Rios,DIST RAICES AL NORTE,20101,3177,30
Entre Rios,SAUCE NORTE,20102,3174,30
Entre Rios,SEGUNDO CUARTEL,20103,3174,30
Entre Rios,KILOMETRO 180,20106,3174,30
Entre Rios,KILOMETRO 189,20107,3174,30
Entre Rios,KILOMETRO 192,20108,3174,30
Entre Rios,KILOMETRO 200,20109,3177,30
Entre Rios,LA OLLITA,20120,3174,30
Entre Rios,RINCON DE LAS GUACHAS,20126,3174,30
Entre Rios,ARROYO MOLINO,20131,3260,30
Entre Rios,COLONIA BELGA AMERICANA,20147,3244,30
Entre Rios,COLONIA LEVEN,20160,3244,30
Entre Rios,COLONIA UBAJAY,20181,3260,30
Entre Rios,EL POTRERO,20186,2821,30
Entre Rios,ESTANCIA BELLA VISTA,20199,3272,30
Entre Rios,ESTANCIA COLONIA EL OMBU,20204,3272,30
Entre Rios,ESTANCIA COLONIA EL TOROPI,20209,3272,30
Entre Rios,ESTANCIA CNIA LA PRIMAVERA,20214,3272,30
Entre Rios,ESTANCIA COLONIA LA TAPERA,20215,3272,30
Entre Rios,ESTANCIA COLONIA PERIBEBUY,20216,3272,30
Entre Rios,ESTANCIA COLONIA SAN PEDRO,20218,3272,30
Entre Rios,ESTANCIA CNIA SANTA ELENA,20221,3272,30
Entre Rios,ESTANCIA COLONIA SANTA ELOISA,20223,3272,30
Entre Rios,ESTANCIA COLONIA SANTA JUANA,20227,3272,30
Entre Rios,ESTANCIA CNIA STA TERESA,20229,3272,30
Entre Rios,ESTANCIA EL TOROPI,20233,3272,30
Entre Rios,ESTANCIA LOS VASCOS,20236,3272,30
Entre Rios,GERIBEBUY,20240,3248,30
Entre Rios,GOBERNADOR URQUIZA,20242,3248,30
Entre Rios,GRUPO PARRERO,20249,3244,30
Entre Rios,KILOMETRO 108,20257,3260,30
Entre Rios,KILOMETRO 112,20262,3260,30
Entre Rios,KILOMETRO 115,20265,3260,30
Entre Rios,KILOMETRO 208,20268,3172,30
Entre Rios,KILOMETRO 231,20271,3170,30
Entre Rios,KILOMETRO 242,20274,3272,30
Entre Rios,KILOMETRO 244,20278,3272,30
Entre Rios,KILOMETRO 253,20281,3272,30
Entre Rios,KILOMETRO 268,20288,3263,30
Entre Rios,KILOMETRO 270,20294,3261,30
Entre Rios,KILOMETRO 283,20297,3263,30
Entre Rios,KILOMETRO 293,20300,3263,30
Entre Rios,LA AMIGUITA,20304,3244,30
Entre Rios,LA BARRACA,20309,3260,30
Entre Rios,LA GOYA,20312,3260,30
Entre Rios,LA SESTEADA,20313,3260,30
Entre Rios,LINEA 19,20327,3244,30
Entre Rios,LINEA 20,20329,3244,30
Entre Rios,LINEA 24,20334,3170,30
Entre Rios,LINEA 25,20338,3170,30
Entre Rios,LIONEL,20343,3244,30
Entre Rios,NOVIBUCO PRIMERO,20362,3170,30
Entre Rios,PASO DEL MOLINO,20369,3260,30
Entre Rios,PUEBLO NUEVO,20383,3170,30
Entre Rios,PUERTO CAMPINCHUELO,20389,3261,30
Entre Rios,PUERTO VIEJO,20393,3260,30
Entre Rios,TRES ALDEAS,20429,3170,30
Entre Rios,VILLA SAN JUSTO,20437,3262,30
Entre Rios,ARROYO JACINTO,20451,3101,30
Entre Rios,ESTABLECIMIENTO PUNTA ALTA,20464,3155,30
Entre Rios,KILMETRO 165,20509,3153,30
Entre Rios,PASO DEL ABRA,20525,3153,30
Entre Rios,PUERTO ESQUINA,20531,3155,30
Entre Rios,PUERTO LOPEZ,20535,3101,30
Entre Rios,QUEBRACHITOS,20538,3153,30
Entre Rios,RINCON DE NOGOYA,20541,3155,30
Entre Rios,VILLA LIBERTAD,20549,3228,30
Entre Rios,ALDEA SAN GREGORIO,20550,3287,30
Entre Rios,ALDEA SAN JORGE,20551,3252,30
Entre Rios,CAMPO DE VILLAMIL,20553,3241,30
Entre Rios,COLONIA EGIDO,20575,3240,30
Entre Rios,COLONIA ESPINDOLA,20576,3252,30
Entre Rios,COLONIA FEIMBERG,20578,3252,30
Entre Rios,COLONIA GUIBURG,20579,3252,30
Entre Rios,COLONIA LA BLANQUITA,20581,3254,30
Entre Rios,COLONIA LA MORENITA,20584,3254,30
Entre Rios,COLONIA LA PAMPA,20586,3254,30
Entre Rios,COLONIA VILLAGUAYCITO,20602,3241,30
Entre Rios,CURUPI,20603,3240,30
Entre Rios,EMPALME NEILD,20607,3240,30
Entre Rios,KILOMETRO 160,20622,3142,30
Entre Rios,KILOMETRO 279,20628,3240,30
Entre Rios,KILOMETRO 284,20632,3240,30
Entre Rios,KILOMETRO 285,20636,3240,30
Entre Rios,KILOMETRO 288,20641,3240,30
Entre Rios,KILOMETRO 306,20646,3252,30
Entre Rios,KILOMETRO 325,20650,3254,30
Entre Rios,LA JOYA,20653,3244,30
Entre Rios,LAGUNA LARGA,20659,3241,30
Entre Rios,LAS PAJITAS,20661,3240,30
Entre Rios,LUCAS NORTE,20662,3241,30
Entre Rios,MIGUEL J PERLIZA,20663,3246,30
Entre Rios,MOJONES NORTE,20664,3241,30
Entre Rios,MOJONES SUR PRIMERO,20667,3241,30
Entre Rios,MOJONES SUR SEGUNDO,20670,3241,30
Entre Rios,PASO DE LA LAGUNA,20672,3241,30
Entre Rios,PASO DE LA LEGUA,20673,3240,30
Entre Rios,PUEBLO DOMINGUEZ,20674,3246,30
Entre Rios,PUENTE DE LUCAS,20675,3216,30
Entre Rios,RACHEL,20676,3246,30
Entre Rios,DIST RAICES AL SUD,20678,3177,30
Entre Rios,RINCON LUCAS NORTE,20679,3241,30
Entre Rios,RINCON LUCAS SUD,20680,3241,30
Entre Rios,ZENON ROCA,20687,3240,30
Entre Rios,ZONA DELTA DEL PARANA,27600,2820,30
Entre Rios,COSTA URUGUAY NORTE,27746,2821,30
Entre Rios,COLONIA BERTOZZI,27747,3192,30
Entre Rios,COLONIA LA MARTA,27748,3185,30
Entre Rios,TATUTI,27749,3229,30
Entre Rios,COLONIA NUEVA NORTE,27750,3265,30
Entre Rios,COLONIA NUEVA SUR,27751,3265,30
Entre Rios,COLONIA 1 DE MAYO,27752,3265,30
Entre Rios,ESTANCIA GRANDE,27753,3201,30
Entre Rios,ISLETAS,27754,3164,30
Entre Rios,ISLETAS NORTE,27755,3164,30
Entre Rios,CAÃ‘ADA DEL CERRO,27756,3228,30
Entre Rios,COLONIA AYLMAN,27757,3228,30
Entre Rios,COLONIA SAN LORENZO,27758,3181,30
Entre Rios,EL GATO,27759,3180,30
Entre Rios,LAMBARE,27760,2841,30
Entre Rios,LAS COLONIAS,27761,3254,30
Entre Rios,PUEBLO PRIMERO,27762,3174,30
Entre Rios,CORRALES,27763,3151,30
Entre Rios,COLONIA ADIVINOS,27764,3142,30
Entre Rios,ALDEA SAN ANTONIO,27827,3117,30
Entre Rios,LOS CEIBOS,27828,3261,30
Entre Rios,COLONIA TUNAS,27832,3185,30
Entre Rios,SAN ROQUE,27833,3228,30
Entre Rios,DIEGO LOPEZ,27834,3180,30
Entre Rios,LOMA LIMPIA,27835,3188,30
Entre Rios,PASO DUARTE,27836,3181,30
Entre Rios,SANTA LUCIA,27837,3183,30
Entre Rios,LAGUNA BENITEZ,27838,3183,30
Entre Rios,MULAS GRANDES,27839,3187,30
Entre Rios,ARROYO CLE,27840,2841,30
Entre Rios,MONTE REDONDO,27841,2840,30
Entre Rios,ESTAQUITAS,27842,3191,30
Entre Rios,ESTACION RAICES,27843,3241,30
Entre Rios,PICADA BERON,27844,3190,30
Entre Rios,ARROYO CORRALITO,27845,3122,30
Entre Rios,ARROYO PALO SECO,27846,3133,30
Entre Rios,ARROYO MATURRANGO,27847,3133,30
Entre Rios,BRAZO LARGO,27879,1647,30
Entre Rios,ISLA DEL CHARIGUE,27899,2100,30
Entre Rios,VILLA ANGELICA,27922,3151,30
