Jujuy,ABDON CASTRO TOLAY,13055,4641,38
Jujuy,ABRA PAMPA,13056,4640,38
Jujuy,ABRALAITE,13057,4634,38
Jujuy,AGUA CALIENTE DE LA PUNA,13058,4641,38
Jujuy,AGUA CHICA,13059,4640,38
Jujuy,AGUAS CALIENTES,13060,4431,38
Jujuy,ARBOLITO NUEVO,13061,4643,38
Jujuy,BARRANCAS,13062,4641,38
Jujuy,CASA COLORADA,13063,4643,38
Jujuy,CASABINDO,13064,4641,38
Jujuy,CATARI,13065,4640,38
Jujuy,CHAUPI RODERO,13066,4640,38
Jujuy,CHOROJRA,13067,4640,38
Jujuy,COCHINOCA,13068,4641,38
Jujuy,COLORADOS,13069,4618,38
Jujuy,DONCELLAS,13070,4641,38
Jujuy,ESTACION ZOOTECNICA,13071,4640,38
Jujuy,LLULLUCHAYOC,13072,4644,38
Jujuy,LOTE MIRAFLORES,13073,4503,38
Jujuy,MIRAFLORES DE LA CANDELARIA,13074,4640,38
Jujuy,POTRERO,13075,4640,38
Jujuy,POTRERO DE LA PUNA,13076,4640,38
Jujuy,PUESTO DEL MARQUEZ,13077,4644,38
Jujuy,QUERA,13079,4634,38
Jujuy,QUETA,13080,4641,38
Jujuy,QUICHAGUA,13081,4641,38
Jujuy,RACHAITE,13082,4641,38
Jujuy,RINCONADILLAS,13083,4641,38
Jujuy,RONTUYOC,13084,4640,38
Jujuy,RUMI CRUZ,13085,4640,38
Jujuy,SAN FRANCISCO DE ALFARCITO,13086,4641,38
Jujuy,SAN JUAN DE QUILLAGUES,13087,4641,38
Jujuy,SANTA ANA DE LA PUNA,13088,4641,38
Jujuy,SANTUARIO,13089,4640,38
Jujuy,SAYATE,13090,4640,38
Jujuy,TABLADITAS,13091,4640,38
Jujuy,TAMBILLOS,13092,4641,38
Jujuy,TUSAQUILLAS,13093,4641,38
Jujuy,ALTO COMEDERO,13094,4600,38
Jujuy,GUERRERO,13095,4600,38
Jujuy,HUAICO CHICO,13096,4601,38
Jujuy,LOZANO,13097,4616,38
Jujuy,REYES,13098,4600,38
Jujuy,SAN SALVADOR DE JUJUY,13099,4600,38
Jujuy,TERMAS DE REYES,13100,4600,38
Jujuy,TILQUIZA,13101,4600,38
Jujuy,BARRIO ALBERDI,13102,4600,38
Jujuy,VILLA CIUDAD DE NIEVA,13103,4600,38
Jujuy,BARRIO CUYAYA,13104,4600,38
Jujuy,VILLA GORRITI,13105,4600,38
Jujuy,BARRIO LUJAN,13106,4600,38
Jujuy,BARRIO SANTA RITA,13107,4600,38
Jujuy,YALA,13108,4616,38
Jujuy,ALTO VERDE,13109,4608,38
Jujuy,BARRIO LA UNION,13110,4648,38
Jujuy,BORDO LA ISLA,13111,4608,38
Jujuy,CAMPO LA TUNA,13112,4608,38
Jujuy,CATAMONTAÃ‘A,13113,4603,38
Jujuy,CHAMICAL,13114,4608,38
Jujuy,CORONEL ARIAS,13115,4608,38
Jujuy,EL CADILLAL,13116,4608,38
Jujuy,EL CARMEN,13117,4603,38
Jujuy,CHUCUPAL,13118,4603,38
Jujuy,EL OLLERO,13119,4603,38
Jujuy,EL PONGO,13120,4608,38
Jujuy,EL SUNCHAL,13121,4603,38
Jujuy,EL TOBA,13122,4606,38
Jujuy,ESTACION PERICO,13123,4608,38
Jujuy,KILOMETRO 1129,13124,4608,38
Jujuy,LA CIENAGA,13125,4603,38
Jujuy,LA OVEJERIA,13126,4606,38
Jujuy,LAS CAÃ‘ADAS,13127,4606,38
Jujuy,LAS PAMPITAS,13128,4608,38
Jujuy,LAS PICHANAS,13129,4606,38
Jujuy,LAS PIRCAS,13130,4603,38
Jujuy,LAVAYEN,13131,4503,38
Jujuy,LOS CEDROS,13132,4603,38
Jujuy,LOS LAPACHOS,13133,4606,38
Jujuy,LOS MANANTIALES,13134,4606,38
Jujuy,LOTE SAN JUANCITO,13135,4522,38
Jujuy,MAQUINISTA VERON,13136,4606,38
Jujuy,MONTERRICO,13137,4608,38
Jujuy,PALO BLANCO,13138,4522,38
Jujuy,PAMPA BLANCA,13139,4606,38
Jujuy,PAMPA VIEJA,13140,4606,38
Jujuy,PERICO,13141,4608,38
Jujuy,PUEBLO VIEJO,13142,4632,38
Jujuy,SAN VICENTE,13143,4608,38
Jujuy,SANTO DOMINGO,13144,4608,38
Jujuy,APARZO,13145,4630,38
Jujuy,AZUL PAMPA,13146,4631,38
Jujuy,BALIAZO,13147,4630,38
Jujuy,CARAYOC,13148,4651,38
Jujuy,CHAUPI RODERO,13149,4632,38
Jujuy,CHORCAN,13150,4631,38
Jujuy,CHUCALEZNA,13151,4626,38
Jujuy,CIANZO,13152,4630,38
Jujuy,COCTACA,13153,4631,38
Jujuy,CORAYA,13154,4630,38
Jujuy,DOGLONZO,13155,4631,38
Jujuy,EL AGUILAR,13156,4634,38
Jujuy,EL CONDOR,13157,4644,38
Jujuy,HIPOLITO YRIGOYEN EST ITURBE,13158,4632,38
Jujuy,HORNADITAS,13159,4630,38
Jujuy,HUMAHUACA,13160,4630,38
Jujuy,LA VETA,13162,4634,38
Jujuy,MIYUYOC,13163,4632,38
Jujuy,OCUMAZO,13164,4626,38
Jujuy,OVARA,13165,4630,38
Jujuy,PALCA DE APARZO,13166,4631,38
Jujuy,PEÃ‘AS BLANCAS,13167,4632,38
Jujuy,PUCARA,13168,4624,38
Jujuy,RODERO,13169,4631,38
Jujuy,RONQUE,13170,4631,38
Jujuy,SAN ROQUE,13171,4630,38
Jujuy,SENADOR PEREZ,13172,4626,38
Jujuy,TEJADAS,13173,4634,38
Jujuy,TRES CRUCES,13174,4634,38
Jujuy,UQUIA,13175,4626,38
Jujuy,VARAS,13176,4631,38
Jujuy,VETA MINA AGUILAR,13177,4634,38
Jujuy,ALTO CALILEGUA,13178,4513,38
Jujuy,ARENAL BARROSO,13179,4506,38
Jujuy,CAIMANCITO,13180,4516,38
Jujuy,CALILEGUA,13181,4514,38
Jujuy,CASILLAS,13182,4632,38
Jujuy,CHALICAN,13183,4504,38
Jujuy,FRAILE PINTADO,13185,4506,38
Jujuy,GUAYACAN,13186,4506,38
Jujuy,INGENIO LEDESMA,13187,4512,38
Jujuy,LA BAJADA,13188,4506,38
Jujuy,NORMENTA,13191,4512,38
Jujuy,PUEBLO LEDESMA,13192,4512,38
Jujuy,23 DE agosto,13193,4504,38
Jujuy,YUTO,13194,4518,38
Jujuy,CARAHUNCO,13197,4612,38
Jujuy,CENTRO FORESTAL,13198,4612,38
Jujuy,CERROS ZAPLA,13199,4612,38
Jujuy,EL ALGARROBAL,13200,4612,38
Jujuy,EL BRETE,13201,4612,38
Jujuy,EL CUCHO,13202,4612,38
Jujuy,EL REMATE,13203,4612,38
Jujuy,GENERAL MANUEL SAVIO,13204,4612,38
Jujuy,LA CUESTA,13205,4612,38
Jujuy,LAS CAPILLAS,13206,4612,38
Jujuy,LAS ESCALERAS,13207,4612,38
Jujuy,LOS BLANCOS,13208,4612,38
Jujuy,MINA 9 DE OCTUBRE,13209,4612,38
Jujuy,PALPALA,13210,4612,38
Jujuy,CARAHUASI,13212,4643,38
Jujuy,CIENEGO GRANDE,13213,4643,38
Jujuy,COYAGUAIMA,13214,4643,38
Jujuy,CUSI CUSI,13215,4643,38
Jujuy,GUAYATAYOC,13216,4643,38
Jujuy,HUALLATAYOC,13217,4653,38
Jujuy,LOMA BLANCA,13218,4643,38
Jujuy,MINA PIRQUITAS,13219,4643,38
Jujuy,OROSMAYO,13221,4643,38
Jujuy,PAICONE,13222,4643,38
Jujuy,MINA PAN DE AZUCAR,13223,4643,38
Jujuy,POZUELO,13224,4643,38
Jujuy,RINCONADA,13225,4643,38
Jujuy,SAN JUAN,13226,4643,38
Jujuy,SAN PEDRO,13227,4500,38
Jujuy,ALISOS  DE ABAJO,13228,4605,38
Jujuy,CEIBAL,13229,4605,38
Jujuy,CERRO NEGRO,13230,4605,38
Jujuy,LA CABAÃ‘A,13231,4605,38
Jujuy,LA TOMA,13232,4605,38
Jujuy,LOS ALISOS,13233,4605,38
Jujuy,PAÃ‘O,13234,4605,38
Jujuy,SAN ANTONIO,13235,4605,38
Jujuy,ARRAYANAL,13236,4503,38
Jujuy,ARROYO COLORADO,13237,4501,38
Jujuy,BARRO NEGRO,13238,4522,38
Jujuy,EL QUEMADO,13239,4504,38
Jujuy,LA ESPERANZA,13240,4503,38
Jujuy,LA MENDIETA,13241,4522,38
Jujuy,LOTE DON DAVID,13242,4522,38
Jujuy,LOTE DON EMILIO,13243,4522,38
Jujuy,LOTE EL PUESTO,13244,4503,38
Jujuy,LOTE PALMERA,13245,4503,38
Jujuy,LOTE PARAPETI,13246,4503,38
Jujuy,LOTE PIEDRITAS,13247,4522,38
Jujuy,LOTE SAN ANTONIO,13248,4512,38
Jujuy,RODEITO,13249,4500,38
Jujuy,SAN JOSE DEL BORDO,13250,4500,38
Jujuy,SAN JUAN DE DIOS,13251,4501,38
Jujuy,SAN LUCAS,13252,4500,38
Jujuy,EL ARENAL,13253,4500,38
Jujuy,EL FUERTE,13254,4501,38
Jujuy,EL PALMAR,13255,4501,38
Jujuy,EL PALMAR DE SAN FRANCISCO,13256,4542,38
Jujuy,EL PIQUETE,13257,4501,38
Jujuy,EL TALAR,13258,4542,38
Jujuy,INGENIO LA ESPERANZA,13259,4542,38
Jujuy,ISLA CHICA,13260,4501,38
Jujuy,ISLA GRANDE,13261,4501,38
Jujuy,LEACHS,13262,4504,38
Jujuy,LOTE SAUZAL,13263,4522,38
Jujuy,PALMA SOLA,13264,4501,38
Jujuy,PUESTO NUEVO,13265,4501,38
Jujuy,PUESTO VIEJO,13266,4606,38
Jujuy,REAL DE LOS TOROS,13267,4501,38
Jujuy,RIO NEGRO,13268,4504,38
Jujuy,SAN RAFAEL,13269,4501,38
Jujuy,SANTA CLARA,13270,4501,38
Jujuy,SIETE AGUAS,13271,4501,38
Jujuy,VINALITO,13272,4518,38
Jujuy,CABRERIA,13273,4655,38
Jujuy,CASIRA,13274,4653,38
Jujuy,CERRITO,13275,4653,38
Jujuy,CIENEGUILLAS,13276,4653,38
Jujuy,HORNILLOS,13277,4653,38
Jujuy,LA CRUZ,13278,4655,38
Jujuy,ORATORIO,13279,4655,38
Jujuy,OROS SAN JUAN,13280,4655,38
Jujuy,PASAJES,13281,4653,38
Jujuy,PASTO PAMPA,13282,4653,38
Jujuy,PUESTO CHICO,13283,4653,38
Jujuy,PUESTO GRANDE,13284,4653,38
Jujuy,RODEO CHICO,13285,4653,38
Jujuy,SAN FRANCISCO,13286,4655,38
Jujuy,SAN LEON,13287,4655,38
Jujuy,SANTA CATALINA,13288,4655,38
Jujuy,TIMON CRUZ,13289,4655,38
Jujuy,TOQUERO,13290,4653,38
Jujuy,YOSCABA,13291,4653,38
Jujuy,CATUA,13292,4413,38
Jujuy,VILLA CORANZULI,13293,4643,38
Jujuy,EL TORO,13294,4643,38
Jujuy,HUANCAR,13295,4641,38
Jujuy,MUÃ‘AYOC,13296,4641,38
Jujuy,OLAROZ CHICO,13297,4641,38
Jujuy,SEY,13298,4411,38
Jujuy,SUSQUES,13299,4641,38
Jujuy,ABRA MAYO,13300,4624,38
Jujuy,ALFARCITO,13301,4624,38
Jujuy,CHORRILLOS,13302,4626,38
Jujuy,EL DURAZNO,13303,4624,38
Jujuy,POSTA DE HORNILLOS,13304,4618,38
Jujuy,HUACALERA,13305,4626,38
Jujuy,HUICHAIRA,13306,4624,38
Jujuy,JUELLA,13307,4624,38
Jujuy,EL PERCHEL,13308,4624,38
Jujuy,LA BANDA,13309,4624,38
Jujuy,MAIMARA,13310,4622,38
Jujuy,QUEBRADA HUASAMAYO,13311,4624,38
Jujuy,SAN JOSE,13312,4626,38
Jujuy,SAN PEDRITO,13313,4622,38
Jujuy,TILCARA,13314,4624,38
Jujuy,VILLA DEL PERCHEL,13315,4626,38
Jujuy,BARCENA,13316,4616,38
Jujuy,BOMBA,13317,4616,38
Jujuy,CHILCAYOC,13318,4616,38
Jujuy,EL ANGOSTO,13319,4655,38
Jujuy,EL MORENO,13320,4618,38
Jujuy,EL SALADILLO,13321,4500,38
Jujuy,HUACHICHOCANA,13322,4618,38
Jujuy,KILOMETRO 1183,13323,4616,38
Jujuy,LA AGUADITA,13324,4618,38
Jujuy,LA CIENAGA,13325,4618,38
Jujuy,MOLINOS,13328,4616,38
Jujuy,PISCUNO,13329,4655,38
Jujuy,PUERTA DE LIPAN,13330,4618,38
Jujuy,PUNA DE JUJUY,13331,4618,38
Jujuy,PUNTA CORRAL,13332,4618,38
Jujuy,PURMAMARCA,13333,4618,38
Jujuy,SAN BERNARDO,13334,4618,38
Jujuy,SAN JOSE DEL CHAÃ‘I,13335,4618,38
Jujuy,TESORERO,13336,4616,38
Jujuy,TIRAXI,13337,4616,38
Jujuy,TRES MORROS,13338,4618,38
Jujuy,TUMBAYA,13339,4618,38
Jujuy,TUNALITO,13340,4618,38
Jujuy,VOLCAN,13341,4616,38
Jujuy,CASPALA,13342,4631,38
Jujuy,MOLULO,13343,4624,38
Jujuy,OCLOYAS,13344,4601,38
Jujuy,PAMPICHUELA,13345,4513,38
Jujuy,SAN FRANCISCO,13346,4512,38
Jujuy,SAN LUCAS,13347,4513,38
Jujuy,SANTA ANA,13348,4631,38
Jujuy,SANTA BARBARA,13349,4513,38
Jujuy,VALLE COLORADO,13350,4631,38
Jujuy,VALLE GRANDE,13351,4513,38
Jujuy,YALA DE MONTE CARMELO,13352,4624,38
Jujuy,BARRIOS,13353,4650,38
Jujuy,CANGREJILLOS,13354,4644,38
Jujuy,CANGREJOS,13355,4644,38
Jujuy,CARACARA,13356,4644,38
Jujuy,CASTI,13357,4651,38
Jujuy,CHOCOITE,13358,4644,38
Jujuy,ESCAYA,13359,4644,38
Jujuy,INTICANCHO,13360,4651,38
Jujuy,LA CIENAGA,13361,4650,38
Jujuy,LA QUIACA,13363,4650,38
Jujuy,MAYINTE,13364,4644,38
Jujuy,MINA BELGICA,13365,4644,38
Jujuy,MINA PULPERA,13366,4644,38
Jujuy,MINA SAN FRANCISCO,13367,4644,38
Jujuy,PUMAHUASI,13368,4644,38
Jujuy,REDONDA,13369,4644,38
Jujuy,RIO COLORADO,13370,4644,38
Jujuy,SANSANA,13371,4650,38
Jujuy,SURIPUJIO,13372,4651,38
Jujuy,TAFNA,13373,4650,38
Jujuy,YAVI,13375,4651,38
Jujuy,YAVI CHICO,13376,4644,38
Jujuy,LIB GRAL SAN MARTIN,16398,4512,38
Jujuy,ITURBE,16608,4632,38
Jujuy,GUEMES,16609,4640,38
Jujuy,TEUCO,16610,4641,38
Jujuy,TURU TARI,16611,4640,38
Jujuy,CERRO CHICO,16612,4640,38
Jujuy,LA FALDA,16613,4640,38
Jujuy,LUMARA,16614,4640,38
Jujuy,MIRA FLORES,16615,4640,38
Jujuy,PUERTA POTRERO,16616,4640,38
Jujuy,SAN JOSE DE MIRAFLORES,16617,4640,38
Jujuy,COLONIA LOS LAPACHOS,16619,4606,38
Jujuy,TOBA,16620,4648,38
Jujuy,ALEGRIA,16621,4506,38
Jujuy,BAJADA ALTA,16622,4506,38
Jujuy,COLONIA 8 DE SEPTIEMBRE,16623,4512,38
Jujuy,EL CARDONAL,16624,4506,38
Jujuy,LA REDUCCION,16625,4506,38
Jujuy,LOTE MAIZ NEGRO,16626,4506,38
Jujuy,OCULTO,16627,4506,38
Jujuy,OJO DE AGUA,16628,4506,38
Jujuy,SIBERIA,16629,4506,38
Jujuy,LOS BAYOS,16630,4503,38
Jujuy,LOTE LA CIENAGA,16631,4503,38
Jujuy,LOTE LA POSTA,16632,4503,38
Jujuy,ALTO DEL SALADILLO,16633,4500,38
Jujuy,LA SANGA,16634,4500,38
Jujuy,PALO SANTO,16635,4522,38
Jujuy,SALADILLO LEDESMA,16636,4500,38
Jujuy,SALADILLO SAN PEDRO,16637,4522,38
Jujuy,POTRERO,16638,4616,38
Jujuy,SANTUYOC,16639,4616,38
Jujuy,AMANCAYOC,16640,4513,38
Jujuy,TIRAXI CHICO,16641,4616,38
Jujuy,AMARGURAS,16642,4513,38
Jujuy,CACHO,16643,4513,38
Jujuy,CHORRO,16644,4513,38
Jujuy,LOMA LARGA,16645,4513,38
Jujuy,NOGAL,16646,4513,38
Jujuy,NOGALES,16647,4513,38
Jujuy,NOGALITO,16648,4513,38
Jujuy,PICACHO,16649,4513,38
Jujuy,PILCOMAYO,16650,4513,38
Jujuy,PUEBLO,16651,4513,38
Jujuy,QUEÃ‘OAL,16652,4513,38
Jujuy,SAN ANTONIO,16653,4513,38
Jujuy,TALAR,16654,4513,38
Jujuy,ABRA DE PEÃ‘AS,16656,4650,38
Jujuy,EL MONUMENTO,16657,4650,38
Jujuy,LA CHINACA,16658,4561,38
Jujuy,BARRIO 9 DE JULIO,23365,4600,38
Jujuy,BARRIO ALTO LA VIÃ‘A,23367,4600,38
Jujuy,BARRIO BAJO LA VIÃ‘A,23368,4600,38
Jujuy,BARRIO ALTO LA LOMA,23370,4600,38
Jujuy,BARRIO PARQUE 19 DE ABRIL,23372,4600,38
Jujuy,CHAÃ‘I,23378,4616,38
Jujuy,BARRIO CHIJRA,23379,4600,38
Jujuy,CHUQUINA,23380,4600,38
Jujuy,CORRAL DE PIEDRAS,23381,4601,38
Jujuy,EL ALGARROBAL,23382,4600,38
Jujuy,EL AMANCAY,23385,4600,38
Jujuy,EL ARENAL,23386,4601,38
Jujuy,EL CUCHO,23388,4600,38
Jujuy,EL REMATE,23389,4612,38
Jujuy,ITUAICOCHICO,23392,4601,38
Jujuy,JUAN GALAN,23394,4600,38
Jujuy,JUAN MANUEL DE ROSAS,23395,4612,38
Jujuy,LA ALMONA,23396,4600,38
Jujuy,LA CUESTA,23398,4600,38
Jujuy,LAGUNAS DE YALA,23401,4616,38
Jujuy,LAS CAPILLAS,23403,4600,38
Jujuy,LAS ESCALERAS,23404,4600,38
Jujuy,LAS HIGUERILLAS,23407,4600,38
Jujuy,LEON,23408,4616,38
Jujuy,LOS ALISOS,23410,4600,38
Jujuy,LOS BLANCOS,23411,4600,38
Jujuy,NAZARENO,23413,4600,38
Jujuy,PALPALA,23415,4612,38
Jujuy,PASTOS CHICOS,23421,4641,38
Jujuy,PAYO,23423,4600,38
Jujuy,PUERTA DE SALAS,23425,4612,38
Jujuy,VILLA JARDIN DE REYES,23426,4600,38
Jujuy,RIO BLANCO,23428,4601,38
Jujuy,SAN PABLO DE REYES,23436,4600,38
Jujuy,TESORERO,23437,4600,38
Jujuy,ZAPLA,23438,4612,38
Jujuy,AGUA DE CASTILLA,23441,4640,38
Jujuy,CHULIN O INCA NUEVA,23443,4640,38
Jujuy,COCHAGATE,23445,4640,38
Jujuy,EL POTRERO DE LA PUNA,23446,4641,38
Jujuy,LA BANDA,23447,4640,38
Jujuy,LLAMERIA,23449,4644,38
Jujuy,MAYILTE,23452,4644,38
Jujuy,MOCORAITE,23454,4644,38
Jujuy,PUNTA DE AGUA,23457,4644,38
Jujuy,QUEBRALEÃ‘A,23458,4640,38
Jujuy,QUENTI TACO,23460,4644,38
Jujuy,RAMALLO,23463,4640,38
Jujuy,SORCUYO,23483,4640,38
Jujuy,TUITE,23485,4644,38
Jujuy,CADILLA,23488,4608,38
Jujuy,EL MOLLAR,23489,4608,38
Jujuy,ENTRE RIOS,23491,4608,38
Jujuy,FINCA LEACH,23492,4504,38
Jujuy,HORNILLOS,23495,4608,38
Jujuy,IRIARTE,23496,4608,38
Jujuy,LA OLLADA,23498,4603,38
Jujuy,LA UNION,23501,4608,38
Jujuy,LAGUNILLA EL CARMEN,23504,4608,38
Jujuy,PERICO SAN JUAN,23506,4603,38
Jujuy,POZO DE LAS AVISPAS,23507,4608,38
Jujuy,SAN GABRIEL,23514,4608,38
Jujuy,SAN JUANCITO,23517,4608,38
Jujuy,SAN RAFAEL,23520,4608,38
Jujuy,SANTA RITA,23521,4608,38
Jujuy,VENECIAS ARGENTINAS,23525,4608,38
Jujuy,VILLA ARGENTINA,23526,4608,38
Jujuy,ANTUMPA,23533,4632,38
Jujuy,BALLIAZO,23534,4630,38
Jujuy,CALETE,23536,4630,38
Jujuy,CAPLA,23537,4626,38
Jujuy,CASA GRANDE,23538,4634,38
Jujuy,CASAYOCK,23539,4632,38
Jujuy,CASILLA,23540,4632,38
Jujuy,CHORRILLOS,23541,4630,38
Jujuy,ESQUINAS BLANCAS,23544,4634,38
Jujuy,GALETA,23545,4630,38
Jujuy,KILOMETRO 1289,23547,4630,38
Jujuy,KILOMETRO 1321,23549,4634,38
Jujuy,LA CUEVA,23550,4632,38
Jujuy,PISUNGO,23553,4632,38
Jujuy,QUIMAZO,23554,4630,38
Jujuy,RIO GRANDE,23555,4634,38
Jujuy,SAN ANDRES,23563,4630,38
Jujuy,SAN PEDRO DE IRUYA,23566,4633,38
Jujuy,VICUÃ‘AYOC,23569,4634,38
Jujuy,VOLCAN HIGUERA,23571,4633,38
Jujuy,YACORAITE,23573,4634,38
Jujuy,AGUA NEGRA,23575,4512,38
Jujuy,ALGARROBAL,23576,4600,38
Jujuy,ANIMAS,23578,4512,38
Jujuy,APAREJO,23579,4512,38
Jujuy,BATEAS,23580,4512,38
Jujuy,BELLA VISTA,23581,4512,38
Jujuy,CAMPO BAJO,23583,4512,38
Jujuy,CAMPO COLORADO,23598,4512,38
Jujuy,CANDELARIA,23599,4512,38
Jujuy,CEVILAR,23600,4512,38
Jujuy,CHAÃ‘AR SOLO,23601,4516,38
Jujuy,CHAÃ‘ARAL,23602,4516,38
Jujuy,CIENAGA,23604,4512,38
Jujuy,CORTADERAS,23605,4512,38
Jujuy,DON JORGE,23607,4512,38
Jujuy,DURAZNAL,23612,4512,38
Jujuy,EL AIBAL,23614,4512,38
Jujuy,EL BANANAL,23617,4512,38
Jujuy,EL CAULARIO,23619,4512,38
Jujuy,EL MANANTIAL,23621,4512,38
Jujuy,EL NARANJO,23623,4512,38
Jujuy,EL RIO NEGRO,23625,4504,38
Jujuy,EL SAUCE,23628,4512,38
Jujuy,ESQUINA,23630,4512,38
Jujuy,FALDA DEL QUEBRACHAL,23631,4512,38
Jujuy,FALDA MOJON,23633,4512,38
Jujuy,FALDA MONTOSA,23636,4512,38
Jujuy,FINCA AGUA SALADA,23640,4516,38
Jujuy,FINCA AGUA TAPADA,23642,4516,38
Jujuy,FINCA LA LUCRECIA,23646,4516,38
Jujuy,FINCA LA REALIDAD,23648,4516,38
Jujuy,FINCA SANTA CORNELIA,23651,4516,38
Jujuy,FLORENCIA,23654,4512,38
Jujuy,GUACHAN,23657,4512,38
Jujuy,HIGUERITAS,23661,4512,38
Jujuy,JARAMILLO,23663,4504,38
Jujuy,LA CALERA,23665,4512,38
Jujuy,LA PUERTA,23667,4512,38
Jujuy,LAGUNILLA LEDESMA,23670,4608,38
Jujuy,LAPACHAL LEDESMA,23672,4501,38
Jujuy,LAS HIGUERITAS,23674,4512,38
Jujuy,LAS QUINTAS,23675,4512,38
Jujuy,LECHERIA,23676,4514,38
Jujuy,LEDESMA,23677,4512,38
Jujuy,LOMA DEL MEDIO,23679,4512,38
Jujuy,LOS BAÃ‘OS TERMALES,23681,4516,38
Jujuy,LOS CATRES,23684,4512,38
Jujuy,LOTE PREDILIANA,23686,4512,38
Jujuy,LOTE ZORA,23687,4504,38
Jujuy,MAL PASO,23689,4512,38
Jujuy,MARTA,23690,4512,38
Jujuy,MOJON AZUCENA,23692,4512,38
Jujuy,MOLULAR,23694,4512,38
Jujuy,NARANJITO,23696,4512,38
Jujuy,PALO A PIQUE,23697,4512,38
Jujuy,PAMPA LARGA,23699,4512,38
Jujuy,PAULETE,23700,4512,38
Jujuy,PAULINA,23702,4512,38
Jujuy,PIEDRA BLANCA,23703,4512,38
Jujuy,POSTA GDAPARQUE NAC CALILEGUA,23708,4514,38
Jujuy,POTRERO ALEGRE,23711,4512,38
Jujuy,POZO CAVADO,23713,4512,38
Jujuy,POZO VERDE,23715,4512,38
Jujuy,PREDILIANA,23717,4512,38
Jujuy,PUEBLO NUEVO,23718,4512,38
Jujuy,PUERTA VIEJA,23719,4512,38
Jujuy,RAMADA,23720,4512,38
Jujuy,RASTROJOS,23721,4504,38
Jujuy,RIO SECO,23722,4512,38
Jujuy,SALADILLO LEDESMA,23729,4522,38
Jujuy,SAN ANTONIO,23730,4503,38
Jujuy,SAN LORENZO,23732,4514,38
Jujuy,SANTILLO,23734,4512,38
Jujuy,SAUZAL,23735,4501,38
Jujuy,SAUZALITO,23738,4512,38
Jujuy,SEPULTURA,23739,4512,38
Jujuy,SOCABON,23741,4512,38
Jujuy,SOLEDAD,23742,4512,38
Jujuy,TARIJITA,23743,4512,38
Jujuy,TOBA,23744,4606,38
Jujuy,TOQUILLERA,23745,4512,38
Jujuy,TREMENTINAL,23747,4512,38
Jujuy,TUCUMANCITO,23748,4512,38
Jujuy,YERBA BUENA LEDESMA,23749,4622,38
Jujuy,OBRAJE SAN JOSE,23751,4516,38
Jujuy,SAN JOSE DE LA RINCONADA,23756,4643,38
Jujuy,ANTIGUYOS,23758,4643,38
Jujuy,CERRO REDONDO,23775,4643,38
Jujuy,CINCEL,23777,4643,38
Jujuy,FARILLON,23779,4643,38
Jujuy,GRANADAS,23781,4643,38
Jujuy,LA VETA,23784,4643,38
Jujuy,LAGUNILLAS,23785,4640,38
Jujuy,MINA AJEDREZ,23788,4643,38
Jujuy,MINIAIO,23789,4643,38
Jujuy,QUERA,23792,4643,38
Jujuy,SALITRE,23803,4643,38
Jujuy,TIO MAYO,23805,4643,38
Jujuy,ALISOS DE ARRIBA,23808,4605,38
Jujuy,ATALAYA,23809,4600,38
Jujuy,EL OLLERO,23810,4605,38
Jujuy,RIO BLANCO,23813,4605,38
Jujuy,BARRIO LA PROVIDENCIA,23821,4500,38
Jujuy,EL ACHERAL,23824,4500,38
Jujuy,ENSENADA,23826,4500,38
Jujuy,ESQUINA DE QUISTO,23828,4500,38
Jujuy,INGENIO LA ESPERANZA,23830,4503,38
Jujuy,MORALITO,23831,4500,38
Jujuy,RIO GRANDE,23833,4522,38
Jujuy,ABRA DEL TRIGO,23843,4501,38
Jujuy,AGUAS BLANCAS,23848,4501,38
Jujuy,ARROYO DEL MEDIO,23850,4501,38
Jujuy,BELLA VISTA,23851,4501,38
Jujuy,CACHI PUNCO,23853,4501,38
Jujuy,EL MISTOL,23879,4501,38
Jujuy,EL OLVIDO,23880,4501,38
Jujuy,EL SUNCHAL,23882,4501,38
Jujuy,EL TIPAL,23887,4501,38
Jujuy,GOBERNADOR OVEJERO,23889,4501,38
Jujuy,LA OLLADA,23891,4501,38
Jujuy,LA QUINTA,23893,4501,38
Jujuy,LA RONDA,23895,4501,38
Jujuy,LA VERTIENTE,23896,4501,38
Jujuy,LAGUNA SAN MIGUEL,23899,4501,38
Jujuy,LAGUNA TOTORILLAS,23900,4501,38
Jujuy,LAPACHAL SANTA BARBARA,23905,4501,38
Jujuy,LOMA PELADA,23907,4501,38
Jujuy,LOS MATOS,23909,4501,38
Jujuy,MILAN,23910,4501,38
Jujuy,PIE DE LA CUESTA,23912,4501,38
Jujuy,PUNTA DEL AGUA,23914,4644,38
Jujuy,SANTA RITA,23918,4501,38
Jujuy,CALAHOYO,23920,4655,38
Jujuy,CANCHUELA,23922,4655,38
Jujuy,GUAYATAYOC,23924,4653,38
Jujuy,MERCO,23927,4655,38
Jujuy,MINAS AZULES,23929,4655,38
Jujuy,MIRES,23931,4655,38
Jujuy,MORRO,23932,4655,38
Jujuy,ORNILLO,23933,4653,38
Jujuy,PEÃ‘A COLORADA,23935,4655,38
Jujuy,POTRERO,23936,4653,38
Jujuy,SAN JUAN,23944,4655,38
Jujuy,SAN JUAN DE OROS,23946,4655,38
Jujuy,TIO MAYO,23947,4653,38
Jujuy,CAUCHARI,23949,4641,38
Jujuy,EL PORVENIR,23950,4641,38
Jujuy,OLACAPATO,23952,4643,38
Jujuy,KILOMETRO 1369,23955,4641,38
Jujuy,OLAROZ GRANDE,23957,4641,38
Jujuy,PAIRIQUE CHICO,23959,4643,38
Jujuy,PAIRIQUE GRANDE,23961,4643,38
Jujuy,SIJES,23967,4641,38
Jujuy,SOYSOLAYTE,23969,4643,38
Jujuy,TANQUES,23971,4641,38
Jujuy,TOCOL,23972,4643,38
Jujuy,TURILARI,23973,4641,38
Jujuy,TURU TARI,23974,4641,38
Jujuy,ANGOSTO DEL PERCHEL,23975,4626,38
Jujuy,BELLA VISTA,23976,4622,38
Jujuy,CACHIHUAICO,23977,4622,38
Jujuy,CAÃ‘AS,23978,4624,38
Jujuy,EL CALLEJON,23979,4622,38
Jujuy,LAS CHICAPENAS,23981,4622,38
Jujuy,PUESTO,23982,4624,38
Jujuy,PUNTA DEL CAMPO,23983,4622,38
Jujuy,TACTA,23985,4622,38
Jujuy,YERBA BUENA TILCARA,23986,4622,38
Jujuy,ABRA DE PIVES,23987,4618,38
Jujuy,ACHACAMAYOC,23988,4618,38
Jujuy,AGUA BENDITA,23989,4618,38
Jujuy,AGUA PALOMAR,23991,4618,38
Jujuy,ALTO DE CASA,23992,4618,38
Jujuy,ALTO DE LOZANO,23993,4618,38
Jujuy,ALTO DE MOJON,23994,4618,38
Jujuy,ALTO DEL ANGOSTO,23995,4618,38
Jujuy,ALTO DEL SALADILLO,23996,4522,38
Jujuy,ALTO HUANCAR,23997,4618,38
Jujuy,ALTO MINERO,23998,4618,38
Jujuy,ALTO POTRERILLO,23999,4618,38
Jujuy,ALTO QUEMADO,24000,4618,38
Jujuy,ALTO QUIRQUINCHO,24001,4618,38
Jujuy,BOLETERIA,24002,4618,38
Jujuy,CAMPO OCULTO,24003,4618,38
Jujuy,CANCHAHUASI,24004,4618,38
Jujuy,CAPACHACRA,24005,4618,38
Jujuy,CARCEL,24006,4618,38
Jujuy,CASA NEGRA,24007,4618,38
Jujuy,CASA VIEJA,24008,4618,38
Jujuy,CHAÃ‘ARCITO,24009,4618,38
Jujuy,CHAÃ‘I CHICO,24010,4618,38
Jujuy,CHILCAR,24011,4618,38
Jujuy,CHORRILLO,24012,4618,38
Jujuy,CIENAGA GRANDE,24013,4643,38
Jujuy,COIRURO,24014,4618,38
Jujuy,CONDOR,24015,4618,38
Jujuy,CORTADERAS,24016,4618,38
Jujuy,COSTILLAR,24017,4618,38
Jujuy,CRUZ NIDO,24018,4618,38
Jujuy,EL COLORADO,24019,4618,38
Jujuy,EL MOLINO,24020,4618,38
Jujuy,EL MORRO,24021,4618,38
Jujuy,ENCRUCIJADA,24022,4618,38
Jujuy,ESQUINA DE HUANCAR,24023,4618,38
Jujuy,ESQUINA GRANDE,24024,4618,38
Jujuy,ESTANCIA GRANDE,24025,4618,38
Jujuy,HIGUERITAS,24026,4618,38
Jujuy,HUANCAR,24027,4618,38
Jujuy,INCA HUASI,24028,4618,38
Jujuy,LA PUERTA,24029,4618,38
Jujuy,LAGUNAS,24030,4618,38
Jujuy,LINDERO,24031,4618,38
Jujuy,LIPAN,24032,4618,38
Jujuy,LOMA LARGA,24033,4618,38
Jujuy,MINAS DE BORATO,24034,4618,38
Jujuy,MOLLI PUNCO,24035,4618,38
Jujuy,MORENO CHICO,24037,4618,38
Jujuy,MORRITO,24038,4618,38
Jujuy,PIEDRA CHOTA,24039,4618,38
Jujuy,PIEDRAS AMONTONADAS,24040,4618,38
Jujuy,PIEDRAS BLANCAS,24041,4618,38
Jujuy,PORVENIR,24042,4618,38
Jujuy,POSTA DE HORNILLOS,24043,4622,38
Jujuy,POZO BRAVO,24044,4618,38
Jujuy,POZO COLORADO,24045,4618,38
Jujuy,PUEBLO PLA,24046,4618,38
Jujuy,PUERTA DE COLORADOS,24047,4618,38
Jujuy,PUERTA PATACAL,24048,4618,38
Jujuy,PUNTA CANAL,24049,4618,38
Jujuy,PUNTAS DE COLORADOS,24050,4618,38
Jujuy,QUISQUINE,24051,4618,38
Jujuy,RECEPTORIA,24052,4618,38
Jujuy,RIVERITO,24053,4618,38
Jujuy,SALA,24058,4618,38
Jujuy,SAN JAVIER,24059,4618,38
Jujuy,SANTA ROSA TUMBAYA,24060,4618,38
Jujuy,SUSUYACO,24061,4618,38
Jujuy,TALA GRUSA,24062,4618,38
Jujuy,TOTORITO,24063,4618,38
Jujuy,TRIUNVIRATO,24064,4618,38
Jujuy,TUMBAYA GRANDE,24065,4618,38
Jujuy,ANTIGUO,24066,4631,38
Jujuy,CHILCAR,24067,4631,38
Jujuy,CORTADERAS,24068,4631,38
Jujuy,FUNDICIONES,24069,4513,38
Jujuy,GOBERNADOR TELLO,24070,4513,38
Jujuy,PISCUNO,24071,4651,38
Jujuy,POTRERILLO,24072,4631,38
Jujuy,PUERTO TOLAVA,24073,4513,38
Jujuy,RAMADA,24074,4631,38
Jujuy,SANTA CLARA,24076,4513,38
Jujuy,SANTA ROSA VALLE GRANDE,24077,4618,38
Jujuy,SOLEDAD,24078,4631,38
Jujuy,TABLON,24079,4631,38
Jujuy,TORO MUERTO,24080,4631,38
Jujuy,TRANCAS,24081,4631,38
Jujuy,VIZACACHAL,24082,4631,38
Jujuy,CAJAS,24084,4651,38
Jujuy,CERRILLOS,24085,4653,38
Jujuy,CONDOR,24086,4630,38
Jujuy,CORRAL BLANCO,24087,4655,38
Jujuy,CORRALITO,24088,4650,38
Jujuy,KILOMETRO 1397,24089,4644,38
Jujuy,LA INTERMEDIA,24090,4650,38
Jujuy,MINA SOL DE MAYO,24091,4644,38
Jujuy,MULLI PUNCO,24092,4650,38
Jujuy,RODEO,24093,4651,38
Jujuy,EL CABRAL,27529,4608,38
Jujuy,AGUA DE CASTILLA,27619,4651,38
Jujuy,LA SANGA,27646,4622,38
Jujuy,EL CHAGUARAL,27794,4500,38
Jujuy,CERRO AGUA CALIENTE,27820,4641,38
Jujuy,AGUAS CALIENTES,27821,4518,38
Jujuy,CORANZULI,27848,4643,38
