Mendoza,MENDOZA,5495,5500,50
Mendoza,GODOY CRUZ,5496,5501,50
Mendoza,SAN FRANCISCO DEL MONTE,5497,5503,50
Mendoza,CANALEJAS,5498,5636,50
Mendoza,BOWEN,5499,5634,50
Mendoza,CARMENSA,5500,5621,50
Mendoza,CERRO NEVADO,5501,5621,50
Mendoza,COCHICO,5502,5621,50
Mendoza,COLONIA ALVEAR,5503,5632,50
Mendoza,COLONIA ALVEAR OESTE,5504,5632,50
Mendoza,COLONIA BOUQUET,5505,5632,50
Mendoza,COSTA DEL DIAMANTE,5506,5637,50
Mendoza,EL ARBOLITO,5507,5636,50
Mendoza,EL BANDERON,5508,5634,50
Mendoza,EL CEIBO,5509,5621,50
Mendoza,EL JUNCALITO,5510,5620,50
Mendoza,EL NEVADO,5511,5620,50
Mendoza,EL RETIRO,5512,5632,50
Mendoza,GASPAR CAMPOS,5513,5609,50
Mendoza,GENERAL ALVEAR,5514,5620,50
Mendoza,GOICO,5515,5609,50
Mendoza,JAIME PRATS,5516,5623,50
Mendoza,KILOMETRO 56,5517,5620,50
Mendoza,KILOMETRO 882,5518,5620,50
Mendoza,KILOMETRO 884,5519,5634,50
Mendoza,LA ADELINA,5520,5634,50
Mendoza,LA ESCANDINAVA,5521,5634,50
Mendoza,LA MARZOLINA,5522,5632,50
Mendoza,LA MONTILLA,5523,5634,50
Mendoza,LA MORA,5524,5636,50
Mendoza,LA POMONA,5525,5620,50
Mendoza,LA VARITA,5526,5634,50
Mendoza,LOS ANGELES,5527,5634,50
Mendoza,LOS CAMPAMENTOS,5528,5634,50
Mendoza,LOS COMPARTOS,5529,5621,50
Mendoza,MEDIA LUNA,5530,6279,50
Mendoza,OVEJERIA,5531,5637,50
Mendoza,PAMPA DEL TIGRE,5532,5637,50
Mendoza,POSTE DE FIERRO,5533,5621,50
Mendoza,PUEBLO LUNA,5534,5632,50
Mendoza,SAN PEDRO DEL ATUEL,5535,5621,50
Mendoza,TAMBITO,5536,5621,50
Mendoza,VILLA COMPARTO,5537,5620,50
Mendoza,ALTO DEL SALVADOR,5538,5570,50
Mendoza,BARRIO VILLA ADELA,5539,5584,50
Mendoza,BUEN ORDEN,5540,5570,50
Mendoza,CARRIL NORTE,5541,5582,50
Mendoza,CHAPANAY,5542,5589,50
Mendoza,CHIVILCOY,5543,5571,50
Mendoza,COLONIA LAMBARE,5544,5571,50
Mendoza,COLONIA REINA,5545,5584,50
Mendoza,EL ALTO SALVADOR,5546,5571,50
Mendoza,EL CENTRAL,5547,5589,50
Mendoza,EL DIVISADERO,5548,5589,50
Mendoza,EL Ã‘ANGO,5549,5589,50
Mendoza,ESPINO,5550,5571,50
Mendoza,GURRUCHAGA,5551,5584,50
Mendoza,LA CHIMBA,5552,5589,50
Mendoza,LA PASTORAL,5553,5582,50
Mendoza,LAS COLONIAS,5554,5571,50
Mendoza,LOS OLMOS,5555,5571,50
Mendoza,MONTE CASEROS,5556,5571,50
Mendoza,PALMIRA,5557,5584,50
Mendoza,REINA,5558,5584,50
Mendoza,REYES,5559,5589,50
Mendoza,TRES PORTEÃ‘AS,5561,5589,50
Mendoza,VILLA CENTENARIO,5562,5570,50
Mendoza,VILLA DEL CARMEN,5563,5570,50
Mendoza,COMPUERTAS NEGRAS,5564,5632,50
Mendoza,CORRAL DE LORCA,5565,5637,50
Mendoza,CHIMBAS PALMIRA,5566,5584,50
Mendoza,LOS EUCALIPTOS,5567,5582,50
Mendoza,BERMEJO,5569,5533,50
Mendoza,BUENA NUEVA,5570,5523,50
Mendoza,BUENA VISTA,5571,5525,50
Mendoza,CAÃ‘ADITA ALEGRE,5572,5519,50
Mendoza,CANAL PESCARA,5573,5525,50
Mendoza,CAPILLA DEL ROSARIO,5574,5523,50
Mendoza,DORREGO,5575,5519,50
Mendoza,EL SAUCE,5576,5533,50
Mendoza,JESUS NAZARENO,5577,5523,50
Mendoza,PRIMAVERA,5578,5525,50
Mendoza,RODEO DE LA CRUZ,5579,5525,50
Mendoza,VILLA LOS CORRALITOS,5580,5527,50
Mendoza,VILLA NUEVA,5581,5521,50
Mendoza,COLONIA SANTA TERESA,5582,5527,50
Mendoza,COLONIA SEGOVIA,5583,5525,50
Mendoza,LA PRIMAVERA,5584,5527,50
Mendoza,LIMON,5585,5533,50
Mendoza,LOS CORREDORES,5586,5521,50
Mendoza,PARADERO LA SUPERIORA,5588,5525,50
Mendoza,VERGEL,5589,5527,50
Mendoza,VILLA SUAVA,5590,5523,50
Mendoza,VILLAS UNIDAS 25 DE MAYO,5591,5519,50
Mendoza,ALGARROBO GRANDE,5593,5582,50
Mendoza,ALTO GRANDE,5594,5572,50
Mendoza,ALTO VERDE,5595,5582,50
Mendoza,JUNIN,5597,5573,50
Mendoza,COLONIA DELFINO,5598,5573,50
Mendoza,EL CIPRES,5599,5585,50
Mendoza,EL MOYANO,5600,5573,50
Mendoza,INGENIERO GIAGNONI,5601,5582,50
Mendoza,JORGE NEWBERY,5602,5585,50
Mendoza,LA COLONIA,5603,5570,50
Mendoza,LA ISLA,5604,5585,50
Mendoza,LA ISLA CHICA,5605,5585,50
Mendoza,LA ISLA GRANDE,5606,5585,50
Mendoza,LOS BARRIALES,5607,5585,50
Mendoza,LOS OTOYANES,5608,5579,50
Mendoza,PUESTO LA COSTA,5609,5582,50
Mendoza,RAMBLON,5610,5582,50
Mendoza,RETAMO,5611,5582,50
Mendoza,RICARDO VIDELA,5612,5582,50
Mendoza,ROBERTS,5613,5582,50
Mendoza,RODRIGUEZ PEÃ‘A,5614,5585,50
Mendoza,TRES ACEQUIAS,5615,5585,50
Mendoza,VILLA MOLINO ORFILA,5616,5571,50
Mendoza,ALPATACAL,5617,5591,50
Mendoza,CADETES DE CHILE,5618,5590,50
Mendoza,CIRCUNVALACION,5619,5591,50
Mendoza,CORRAL DEL MOLLE,5620,5590,50
Mendoza,DELGADILLO,5621,5590,50
Mendoza,DESAGUADERO,5622,5598,50
Mendoza,EL CONSUELO,5623,5590,50
Mendoza,KILOMETRO 935 DESVIO FCGSM,5624,5590,50
Mendoza,LA CORTADERA,5625,5590,50
Mendoza,LA PAZ,5626,5590,50
Mendoza,LA PRIMAVERA,5627,5590,50
Mendoza,LAS VISCACHERAS,5628,5590,50
Mendoza,LOS ALGARROBOS,5629,5590,50
Mendoza,MAQUINISTA LEVET,5630,5590,50
Mendoza,PAMPITA EMBARCADERO FCGSM,5631,5598,50
Mendoza,PIRQUITA EMBARCADERO FCGSM,5632,5590,50
Mendoza,PUERTA DE LA ISLA,5633,5590,50
Mendoza,RETAMO,5634,5590,50
Mendoza,SOPANTA,5635,5591,50
Mendoza,TAPON,5636,5598,50
Mendoza,VILLA ANTIGUA,5637,5590,50
Mendoza,VILLA LA PAZ,5638,5591,50
Mendoza,VILLA VIEJA,5639,5590,50
Mendoza,ALGARROBAL ABAJO,5640,5541,50
Mendoza,ALGARROBAL ARRIBA,5641,5541,50
Mendoza,CAPDEVILLE,5642,5543,50
Mendoza,COLONIA ALEMANA,5643,5543,50
Mendoza,COLONIA 3 DE MAYO,5644,5543,50
Mendoza,CRISTO REDENTOR,5645,5557,50
Mendoza,EL CAÃ‘ITO,5646,5543,50
Mendoza,EL CHALLAO,5647,5539,50
Mendoza,EL PASTAL,5648,5541,50
Mendoza,EL PLUMERILLO,5649,5541,50
Mendoza,EL RESGUARDO,5650,5543,50
Mendoza,EMPALME FRONTERA,5651,5553,50
Mendoza,EMPALME RESGUARDO,5652,5539,50
Mendoza,ESPEJO,5653,5539,50
Mendoza,ESPEJO RESGUARDADO,5654,5539,50
Mendoza,ESTACION USPALLATA,5655,5551,50
Mendoza,GOBERNADOR BENEGAS,5656,5544,50
Mendoza,GUIDO,5657,5549,50
Mendoza,HORNITO DEL GRINGO,5658,5543,50
Mendoza,HORNOS DE MOYANO,5659,5543,50
Mendoza,JOCOLI,5660,5543,50
Mendoza,LA PIRATA,5661,5553,50
Mendoza,LAS CUEVAS,5662,5557,50
Mendoza,LAS HERAS,5663,5539,50
Mendoza,LOS PENITENTES,5664,5553,50
Mendoza,LOS TAMARINDOS,5665,5539,50
Mendoza,MATHEU NORTE,5666,5543,50
Mendoza,PANQUEHUA,5667,5539,50
Mendoza,PASO HONDO,5668,5541,50
Mendoza,PORTILLO AGUA DE TORO,5669,5545,50
Mendoza,PUENTE DEL INCA,5670,5555,50
Mendoza,PUESTO ISLA CHAÃ‘AR,5671,5435,50
Mendoza,PUESTO LOS CHAÃ‘ARES,5672,5435,50
Mendoza,PUNTA DE VACAS,5673,5553,50
Mendoza,RIO BLANCO,5674,5553,50
Mendoza,SAN ALBERTO,5675,5545,50
Mendoza,SANCHEZ DE BUSTAMANTE,5676,5539,50
Mendoza,TERMAS VILLAVICENCIO,5677,5545,50
Mendoza,TROPERO SOSA,5678,5539,50
Mendoza,TTE BENJAMIN MATIENZO,5679,5539,50
Mendoza,USPALLATA,5680,5545,50
Mendoza,VILLA HIPODROMO,5681,5547,50
Mendoza,ZANJON AMARILLO,5682,5553,50
Mendoza,9 DE julio,5683,5533,50
Mendoza,ALTO DEL OLVIDO,5684,5533,50
Mendoza,ARROYITO,5685,5537,50
Mendoza,ASUNCION,5686,5535,50
Mendoza,BAJADA ARAUJO,5687,5535,50
Mendoza,COLONIA ANDRE,5688,5535,50
Mendoza,COLONIA DEL CARMEN,5689,5535,50
Mendoza,COLONIA ITALIANA,5690,5533,50
Mendoza,COSTA DE ARAUJO,5691,5535,50
Mendoza,EL ALPERO,5692,5535,50
Mendoza,EL CHIRCAL,5693,5533,50
Mendoza,EL GUANACO,5694,5537,50
Mendoza,EL RETAMO,5695,5537,50
Mendoza,EL RETIRO,5696,5533,50
Mendoza,EL ROSARIO,5697,5535,50
Mendoza,EL VERGEL,5698,5533,50
Mendoza,GENERAL ACHA,5699,5533,50
Mendoza,GOBERNADOR LUIS MOLINA,5700,5533,50
Mendoza,INGENIERO GUSTAVO ANDRE,5701,5535,50
Mendoza,JOCOLI VIEJO,5702,5533,50
Mendoza,KILOMETRO 1013,5703,5535,50
Mendoza,KILOMETRO 1032,5704,5535,50
Mendoza,KILOMETRO 43,5705,5535,50
Mendoza,LA BAJADA,5706,5535,50
Mendoza,LA CELIA,5707,5535,50
Mendoza,LA PALMERA,5708,5533,50
Mendoza,LA PEGA,5709,5533,50
Mendoza,LAGUNA DEL ROSARIO,5710,5535,50
Mendoza,LAS DELICIAS,5711,5533,50
Mendoza,VILLA TULUMAYA,5712,5533,50
Mendoza,LOS BALDES,5713,5537,50
Mendoza,LOS BLANCOS,5714,5537,50
Mendoza,LOS RALOS,5715,5537,50
Mendoza,MOLUCHES,5716,5535,50
Mendoza,PARAMILLO,5717,5533,50
Mendoza,PROGRESO,5718,5535,50
Mendoza,RESURRECCION,5719,5535,50
Mendoza,SAN JOSE,5720,5535,50
Mendoza,SAN MIGUEL,5721,5537,50
Mendoza,SANTA MARTA,5722,5533,50
Mendoza,3 DE mayo,5723,5543,50
Mendoza,CARBOMETAL,5725,5505,50
Mendoza,CARRODILLA LA PUNTILLA,5726,5505,50
Mendoza,CHACRAS DE CORIA,5727,5505,50
Mendoza,EL REFUGIO,5728,5634,50
Mendoza,AGRELO,5730,5509,50
Mendoza,AGUA DE LOS MANANTIALES,5731,5549,50
Mendoza,ALTO DE LOS MANANTIALES,5732,5549,50
Mendoza,ALVAREZ CONDARCO,5734,5549,50
Mendoza,BAÃ‘OS LUNLUNTA,5735,5507,50
Mendoza,BLANCO ENCALADA,5736,5549,50
Mendoza,CACHEUTA,5737,5549,50
Mendoza,CALLE TERRADA,5738,5507,50
Mendoza,CAMPAMENTO CACHEUTA YPF,5739,5549,50
Mendoza,CARLOS SUBERCASEUX,5740,5549,50
Mendoza,CARRIZAL DE ARRIBA,5741,5509,50
Mendoza,CARRIZAL DE ABAJO,5742,5509,50
Mendoza,CASA DE PIEDRA,5743,5549,50
Mendoza,CERRILLOS,5744,5509,50
Mendoza,CERRILLOS AL NORTE,5745,5509,50
Mendoza,COLONIA BARRAQUERO,5746,5509,50
Mendoza,COLONIA CANO,5747,5507,50
Mendoza,CONCHA SUBERCASEAUX,5748,5549,50
Mendoza,DISTRITO COMPUERTA,5749,5507,50
Mendoza,EL ALTILLO,5750,5549,50
Mendoza,EL CARRIZAL,5751,5509,50
Mendoza,KILOMETRO 1085,5752,5549,50
Mendoza,KILOMETRO 55,5753,5549,50
Mendoza,LAS CHACRITAS,5754,5549,50
Mendoza,LAS COMPUERTAS,5755,5549,50
Mendoza,LAS VEGAS,5756,5613,50
Mendoza,LOS PAPAGAYOS,5757,5549,50
Mendoza,LOTES DE GAVIOLA,5758,5507,50
Mendoza,LUJAN DE CUYO,5759,5507,50
Mendoza,MINAS DE PETROLEO,5761,5509,50
Mendoza,PASO DE LOS ANDES,5762,5503,50
Mendoza,PERDRIEL,5763,5509,50
Mendoza,PETROLEO,5764,5549,50
Mendoza,POTRERILLOS,5765,5549,50
Mendoza,SAN IGNACIO,5766,5549,50
Mendoza,UGARTECHE,5767,5509,50
Mendoza,VILLA GAVIOLA,5768,5507,50
Mendoza,VISTALBA,5769,5509,50
Mendoza,LUZURIAGA,5770,5513,50
Mendoza,BARCALA,5771,5587,50
Mendoza,LAS BARRANCAS,5772,5517,50
Mendoza,BARRIO FERRI,5773,5531,50
Mendoza,CARTELLONE,5775,5531,50
Mendoza,CESPEDES,5776,5517,50
Mendoza,CHACHINGO,5777,5517,50
Mendoza,COLONIA BOMBAL,5778,5529,50
Mendoza,COLONIA JARA,5779,5529,50
Mendoza,COQUIMBITO,5780,5513,50
Mendoza,CRUZ DE PIEDRA,5781,5517,50
Mendoza,EL ALTILLO,5782,5531,50
Mendoza,EL PARAISO,5783,5531,50
Mendoza,FINCA EL ARROZ,5784,5531,50
Mendoza,FRAY LUIS BELTRAN,5785,5531,50
Mendoza,GENERAL GUTIERREZ,5786,5511,50
Mendoza,GENERAL ORTEGA,5787,5517,50
Mendoza,ISLA CHICA,5788,5587,50
Mendoza,ISLA GRANDE,5789,5587,50
Mendoza,LA JAULA,5790,5517,50
Mendoza,LOS ALAMOS,5791,5531,50
Mendoza,LUNLUNTA,5792,5517,50
Mendoza,MAIPU,5794,5515,50
Mendoza,MARQUEZ ESCUELA117,5795,5517,50
Mendoza,MAZA,5796,5517,50
Mendoza,PEDREGAL,5797,5529,50
Mendoza,RODEO DEL MEDIO,5798,5529,50
Mendoza,RUSSELL,5799,5517,50
Mendoza,SAN ROQUE,5800,5587,50
Mendoza,SANTA BLANCA,5801,5531,50
Mendoza,SARMIENTO,5802,5513,50
Mendoza,TERESA B DE TITTARELLI,5803,5589,50
Mendoza,VALLE HERMOSO,5804,5587,50
Mendoza,VILLA SECA,5805,5517,50
Mendoza,AGUA AMARGA,5806,5563,50
Mendoza,AGUA ESCONDIDA,5807,5621,50
Mendoza,AGUA DEL TORO,5808,5621,50
Mendoza,BARDAS BLANCAS,5809,5611,50
Mendoza,BELTRAN,5810,5613,50
Mendoza,CAJON GRANDE,5811,5613,50
Mendoza,CALMUCO,5812,5611,50
Mendoza,CAMPAMENTO RANQUILCO,5813,5613,50
Mendoza,CAÃ‘ADA ANCHA,5814,5613,50
Mendoza,CAÃ‘ADA COLORADA,5815,5613,50
Mendoza,COIHUECO,5816,5611,50
Mendoza,CORONEL BELTRAN,5817,5613,50
Mendoza,EL ALAMBRADO,5818,5611,50
Mendoza,EL AZUFRE,5819,5621,50
Mendoza,EL CHACAY,5820,5613,50
Mendoza,EL CHOIQUE,5821,5613,50
Mendoza,EL MANZANO,5822,5611,50
Mendoza,EL SOSNEADO,5823,5611,50
Mendoza,LA BATRA,5824,5613,50
Mendoza,LAS CHACRAS,5825,5613,50
Mendoza,LAS JUNTAS,5826,5613,50
Mendoza,LOS MOLLES,5827,5611,50
Mendoza,MALARGUE,5828,5613,50
Mendoza,MECHENGUIL,5829,5613,50
Mendoza,MINACAR,5830,5613,50
Mendoza,PAMPA AMARILLA,5831,5613,50
Mendoza,PATIMALAL,5832,5613,50
Mendoza,RANCHITOS,5833,5613,50
Mendoza,RANQUIL NORTE,5834,5611,50
Mendoza,RANQUILCO POZOS PETROLIFEROS,5835,5613,50
Mendoza,RIO BARRANCAS,5836,5613,50
Mendoza,RIO CHICO,5837,5613,50
Mendoza,RIO GRANDE,5838,5613,50
Mendoza,ANDRADE,5839,5575,50
Mendoza,LOS CAMPAMENTOS,5842,5579,50
Mendoza,EL ALTO,5843,5577,50
Mendoza,EL MIRADOR,5844,5579,50
Mendoza,EL RETIRO,5845,5579,50
Mendoza,LA CENTRAL RIVADAVIA,5846,5579,50
Mendoza,LA FLORIDA,5847,5579,50
Mendoza,LA LIBERTAD,5848,5579,50
Mendoza,LA SIRENA,5849,5579,50
Mendoza,LA VERDE,5850,5577,50
Mendoza,LOS ARBOLES,5851,5575,50
Mendoza,MEDRANO,5853,5585,50
Mendoza,MINELLI,5854,5579,50
Mendoza,MUNDO NUEVO,5855,5579,50
Mendoza,PACHANGO,5856,5579,50
Mendoza,PHILLIPS,5857,5579,50
Mendoza,REDUCCION,5858,5579,50
Mendoza,RIVADAVIA,5859,5577,50
Mendoza,SANTA MARIA DE ORO,5860,5579,50
Mendoza,VILLA RIVADAVIA,5861,5577,50
Mendoza,VILLA SAN ISIDRO,5862,5577,50
Mendoza,AGUADA,5863,5569,50
Mendoza,CAPIZ,5864,5560,50
Mendoza,CHILECITO,5865,5569,50
Mendoza,EL CAPACHO,5866,5569,50
Mendoza,EUGENIO BUSTOS,5867,5569,50
Mendoza,LA CAÃ‘ADA,5868,5567,50
Mendoza,LA CONSULTA,5869,5567,50
Mendoza,LA FLORIDA,5870,5569,50
Mendoza,LAS VIOLETAS,5871,5569,50
Mendoza,PAPAGAYO,5872,5569,50
Mendoza,PAREDITAS,5873,5569,50
Mendoza,PIEDRAS BLANCAS,5874,5569,50
Mendoza,PUESTO QUEMADO,5875,5435,50
Mendoza,SAN CARLOS,5876,5569,50
Mendoza,TIERRAS BLANCAS,5877,5569,50
Mendoza,TRES BANDERAS,5878,5517,50
Mendoza,TRES ESQUINAS,5879,5569,50
Mendoza,ALTO VERDE,5880,5582,50
Mendoza,SAN MARTIN,5881,5570,50
Mendoza,NUEVA CALIFORNIA,5882,5535,50
Mendoza,RUTA 7 KILOMETRO 1014,5883,5582,50
Mendoza,ARISTIDES VILLANUEVA,5884,5609,50
Mendoza,ATUEL SUD,5885,5623,50
Mendoza,BALDE EL SOSNEADO,5886,5611,50
Mendoza,CALLE LARGA VIEJA,5887,5605,50
Mendoza,CAÃ‘ADA AMARILLA,5888,5611,50
Mendoza,CAÃ‘ADA SECA,5889,5603,50
Mendoza,CAPITAN MONTOYA,5890,5601,50
Mendoza,CERRO ALQUITRAN,5891,5611,50
Mendoza,COLONIA ATUEL NORTE,5892,5605,50
Mendoza,COLONIA BOMBAL Y TABANERA,5893,5607,50
Mendoza,COLONIA COLOMER,5894,5603,50
Mendoza,COLONIA ELENA,5895,5603,50
Mendoza,COLONIA ESPAÃ‘OLA,5896,5607,50
Mendoza,COLONIA JAUREGUI,5897,5622,50
Mendoza,COLONIA LOPEZ,5898,5622,50
Mendoza,COLONIA PASCUAL IACARINI,5899,5615,50
Mendoza,COLONIA RUSA,5900,5603,50
Mendoza,CUADRO BENEGAS,5901,5603,50
Mendoza,CUADRO BOMBAL,5902,5607,50
Mendoza,CUADRO NACIONAL,5903,5607,50
Mendoza,EL ALGARROBAL,5904,5541,50
Mendoza,EL ALGARROBAL,5905,5607,50
Mendoza,EL BORBOLLON,5906,5541,50
Mendoza,EL CAMPAMENTO,5907,5609,50
Mendoza,EL CERRITO,5908,5600,50
Mendoza,EL NIHUIL,5909,5605,50
Mendoza,EL PORVENIR,5910,5603,50
Mendoza,EL TROPEZON,5911,5603,50
Mendoza,EL USILLAL,5912,5601,50
Mendoza,FINCA LOPEZ,5913,5622,50
Mendoza,GOUDGE,5914,5603,50
Mendoza,GUADALES,5915,5609,50
Mendoza,IGUAZU,5916,5601,50
Mendoza,INGENIERO BALLOFFET,5917,5603,50
Mendoza,KILOMETRO 47,5918,5624,50
Mendoza,LA CHILCA,5919,5595,50
Mendoza,LA GUEVARINA,5920,5622,50
Mendoza,LA LLAVE,5921,5603,50
Mendoza,LA LLAVE VIEJA,5922,5603,50
Mendoza,LA PICHANA,5923,5600,50
Mendoza,LA QUEBRADA,5924,5622,50
Mendoza,LA VASCONIA,5925,5623,50
Mendoza,LAS MALVINAS,5926,5605,50
Mendoza,LAS PAREDES,5927,5601,50
Mendoza,LOS BRITOS,5928,5611,50
Mendoza,LOS EMBARQUES,5929,5595,50
Mendoza,LOS HUARPES,5930,5636,50
Mendoza,LOS PARLAMENTOS,5931,5611,50
Mendoza,LOS PEJES,5932,5603,50
Mendoza,LOS REYUNOS,5933,5615,50
Mendoza,LOS TERNEROS,5934,5600,50
Mendoza,MINAS DEL NEVADO,5935,5605,50
Mendoza,MONTE COMAN,5936,5609,50
Mendoza,Ã‘ACUÃ‘AN,5937,5595,50
Mendoza,PALERMO CHICO,5938,5624,50
Mendoza,PEDRO VARGAS,5939,5603,50
Mendoza,PIEDRA DE AFILAR,5940,5615,50
Mendoza,PUEBLO DIAMANTE,5941,5600,50
Mendoza,PUEBLO ECHEVARRIETA,5942,5603,50
Mendoza,PUEBLO SOTO,5943,5600,50
Mendoza,PUNTA DEL AGUA,5944,5621,50
Mendoza,RAMA CAIDA,5945,5603,50
Mendoza,REAL DEL PADRE,5946,5624,50
Mendoza,RESOLANA,5947,5601,50
Mendoza,RINCON DEL ATUEL,5948,5603,50
Mendoza,RODOLFO ISELIN,5949,5603,50
Mendoza,SALINAS EL DIAMANTE,5950,5605,50
Mendoza,SALTO DE LAS ROSAS,5951,5603,50
Mendoza,SAN RAFAEL,5952,5600,50
Mendoza,SANTA TERESA,5953,5605,50
Mendoza,SOITUE,5954,5632,50
Mendoza,TABANERA,5955,5607,50
Mendoza,25 DE mayo,5956,5615,50
Mendoza,VILLA ATUEL,5957,5622,50
Mendoza,12 DE octubre,5958,5596,50
Mendoza,BALDE DE PIEDRA,5959,5596,50
Mendoza,CATITAS VIEJAS,5960,5594,50
Mendoza,COMANDANTE SALAS,5961,5594,50
Mendoza,EL COLORADO,5962,5592,50
Mendoza,EL RETIRO,5964,5594,50
Mendoza,EL VILLEGUINO,5965,5594,50
Mendoza,GOBERNADOR CIVIT,5966,5594,50
Mendoza,LA COLONIA SUD,5967,5594,50
Mendoza,LA COSTA,5968,5596,50
Mendoza,LA DORMIDA,5969,5592,50
Mendoza,LAS CATITAS,5970,5594,50
Mendoza,PICHI CIEGO ESTACION FCGSM,5971,5594,50
Mendoza,RECOARO,5972,5596,50
Mendoza,SANTA ROSA,5973,5596,50
Mendoza,VILLA CATALA,5974,5596,50
Mendoza,ARROYO CLARO,5975,5560,50
Mendoza,ARROYO LOS SAUCES,5976,5563,50
Mendoza,CAMPO DE LOS ANDES,5977,5565,50
Mendoza,COLONIA LAS ROSAS,5978,5565,50
Mendoza,COLONIA TABANERA,5979,5560,50
Mendoza,ESTANCIA LA PAMPA,5980,5563,50
Mendoza,LA ESTACADA,5981,5560,50
Mendoza,LA PRIMAVERA,5982,5565,50
Mendoza,LAS ROSAS,5983,5560,50
Mendoza,LAS TORRECITAS,5984,5560,50
Mendoza,LOS ARBOLES,5985,5563,50
Mendoza,LOS SAUCES,5986,5563,50
Mendoza,LOS SAUCES LAVALLE,5987,5560,50
Mendoza,MELOCOTON,5988,5565,50
Mendoza,RUIZ HUIDOBRO,5989,5560,50
Mendoza,SAN PABLO,5990,5563,50
Mendoza,TOTORAL,5991,5560,50
Mendoza,TUNUYAN,5992,5560,50
Mendoza,VILLA SECA DE TUNUYAN,5993,5563,50
Mendoza,VISTA FLORES,5994,5565,50
Mendoza,ANCHORIS,5995,5509,50
Mendoza,ANCON,5996,5561,50
Mendoza,ARBOLEDA,5997,5561,50
Mendoza,CORDON DEL PLATA,5998,5561,50
Mendoza,EL PERAL,5999,5561,50
Mendoza,LA CARRERA,6000,5561,50
Mendoza,SAN JOSE,6001,5519,50
Mendoza,SAN JOSE DE TUPUNGATO,6002,5561,50
Mendoza,TUPUNGATO,6003,5561,50
Mendoza,VILLA BASTIAS,6004,5561,50
Mendoza,ZAPATA,6005,5560,50
Mendoza,AGUA NUEVA,16942,5600,50
Mendoza,AGUA DE LA MULA,16943,5600,50
Mendoza,CAJON DE MAYO,16944,5600,50
Mendoza,CENTRAL HIDROELECTRICA 1,16945,5600,50
Mendoza,CENTRAL HIDROELECTRICA 2,16946,5600,50
Mendoza,COLONIA LA LLAVE,16947,5600,50
Mendoza,COLONIA SOITUE,16948,5600,50
Mendoza,COMISION NAC DE EMERGENCIA,16949,5600,50
Mendoza,CUESTA DE LOS TERNEROS,16950,5600,50
Mendoza,EL PICONA,16951,5600,50
Mendoza,EL PLATEADO,16952,5600,50
Mendoza,EMBALSE VALLE GRANDE,16953,5600,50
Mendoza,ESTANCIA EL CAMPAMENTO,16954,5600,50
Mendoza,ESTANCIA LA SARITA,16955,5600,50
Mendoza,ESTANCIA LA TRINTRICA,16956,5600,50
Mendoza,ESTANCIA LOS HUAICOS,16957,5600,50
Mendoza,ESTANCIA LOS LEONES,16958,5600,50
Mendoza,ESTANCIA SOFIA RAQUEL,16959,5600,50
Mendoza,ESTANCIA TIERRAS BLANCAS,16960,5600,50
Mendoza,LA LLAVE NUEVA,16961,5600,50
Mendoza,LA MINA DEL PECEÃ‘O,16962,5600,50
Mendoza,LA PICASA,16963,5600,50
Mendoza,MINAS EL SOSNEADO,16964,5600,50
Mendoza,PTA DEL AGUA VIEJA,16965,5600,50
Mendoza,PUESTA EL CAVADO,16966,5600,50
Mendoza,PUESTO AGUA DE LA LIEBRE,16967,5600,50
Mendoza,PUESTO AGUA DEL MEDANO,16968,5600,50
Mendoza,PUESTO EL JILGUERO,16969,5600,50
Mendoza,PUESTO LAS PUNTANAS,16970,5600,50
Mendoza,ALGARROBO DE SORTUE,16971,5600,50
Mendoza,LA CARUSINA,16972,5600,50
Mendoza,LA JAULA,16973,5600,50
Mendoza,LA PICARONA,16974,5600,50
Mendoza,LA TOSCA,16975,5600,50
Mendoza,LOS CLAVELES,16976,5600,50
Mendoza,LOS PATOS,16977,5600,50
Mendoza,LOS PEJECITOS,16978,5600,50
Mendoza,LOS REPUNTES,16979,5600,50
Mendoza,LOS TOLDITOS,16980,5600,50
Mendoza,PTO LOS AMARILLOS,17016,5636,50
Mendoza,CIUDAD OESTE,17018,5634,50
Mendoza,EL BUEN PASTOR,17020,5634,50
Mendoza,EL DESVIO,17021,5621,50
Mendoza,EL VENTARRON,17022,5621,50
Mendoza,ESTANCIA EL BALDERON,17023,5634,50
Mendoza,ESTANCIA LA CORTADERA,17024,5634,50
Mendoza,ESTANCIA LA VARITA,17025,5634,50
Mendoza,KILOMETRO 84,17026,5634,50
Mendoza,LA CALDENADA,17027,5634,50
Mendoza,LA CALIFORNIA,17028,5621,50
Mendoza,LA CORONA,17029,5634,50
Mendoza,LA LUNINA,17030,5634,50
Mendoza,LA SEÃ‘A,17031,5634,50
Mendoza,LOS AMARILLOS,17032,5634,50
Mendoza,MEDANOS COLORADOS,17034,5636,50
Mendoza,VUELTA DEL ZANJON,17036,5634,50
Mendoza,ADRIAN MATURANO,17072,5590,50
Mendoza,ALEJANDRO PEREZ,17073,5590,50
Mendoza,ALFREDO LUCERO,17074,5590,50
Mendoza,ALTO DE LOS PERROS,17075,5590,50
Mendoza,ALTO DE LOS SAPOS,17076,5590,50
Mendoza,ALVAREZ,17078,5590,50
Mendoza,ANA DE DONAIRE,17079,5590,50
Mendoza,ANACLETA VIUDA DE PEREZ,17080,5590,50
Mendoza,ANDRES PEREZ,17081,5590,50
Mendoza,ANTONIO SOSA,17082,5590,50
Mendoza,B ELENA,17083,5590,50
Mendoza,BAJADA DEL PERRO,17086,5590,50
Mendoza,BAÃ‘ADO VERDE,17087,5598,50
Mendoza,BECERRA,17089,5590,50
Mendoza,BLAS PANELO,17090,5590,50
Mendoza,BOYEROS,17091,5590,50
Mendoza,C GONZALES VIDELA,17092,5590,50
Mendoza,CAMPO EL TORO,17093,5590,50
Mendoza,CHACRAS DE LIMA,17095,5590,50
Mendoza,CHAMUSCAO,17096,5590,50
Mendoza,CHAÃ‘ARAL REDONDO,17097,5590,50
Mendoza,CIRILO MAHONA,17098,5590,50
Mendoza,CLARENTINO ROLDAN,17100,5590,50
Mendoza,COLONIA EL REGADIO,17101,5590,50
Mendoza,CORRAL DE CUERO,17102,5590,50
Mendoza,CRUZ DEL YUGO,17103,5590,50
Mendoza,CRUZ LEDESMA,17105,5590,50
Mendoza,DALMIRO ZAPATA,17106,5590,50
Mendoza,DANIEL LUCERO,17107,5590,50
Mendoza,DANIEL MORGAN,17108,5590,50
Mendoza,DIONISIO ORDOÃ‘EZ,17110,5590,50
Mendoza,DIONISIO ORTUBIA,17111,5590,50
Mendoza,DOMINGO GIMENEZ,17112,5590,50
Mendoza,DOMINGO LARA,17113,5590,50
Mendoza,DOMINGO OGA,17114,5590,50
Mendoza,DOMINGO REAL,17115,5590,50
Mendoza,DONATO OJEDA,17117,5590,50
Mendoza,DOROTEO ORDOÃ‘EZ,17120,5590,50
Mendoza,DULCE,17134,5590,50
Mendoza,E ROSALES,17135,5590,50
Mendoza,EL CARANCHITO,17136,5590,50
Mendoza,EL CAVADO CHICO,17137,5590,50
Mendoza,EL CERCADO,17138,5590,50
Mendoza,EL CHALET,17139,5590,50
Mendoza,EL GONZANO,17140,5590,50
Mendoza,EL GUERRINO,17143,5590,50
Mendoza,EL JILGUERO,17144,5590,50
Mendoza,EL LECHUCITO,17146,5590,50
Mendoza,EL PERINO,17147,5590,50
Mendoza,EL REGADIO,17148,5590,50
Mendoza,EL VAQUERO,17149,5590,50
Mendoza,EL ZAMPAL,17150,5590,50
Mendoza,EL ZAPATINO,17151,5590,50
Mendoza,ELOY FUNES,17152,5590,50
Mendoza,EMILIO NIETA,17153,5590,50
Mendoza,EPIFANIO FERNANDEZ,17154,5590,50
Mendoza,ERNESTO ALCARAZ,17155,5590,50
Mendoza,ESTANCIA LA VIZCACHERA,17158,5590,50
Mendoza,ESTANCIA LAS VIZCACHERAS,17159,5590,50
Mendoza,ESTANISLAO ORDOÃ‘EZ,17160,5590,50
Mendoza,EUSEBIA VIUDA DE GOMEZ,17163,5590,50
Mendoza,EVARISTO ACEVEDO,17164,5590,50
Mendoza,EVARISTO SALAS,17165,5590,50
Mendoza,FABRICIANO ROJAS,17166,5590,50
Mendoza,FELIPE GARRO,17167,5590,50
Mendoza,FLORENCIO MOLINA,17168,5590,50
Mendoza,FERMIN PEREZ,17170,5590,50
Mendoza,FLORENCIO ORDOÃ‘EZ,17173,5590,50
Mendoza,FRANCISCO MOLINA,17174,5590,50
Mendoza,FRANCISCO ROJAS,17175,5590,50
Mendoza,FRUCTUOSO DIAZ,17176,5590,50
Mendoza,GERMAN MATURANO,17177,5590,50
Mendoza,GERTRUDIS DE OJEDA,17178,5590,50
Mendoza,GILBERTO PEREZ,17180,5590,50
Mendoza,GREGORIO ZAPATA,17181,5590,50
Mendoza,GUILLERMO DONAIRE,17182,5590,50
Mendoza,H GARZALA,17183,5590,50
Mendoza,HERMENEGILDO DIAZ,17185,5590,50
Mendoza,HONORIO ZAPATA,17187,5590,50
Mendoza,HUAICOS DE RUFINO,17188,5590,50
Mendoza,HUECOS DE LOS TORDILLOS,17189,5590,50
Mendoza,IGNACIO VILLEGAS,17190,5590,50
Mendoza,IRINEO ZAPATA,17191,5590,50
Mendoza,ISLA RETAMITO,17192,5590,50
Mendoza,J ORTUBIA,17193,5590,50
Mendoza,JOSE DIAZ,17195,5590,50
Mendoza,JOSE FERNANDEZ,17196,5590,50
Mendoza,JOSE LUCERO,17197,5590,50
Mendoza,JOSE R MOLINA,17198,5590,50
Mendoza,JOSE SUAREZ,17200,5590,50
Mendoza,JUAN B DUFAU,17201,5590,50
Mendoza,JUAN H ORTIZ,17202,5590,50
Mendoza,JUAN MILLAN,17203,5590,50
Mendoza,JUAN ZAPATA,17204,5590,50
Mendoza,JULIO COMEGLIO,17206,5590,50
Mendoza,JUNTA DE LOS RIOS,17207,5590,50
Mendoza,LA CAÃ‘ADA,17208,5590,50
Mendoza,LA CAUTIVA,17211,5590,50
Mendoza,LA CHAPINA,17212,5590,50
Mendoza,LA COLA,17214,5590,50
Mendoza,LA ESQUINA,17215,5590,50
Mendoza,LA ESTANCIA,17216,5590,50
Mendoza,LA FORTUNA,17218,5590,50
Mendoza,LA ISLA,17219,5590,50
Mendoza,LA LEONA,17220,5590,50
Mendoza,LADISLAO,17221,5590,50
Mendoza,LAS CRUCES,17222,5590,50
Mendoza,LAS ROSAS,17223,5590,50
Mendoza,LAS VISTAS,17224,5590,50
Mendoza,LADISLAO CAMPOS,17225,5590,50
Mendoza,LINO PEREZ,17226,5590,50
Mendoza,LISANDRO ESCUDERO,17228,5590,50
Mendoza,LOS ALTAMIQUES,17229,5590,50
Mendoza,LOS BURGOS,17230,5590,50
Mendoza,LOS COLORADOS,17231,5590,50
Mendoza,LOS HORCONCITOS,17234,5590,50
Mendoza,LOS RAMBLONES,17235,5590,50
Mendoza,LOS ROSETI,17236,5590,50
Mendoza,LOS TAMARINDOS,17237,5590,50
Mendoza,LOS TORDILLOS,17240,5621,50
Mendoza,LOS VERDES,17241,5590,50
Mendoza,LOS VILLEGAS,17242,5590,50
Mendoza,LUCAS DONAIRE,17243,5590,50
Mendoza,LUIS MARQUEZ,17244,5590,50
Mendoza,M ESCUDERO,17245,5590,50
Mendoza,M QUIROGA,17247,5590,50
Mendoza,MARAVILLA,17248,5590,50
Mendoza,MARIA GARCIA,17249,5590,50
Mendoza,MARIA VIUDA DE DONAIRE,17250,5590,50
Mendoza,MARIO OLGUIN,17252,5590,50
Mendoza,MATIAS GARRO,17254,5590,50
Mendoza,MAURICIO CALDERON,17255,5590,50
Mendoza,MEDARDO MIRANDA,17256,5590,50
Mendoza,MOSMOTA,17257,5590,50
Mendoza,NATALIA DONAIRE,17260,5590,50
Mendoza,NECTO SOSA,17261,5590,50
Mendoza,NESTOR AGUILERA,17262,5590,50
Mendoza,NICOLAS ORDOÃ‘EZ,17264,5590,50
Mendoza,ONOTRE PUEBLA,17265,5590,50
Mendoza,PASCUAL SOSA,17266,5590,50
Mendoza,PASO DE LAS CANOAS,17267,5590,50
Mendoza,PAULINO MATURA,17269,5590,50
Mendoza,PEDRO CASTELU,17270,5590,50
Mendoza,PEDRO PABLO PEREZ,17271,5590,50
Mendoza,PUENTE VIEJO,17273,5590,50
Mendoza,PUESTO DE GARRO,17274,5590,50
Mendoza,PUESTO DE LAS CARRETAS,17275,5590,50
Mendoza,PUESTO DE LAS TROPAS,17276,5590,50
Mendoza,PUESTO DE OLGUIN,17277,5590,50
Mendoza,PUESTO DE OROZCO,17278,5590,50
Mendoza,PUESTO DE PETRA,17279,5590,50
Mendoza,PUESTO DE SOSA,17280,5590,50
Mendoza,PUESTO DEL CHAÃ‘ACAL,17282,5590,50
Mendoza,PUESTO EL RETAMITO,17283,5590,50
Mendoza,PUESTO NUERAS,17284,5590,50
Mendoza,PUESTO ZAMPAL,17286,5590,50
Mendoza,PUNTOS DE AGUA,17288,5590,50
Mendoza,R BEBEDERA,17289,5590,50
Mendoza,RAMBLON DE LA PAMPA,17290,5590,50
Mendoza,RAMBLON GRANDE,17291,5590,50
Mendoza,RAMON DONAIRE,17293,5590,50
Mendoza,RAMON GIMENEZ,17294,5590,50
Mendoza,REGINO OJEDA,17296,5590,50
Mendoza,RETAMO PARTIDO,17297,5590,50
Mendoza,ROSARIO GATICA,17298,5590,50
Mendoza,RUFINO GOMEZ,17301,5590,50
Mendoza,S CORTIS,17304,5590,50
Mendoza,SAN ANTONIO,17305,5590,50
Mendoza,SAN PEDRO,17306,5590,50
Mendoza,SANTIAGO ROMERO,17309,5590,50
Mendoza,SATURNINO ROMERO,17310,5590,50
Mendoza,SIXTO LEDESMA,17311,5590,50
Mendoza,SERVILIANO OJEDA,17313,5590,50
Mendoza,TEODORO GARRO,17316,5590,50
Mendoza,TEODORO VILLARUEL,17318,5590,50
Mendoza,TEOFILA ACEVEDO,17320,5590,50
Mendoza,TEOFILO RUBEN,17323,5590,50
Mendoza,TEOFILO ZAPATA,17324,5590,50
Mendoza,TILA,17328,5590,50
Mendoza,TILIO ALCARAZ,17330,5590,50
Mendoza,TOMAS MERCADO,17332,5590,50
Mendoza,TRAVESIA,17333,5590,50
Mendoza,TRINO ROSALESO,17335,5590,50
Mendoza,VICENTE MUÃ‘OZ,17336,5590,50
Mendoza,VICENTE PELETAY,17338,5590,50
Mendoza,VIUDA DE OROZCO,17339,5590,50
Mendoza,ZANON CANAL,17340,5590,50
Mendoza,ALTO TRES COMPADRES,17403,5537,50
Mendoza,ALTO DE LAS ARAÃ‘AS,17404,5519,50
Mendoza,CAPILLA DEL COVADITO,17405,5533,50
Mendoza,CAPILLA SAN JOSE,17406,5533,50
Mendoza,COLONIA ESTRELLA,17407,5533,50
Mendoza,COLONIA SAN FRANCISCO,17408,5533,50
Mendoza,DON MARTIN,17410,5537,50
Mendoza,EL 15,17411,5533,50
Mendoza,EL BALSADERO,17414,5533,50
Mendoza,EL CALVADITO,17416,5533,50
Mendoza,EL CAVADITO,17417,5537,50
Mendoza,EL CHILCAL,17419,5533,50
Mendoza,EL COLON,17420,5535,50
Mendoza,EL PASCAL,17422,5533,50
Mendoza,EL SALADO,17424,5563,50
Mendoza,EL TAPON,17425,5533,50
Mendoza,FORZUDO,17427,5537,50
Mendoza,GUADAL DE LOS PEREZ,17428,5533,50
Mendoza,LA ESPERANZA,17429,5533,50
Mendoza,LA EXCAVACION,17430,5537,50
Mendoza,LA FORTUNA,17431,5533,50
Mendoza,LA HOLANDA,17432,5533,50
Mendoza,LA TOMA,17433,5563,50
Mendoza,LAGUNA DE GUANACACHE,17435,5535,50
Mendoza,LAS CRUCES,17436,5537,50
Mendoza,LAS GATEADAS,17438,5533,50
Mendoza,LAS VIOLETAS,17439,5533,50
Mendoza,LOS ALGODONES,17440,5537,50
Mendoza,LOS YAULLINES,17441,5533,50
Mendoza,MARIA LUISA,17442,5563,50
Mendoza,PAMPA DEL SALADO,17445,5535,50
Mendoza,PASO DEL CISNE,17446,5533,50
Mendoza,PUERTO HORTENSA,17447,5533,50
Mendoza,PUESTO ALGARROBO GRANDE,17448,5533,50
Mendoza,PUESTO EL PICHON,17449,5533,50
Mendoza,PUESTO LA HORTENSIA,17451,5537,50
Mendoza,PUESTO RANCHO DE LA PAMPA,17452,5582,50
Mendoza,RAMBLON DE LOS CHILENOS,17453,5533,50
Mendoza,SAN PEDRO,17454,5537,50
Mendoza,AGUA BOTADA,17455,5613,50
Mendoza,AGUA DE CABRERA,17456,5613,50
Mendoza,AGUA DEL CHANCHO,17457,5613,50
Mendoza,AGUADA PENEPE,17458,5613,50
Mendoza,AGUADA PEREZ,17459,5613,50
Mendoza,AGUADA PUESTO LA TOTORA,17460,5611,50
Mendoza,BAJO DEL PELUDO,17463,5613,50
Mendoza,BARREAL COLORADO,17464,5613,50
Mendoza,BARREAL DE LA MESILLA,17466,5613,50
Mendoza,BARRIALES LOS RANCHOS,17467,5613,50
Mendoza,BOLICHE,17468,5613,50
Mendoza,BOLICHE LOS BARREALES,17470,5611,50
Mendoza,BUTA BILLON,17471,5613,50
Mendoza,CABEZA DE VACA,17552,5613,50
Mendoza,CAMPAMENTO CARAPACHO,17553,5611,50
Mendoza,CAMPO EL ALAMO,17554,5613,50
Mendoza,CANCHA DE ESQUI,17555,5613,50
Mendoza,CHACHAO,17557,5613,50
Mendoza,CHACHARALEN,17558,5611,50
Mendoza,EL ALAMO,17559,5613,50
Mendoza,EL CAJON,17560,5613,50
Mendoza,EL CIENAGO,17561,5611,50
Mendoza,EL DURAZNO,17562,5611,50
Mendoza,EL INFIERNILLO,17563,5509,50
Mendoza,EL PAYEN,17564,5613,50
Mendoza,EL PUESTITO,17565,5613,50
Mendoza,EL VATRO,17566,5613,50
Mendoza,EL ZAMPAL,17567,5613,50
Mendoza,GUAYQUERIA COLORADA,17568,5613,50
Mendoza,HOTEL TERMAS DEL AZUFRE,17570,5613,50
Mendoza,HOTEL TERMAS EL SOSNEADO,17571,5613,50
Mendoza,JAGUEL AMARILLO,17572,5611,50
Mendoza,JAGUEL DE LAS CHILCAS,17573,5509,50
Mendoza,JAGUEL DE ROSAS,17575,5611,50
Mendoza,JAGUEL DEL CATALAN,17576,5611,50
Mendoza,JAGUEL DEL GAUCHO,17577,5613,50
Mendoza,JAGUEL DEL GOBIERNO,17579,5613,50
Mendoza,JAGUEL,17580,5611,50
Mendoza,JUNTA DE LA VAINA,17581,5613,50
Mendoza,LA BANDERA,17582,5613,50
Mendoza,LA BARDA CORTADA,17583,5613,50
Mendoza,LA CORTADERA,17584,5613,50
Mendoza,LA ESTRECHURA,17585,5613,50
Mendoza,LA JUNTA,17586,5613,50
Mendoza,LA NEGRITA,17587,5613,50
Mendoza,LA SALINILLA,17588,5613,50
Mendoza,LA YESERA,17589,5613,50
Mendoza,LAGUNA NEGRA,17590,5613,50
Mendoza,LAGUNA SALADA,17591,5613,50
Mendoza,LAS LOICAS,17592,5613,50
Mendoza,LAS YEGUAS,17593,5613,50
Mendoza,LLANO BLANCO,17594,5611,50
Mendoza,LOMA EXTENDIDA,17595,5613,50
Mendoza,LOMAS ALTAS,17596,5613,50
Mendoza,LOMAS CHICAS,17597,5613,50
Mendoza,LONCO VACAS,17598,5613,50
Mendoza,LOS BARRIALES,17599,5613,50
Mendoza,LOS CARRIZALES,17600,5613,50
Mendoza,LOS COLADOS,17601,5613,50
Mendoza,LOS POZOS,17602,5613,50
Mendoza,LOS RAMBLONES,17603,5611,50
Mendoza,MALAL DEL MEDIO,17604,5611,50
Mendoza,MALLIN QUEMADO,17605,5613,50
Mendoza,MATANCILLA,17606,5613,50
Mendoza,MATONCILLA,17607,5611,50
Mendoza,MECHANQUIL,17608,5613,50
Mendoza,MINA ARGENTINA,17609,5613,50
Mendoza,MINA ETHEL,17610,5613,50
Mendoza,MINA HUEMUL,17612,5613,50
Mendoza,MINA SANTA CRUZ,17613,5613,50
Mendoza,MOLINO,17614,5613,50
Mendoza,NIRE CO,17615,5611,50
Mendoza,P PLANCHON,17617,5613,50
Mendoza,PATA MORA,17618,5613,50
Mendoza,PAYUN,17619,5613,50
Mendoza,PO DEL HUANACO,17620,5613,50
Mendoza,PO MALLAN,17621,5613,50
Mendoza,PO PEHUENCHE,17622,5613,50
Mendoza,PORTEZUELO CHOIQUE,17623,5613,50
Mendoza,PUESTO AGUA AMARGA,17636,5613,50
Mendoza,PUESTO ATAMISQUI,17640,5613,50
Mendoza,PUESTO GENDARMERIA NACIONAL PO,17641,5613,50
Mendoza,PUESTO LA VENTANA,17642,5613,50
Mendoza,PUESTO LORETO,17643,5621,50
Mendoza,PUESTO RINCON ESCALONA,17644,5611,50
Mendoza,QUIRCACO,17645,5613,50
Mendoza,RINCON CHICO,17646,5613,50
Mendoza,RINCON DE LA RAMADA CHATO,17648,5613,50
Mendoza,RINCON ESCONDIDO,17649,5613,50
Mendoza,TOSCAL DEL TORO,17652,5613,50
Mendoza,V N DE COCHIQUITA,17654,5613,50
Mendoza,VEGA FERRAINA,17655,5549,50
Mendoza,ARAGANITA,17656,5569,50
Mendoza,BAJADA DE LA SALADA,17658,5569,50
Mendoza,BAJADA DE LOS GAUCHOS,17659,5569,50
Mendoza,BAJADA DE LOS PAPAGAYOS,17660,5569,50
Mendoza,BAJADA DE YAUCHA,17661,5569,50
Mendoza,BAJADA DEL AGUA ESCONDIDA,17662,5569,50
Mendoza,BAJADA DEL FUERTE,17663,5569,50
Mendoza,BAÃ‘OS DE CAPIZ,17665,5569,50
Mendoza,BAÃ‘OS LA SALADA,17666,5569,50
Mendoza,BORDO AMARILLO DE LA CRUZ PIED,17668,5569,50
Mendoza,BORDO EL ALGARROBO,17669,5569,50
Mendoza,BORDO LECHUZO,17671,5569,50
Mendoza,BORDOS DEL PLUMERILLO,17672,5569,50
Mendoza,CAMP VIZCACHERAS YPF,17673,5569,50
Mendoza,CASAS VIEJAS,17674,5569,50
Mendoza,CERRITO MORO,17676,5569,50
Mendoza,CIENAGA DEL ALTO,17677,5569,50
Mendoza,CERRO ALTO DE LAS PEÃ‘AS,17683,5569,50
Mendoza,CERRO LOS BAJOS,17684,5569,50
Mendoza,CERRO PIEDRA COLORADA,17686,5569,50
Mendoza,CERRO AGUA NEGRA,17687,5569,50
Mendoza,CERRO ALVARADO CENTRO,17688,5569,50
Mendoza,CERRO ARROYO HONDO,17690,5569,50
Mendoza,CERRO BALEADO,17691,5569,50
Mendoza,CERRO BARBARAN O TRES PICOS,17693,5569,50
Mendoza,CERRO CHATO,17695,5569,50
Mendoza,CERRO COLORADO DE LAS LAGUNILL,17697,5569,50
Mendoza,CERRO COLORADO,17699,5569,50
Mendoza,CERRO DE LA BANDEROLA,17701,5569,50
Mendoza,CERRO DE LOS LEONES,17702,5569,50
Mendoza,CERRO DEL POZO,17704,5569,50
Mendoza,CERRO DEL ZORRO,17705,5569,50
Mendoza,CERRO DIVISADERO DE LA CIENEGU,17706,5569,50
Mendoza,CERRO FIERO,17708,5569,50
Mendoza,CERRO GASPAR,17709,5569,50
Mendoza,CERRO GUADALOSO,17710,5569,50
Mendoza,CERRO LA INVERNADA,17711,5569,50
Mendoza,CERRO LAS PIEDRAS,17713,5569,50
Mendoza,CERRO LOS BARROS,17714,5569,50
Mendoza,CERRO NEGROS DE LAS MESILLAS,17716,5569,50
Mendoza,CERRO PLOMO,17717,5569,50
Mendoza,CERRO POTRERILLOS,17719,5569,50
Mendoza,COLONIA ALAZANES,17720,5569,50
Mendoza,COLONIA ASPERA,17721,5569,50
Mendoza,COLONIA CHALET,17722,5569,50
Mendoza,COLONIA COLINA,17723,5569,50
Mendoza,COLONIA CURNIÃ‘AN,17725,5569,50
Mendoza,COLONIA DE LOS GUANAQUEROS,17726,5569,50
Mendoza,COLONIA DEL LEON,17727,5569,50
Mendoza,COLONIA DIVISADERO DEL CARDAL,17731,5569,50
Mendoza,COLONIA DIVISADERO NEGRO,17732,5569,50
Mendoza,COLONIA DURAZNO,17734,5569,50
Mendoza,COLONIA EL CAMPANARIO,17737,5569,50
Mendoza,COLONIA GUADAL,17738,5569,50
Mendoza,COLONIA GUANACO,17740,5569,50
Mendoza,COLONIA LOLA,17741,5569,50
Mendoza,COLONIA LOS HUEVOS,17742,5569,50
Mendoza,COLONIA MIRADOR,17743,5569,50
Mendoza,COLONIA MURALLA,17744,5569,50
Mendoza,COLONIA NACIONAL DE LOS INDIOS,17747,5569,50
Mendoza,COLONIA NEGRO,17748,5569,50
Mendoza,COLONIA OSAMENTA,17749,5569,50
Mendoza,COLONIA PAPAL,17751,5569,50
Mendoza,COLONIA PEDERNALES,17753,5569,50
Mendoza,COLONIA PENCAL,17754,5569,50
Mendoza,COLONIA PICO COLORADO,17756,5569,50
Mendoza,COLONIA SAN AGUSTIN,17757,5569,50
Mendoza,COLONIA TORRECILLAS,17759,5569,50
Mendoza,COLONIA TORRECITO,17763,5569,50
Mendoza,COLONIA TRES ALTITOS,17765,5569,50
Mendoza,CONTROL YPF,17767,5569,50
Mendoza,CRUZ DE PIEDRA PTO GENDARMERIA,17770,5569,50
Mendoza,DIVISADERO COLORADO,17771,5569,50
Mendoza,EL CEPILLO,17772,5569,50
Mendoza,EL GUADAL DE CAMPOS,17774,5569,50
Mendoza,EL LECHUCITO,17775,5569,50
Mendoza,EL PARRAL,17777,5569,50
Mendoza,EL PUMA,17779,5569,50
Mendoza,EL RINCON,17781,5569,50
Mendoza,ESTANCIA AGUANDA,17782,5569,50
Mendoza,ESTANCIA ARROYO HONDO,17783,5569,50
Mendoza,ESTANCIA CASAS VIEJAS,17786,5569,50
Mendoza,ESTANCIA LA PUMA,17787,5569,50
Mendoza,ESTANCIA VILUCO,17789,5569,50
Mendoza,ESTANCIA YAUCHA,17790,5569,50
Mendoza,HUAIQUERIA DE LA HORQUETA,17791,5569,50
Mendoza,HUAIQUERIA DE LOS BURROS,17792,5569,50
Mendoza,ISLA DEL CUCHILLO,17794,5569,50
Mendoza,J CAMPOS,17795,5569,50
Mendoza,J VERON,17796,5569,50
Mendoza,L PRADO,17797,5569,50
Mendoza,LA ARGENTINA,17798,5569,50
Mendoza,LA JAULA,17799,5569,50
Mendoza,LA PICAZA,17801,5569,50
Mendoza,LAS MINAS,17802,5569,50
Mendoza,LAS PEÃ‘AS,17803,5569,50
Mendoza,LOMA ALTA,17804,5569,50
Mendoza,LOMA DEL CERRO ASPERO,17806,5569,50
Mendoza,LOMA DEL MEDIO,17808,5569,50
Mendoza,LOMA NEGRA GRANDE,17809,5569,50
Mendoza,LOMA NEGRA,17812,5569,50
Mendoza,LOMA PELADA,17814,5569,50
Mendoza,LOMITA LARGA,17816,5569,50
Mendoza,LOMITA MORADA,17817,5569,50
Mendoza,LOS ALAMOS,17819,5569,50
Mendoza,LOS PARAMILLOS,17820,5569,50
Mendoza,MESETA COLORADA,17821,5569,50
Mendoza,MINA VOLCAN OVERO,17823,5569,50
Mendoza,MORRO DEL CUERO,17826,5569,50
Mendoza,PAMPA DE LOS BAYOS,17827,5569,50
Mendoza,PASO DE LAS CARRETAS,17829,5569,50
Mendoza,PICOS BAYOS,17830,5569,50
Mendoza,PAMPA DE LAS YARETAS,17834,5569,50
Mendoza,PIRCAS DE OSORIO,17837,5569,50
Mendoza,PO ALVARADO NORTE,17839,5569,50
Mendoza,PO ALVARADO SUR,17841,5569,50
Mendoza,PO AMARILLO,17843,5569,50
Mendoza,PO DE LOS ESCALONES,17844,5569,50
Mendoza,PO MAIPU,17846,5569,50
Mendoza,PORTILLO CRUZ DE PIEDRA,17847,5569,50
Mendoza,PORTILLO DE COLINA,17849,5569,50
Mendoza,PORTILLO DE LA G  DEL CAMINO,17852,5569,50
Mendoza,PORTILLO CANALES,17863,5569,50
Mendoza,PUESTO A MARTINEZ,17884,5569,50
Mendoza,PUESTO AGUA DE LA ZORRA,17886,5569,50
Mendoza,PUESTO DE LA SALADA,17887,5569,50
Mendoza,PUESTO EL JAGUAL,17888,5569,50
Mendoza,PUESTO F TELLO,17889,5569,50
Mendoza,PUESTO HORQUETA,17891,5569,50
Mendoza,PUESTO J ALVAREZ,17892,5569,50
Mendoza,PUESTO LAS AGUADAS,17893,5569,50
Mendoza,PUESTO LAS CORTADERAS,17895,5569,50
Mendoza,PUESTO LOS RAMBLONES,17896,5569,50
Mendoza,PUESTO MANGA DE ARRIBA,17897,5569,50
Mendoza,PUESTO NIEVES NEGRAS,17898,5569,50
Mendoza,PUESTO P MIRANDA,17902,5569,50
Mendoza,PUESTO PUNTA DEL AGUA,17903,5569,50
Mendoza,PUESTO QUIROGA,17905,5569,50
Mendoza,PUESTO S PEREZ,17906,5569,50
Mendoza,PUESTO ULTIMA AGUADA,17907,5569,50
Mendoza,R BARRI,17908,5569,50
Mendoza,REAL BAYO,17911,5569,50
Mendoza,REAL DE MOYANO,17912,5569,50
Mendoza,REAL DEL COLORADO,17914,5569,50
Mendoza,REAL DEL LEON,17916,5569,50
Mendoza,REAL DEL PELAMBRE,17917,5569,50
Mendoza,REAL LOMA BLANCA,17919,5569,50
Mendoza,REAL ESCONDIDO,17921,5569,50
Mendoza,REAL PIEDRA HORADADA,17923,5569,50
Mendoza,REAL PRIMER RIO,17924,5569,50
Mendoza,REAL RINCON DE LAS OVEJAS,17925,5569,50
Mendoza,REFUGIO LA FAJA,17927,5569,50
Mendoza,REFUGIO VIALIDAD,17928,5569,50
Mendoza,RINCON HUAIQUERIAS,17929,5569,50
Mendoza,RIVAS,17931,5569,50
Mendoza,S ESTRELLA,17932,5569,50
Mendoza,VIUDA DE SATELO,17933,5569,50
Mendoza,VEGA DE PRASO,17934,5569,50
Mendoza,VEGAS DE LAS OVEJAS,17935,5569,50
Mendoza,VOLCAN MAIPU,17936,5569,50
Mendoza,ALBERTO FLORES,17942,5582,50
Mendoza,AZCURRA,17943,5582,50
Mendoza,BALDE DE LA JARILLA,17946,5582,50
Mendoza,BALDE DE LOS GAUCHOS,17947,5582,50
Mendoza,BALDE JOFRE,17948,5582,50
Mendoza,BALDE LA PICHANA VIEJA,17950,5582,50
Mendoza,BALDE LAS CARPAS,17951,5582,50
Mendoza,BALDE LAS CATITAS,17952,5582,50
Mendoza,BALDE SAN AGUSTIN,17955,5582,50
Mendoza,BALDE E AQUERA,17956,5582,50
Mendoza,LOLA MORA,17957,5582,50
Mendoza,COLONIA MONTE CASEROS,17958,5582,50
Mendoza,EL PLUMERO,17959,5582,50
Mendoza,EL PUNTIAGUDO,17960,5582,50
Mendoza,FLORINDO FLORES,17962,5582,50
Mendoza,ISABEL FLORES,17963,5582,50
Mendoza,LA PICHANA,17964,5582,50
Mendoza,LA VERDE,17966,5582,50
Mendoza,LAS TORRECITAS,17967,5582,50
Mendoza,LOS AHUMADOS,17968,5582,50
Mendoza,LOS TORDILLOS,17969,5582,50
Mendoza,MASA,17972,5582,50
Mendoza,PUESTO LA FLORIDA,17973,5582,50
Mendoza,PUESTO LAS JUNTITAS,17974,5582,50
Mendoza,PUESTO LAS PICHANAS,17975,5582,50
Mendoza,PUESTO LAS VIBORAS,17977,5582,50
Mendoza,PUESTO LOS CAUSES,17979,5582,50
Mendoza,PUESTO LOS GAUCHOS,17982,5582,50
Mendoza,PUESTO SAN JOSE,17984,5582,50
Mendoza,PUESTO SAN MIGUEL,17985,5582,50
Mendoza,PUESTO SANTA MARIA,17987,5582,50
Mendoza,PUESTO VEGA,17988,5582,50
Mendoza,TAPERA NEGRA,17992,5582,50
Mendoza,ALTO CON ZAMPA,18012,5594,50
Mendoza,ARANCIBIA,18014,5594,50
Mendoza,ARANZABAL,18015,5594,50
Mendoza,B DE ARAYA,18016,5594,50
Mendoza,B DE QUEBRADO,18017,5594,50
Mendoza,BAJO DEL YUYO,18019,5594,50
Mendoza,BALDE LAS LAGUNITAS,18020,5594,50
Mendoza,BALDE NUEVO,18022,5594,50
Mendoza,BANDERITA,18023,5594,50
Mendoza,BELLE VILLE,18025,5594,50
Mendoza,BORDE DE LA LINEA,18027,5594,50
Mendoza,CASA DE ADOBE,18030,5594,50
Mendoza,CHILOTE,18032,5594,50
Mendoza,CLODOMIRO RETA,18033,5594,50
Mendoza,COLONIA SAN JORGE,18035,5594,50
Mendoza,CRISTOBAL LOPEZ,18038,5594,50
Mendoza,D LOPEZ,18039,5594,50
Mendoza,DIVISADERO,18041,5594,50
Mendoza,EL ALGARROBO,18042,5594,50
Mendoza,EL BONITO,18043,5594,50
Mendoza,EL CABAO VIEJO,18044,5594,50
Mendoza,EL CARMEN,18045,5594,50
Mendoza,EL CHACALLAL,18047,5594,50
Mendoza,EL CORBALNO,18048,5594,50
Mendoza,EL DIVISADERO,18049,5594,50
Mendoza,EL ESCONDIDO,18051,5594,50
Mendoza,EL GORGINO,18053,5594,50
Mendoza,EL GUANACO,18054,5594,50
Mendoza,EL LEMINO,18056,5594,50
Mendoza,EL MARCADO,18057,5594,50
Mendoza,EL MARUCHO,18058,5594,50
Mendoza,EL MAURINO,18059,5594,50
Mendoza,EL MOLINO,18060,5594,50
Mendoza,EL PLUMERO,18061,5594,50
Mendoza,EL PORVENIR,18063,5594,50
Mendoza,EL RETAMOSO,18064,5594,50
Mendoza,EL TAMARINDO,18065,5594,50
Mendoza,EL VALLE,18067,5594,50
Mendoza,EL ZAMPAL,18069,5594,50
Mendoza,EL ZORZAL,18071,5594,50
Mendoza,EMILIANO LUCERO,18072,5594,50
Mendoza,ERNESTO LOPEZ,18073,5594,50
Mendoza,ESCUDERO,18074,5594,50
Mendoza,ESTANCIA GIL,18075,5594,50
Mendoza,ESTANCIA EL BONITO,18076,5594,50
Mendoza,ESTANCIA LA CHUÃ‘A,18079,5594,50
Mendoza,FELIPE PEREZ,18080,5594,50
Mendoza,CRUZ GIMENEZ,18081,5594,50
Mendoza,HUAICOS DE RUFINO,18084,5594,50
Mendoza,JARILLOSO,18085,5594,50
Mendoza,JOFRE,18086,5594,50
Mendoza,JOSE CAMPOS,18087,5594,50
Mendoza,JOSE SOSA,18088,5594,50
Mendoza,KILOMETRO 947,18090,5594,50
Mendoza,L DEL AGUERO,18091,5594,50
Mendoza,L PEREZ,18093,5594,50
Mendoza,LA ANGELINA,18094,5594,50
Mendoza,LA ARGENTINA,18095,5594,50
Mendoza,LA CHUNA,18096,5595,50
Mendoza,LA CIENAGUITA,18097,5594,50
Mendoza,LA CLARITA,18098,5594,50
Mendoza,LA FLORIDA,18099,5594,50
Mendoza,LA JACINTO,18100,5594,50
Mendoza,LA LAGUNITA,18102,5594,50
Mendoza,LA PORTEÃ‘A,18103,5594,50
Mendoza,LA SOMBRILLA,18104,5594,50
Mendoza,LAS ARABIAS,18105,5594,50
Mendoza,LAS GATITAS,18107,5594,50
Mendoza,LAS RAJADURAS,18108,5594,50
Mendoza,LAS VAYAS,18109,5594,50
Mendoza,LEZCANO,18110,5594,50
Mendoza,LIRA,18111,5594,50
Mendoza,LOMA DEL CHAÃ‘AR,18112,5594,50
Mendoza,LOMAS BLANCAS,18114,5594,50
Mendoza,LOMAS COLORADAS,18115,5594,50
Mendoza,LOS MEDANOS NEGROS,18116,5594,50
Mendoza,LOS MOROS,18118,5594,50
Mendoza,LOS VERDES,18119,5594,50
Mendoza,LOS YOLES,18120,5594,50
Mendoza,EL LUQUINO,18121,5594,50
Mendoza,MATURANA,18124,5594,50
Mendoza,MELITON CAMPOS,18125,5594,50
Mendoza,MIGUEZ,18126,5594,50
Mendoza,MORON CHICO,18127,5594,50
Mendoza,MORON VIEJO,18128,5594,50
Mendoza,N ZAPATA,18130,5594,50
Mendoza,Ã‘ANCUÃ‘AN,18131,5595,50
Mendoza,NAVARRO,18132,5594,50
Mendoza,P ROSALES,18134,5594,50
Mendoza,PEÃ‘A,18135,5594,50
Mendoza,PONCE,18136,5594,50
Mendoza,PUESTO EL TRUENO,18138,5594,50
Mendoza,PUESTO GARCIA,18140,5594,50
Mendoza,PUESTO LORCA,18141,5594,50
Mendoza,PUESTO SAN VICENTE,18142,5594,50
Mendoza,PUNTA DEL CANAL,18143,5594,50
Mendoza,R BUSTOS,18144,5594,50
Mendoza,RODRIGUEZ,18145,5594,50
Mendoza,SAN PEDRO,18146,5594,50
Mendoza,SANTA ANA,18147,5594,50
Mendoza,SANTA MARIA,18148,5594,50
Mendoza,SANTO DOMINGO,18149,5594,50
Mendoza,T OROZCO,18150,5594,50
Mendoza,TALQUENCA,18151,5594,50
Mendoza,URISA,18152,5594,50
Mendoza,EL MANZANO HISTORICO,18153,5560,50
Mendoza,DOCTOR ANTONIO SOOMAS,18154,5560,50
Mendoza,EL AGUILA,18185,5636,50
Mendoza,VALLE DE LAS LEÃ‘AS,19211,5612,50
Mendoza,ESTANCIA CHACAICO,19212,5621,50
Mendoza,LAS COMPUERTAS NEGRAS,19213,5632,50
Mendoza,MOJON OCHO,19214,5636,50
Mendoza,OCHENTA Y CUATRO,19215,5633,50
Mendoza,PASO DE LOS GAUCHOS,19216,5636,50
Mendoza,POSTA DE HIERRO,19217,5621,50
Mendoza,PUESTO DE LA CORONA,19218,5636,50
Mendoza,PUESTO DEL BUEN PASTOR,19219,5636,50
Mendoza,PUESTO LA CALDENADA,19220,5621,50
Mendoza,PUESTO LA SEÃ‘A,19221,5636,50
Mendoza,PUESTO LUNINA,19222,5621,50
Mendoza,PUESTO VUELTA DEL ZANJON,19223,5636,50
Mendoza,SANTA ELENA,19225,5634,50
Mendoza,LOS CORRALITOS,19226,5527,50
Mendoza,EL JUME,19230,5572,50
Mendoza,EL COLORADO,19629,5595,50
Mendoza,EL GIGANTILLO,19633,5591,50
Mendoza,ESTANCIA LA SALCEDINA,19645,5590,50
Mendoza,FLORENCIO GARRO,19657,5590,50
Mendoza,LA FAVORITA,19664,5591,50
Mendoza,LA JACINTITA,19682,5591,50
Mendoza,LA PORTEÃ‘A,19683,5591,50
Mendoza,LAS TOTORITAS,19687,5591,50
Mendoza,LAS VIZCACHAS,19693,5590,50
Mendoza,ALTO GRANDE,19696,5543,50
Mendoza,ARENALES,19697,5539,50
Mendoza,BARREAL DE LA PAMPA SECA,19698,5539,50
Mendoza,BARREAL PAJARO MUERTO,19700,5539,50
Mendoza,BUITRERA,19701,5539,50
Mendoza,CA DEL DIABLO,19704,5539,50
Mendoza,CARACOLES,19706,5557,50
Mendoza,CASILLA,19707,5539,50
Mendoza,CAÃ‘ADON DE BONILLA,19709,5621,50
Mendoza,CERRILLOS NEGROS,19713,5539,50
Mendoza,CERRO CUPULA,19714,5539,50
Mendoza,CERRO LOS DIENTITOS,19716,5539,50
Mendoza,CERRO POZO,19718,5539,50
Mendoza,CERRO YALGUARAS,19719,5621,50
Mendoza,CERRO PELADO,19720,5549,50
Mendoza,CERRO ACONCAGUA,19722,5500,50
Mendoza,CERRO AGUA SALADA,19723,5539,50
Mendoza,CERRO AGUADITA,19725,5539,50
Mendoza,CERRO ALOJAMIENTO,19731,5539,50
Mendoza,CERRO ANGOSTURA,19732,5539,50
Mendoza,CERRO ASPERO,19733,5539,50
Mendoza,CERRO BARAUCA,19735,5539,50
Mendoza,CERRO BAY,19737,5539,50
Mendoza,CERRO BLANCO,19739,5539,50
Mendoza,CERRO BONETE,19740,5545,50
Mendoza,CERRO BRAVO,19741,5539,50
Mendoza,CERRO CATEDRAL,19742,5539,50
Mendoza,CERRO CHIQUERO,19743,5539,50
Mendoza,CERRO CIELO,19744,5539,50
Mendoza,CERRO CLEMENTINO,19745,5539,50
Mendoza,CERRO COLOR,19747,5539,50
Mendoza,CERRO CORTADERAS,19748,5539,50
Mendoza,CERRO CUERNO,19749,5539,50
Mendoza,CERRO DE LAS LEÃ‘AS,19761,5539,50
Mendoza,CERRO DE LOS BURROS,19762,5539,50
Mendoza,CERRO DE LOS DEDOS,19763,5539,50
Mendoza,CERRO DE LOS POTRERILLOS,19765,5500,50
Mendoza,CERRO DEL CHACAY,19766,5621,50
Mendoza,CERRO DEL MEDIO,19767,5539,50
Mendoza,CERRO DEL RINCON BAYO,19768,5539,50
Mendoza,CERRO DURAZNO,19770,5539,50
Mendoza,CERRO EL GUANACO,19771,5539,50
Mendoza,CERRO FUNDICION,19773,5539,50
Mendoza,CERRO GRANDE,19774,5539,50
Mendoza,CERRO HORQUETA,19775,5539,50
Mendoza,CERRO INVERNADA,19777,5539,50
Mendoza,CERRO JUAN POBRE,19778,5539,50
Mendoza,CERRO L CORRALES,19780,5539,50
Mendoza,CERRO LA MANO,19782,5539,50
Mendoza,CERRO LAGAÃ‘OSO,19790,5539,50
Mendoza,CERRO MANANTIAL,19791,5539,50
Mendoza,CERRO MASILLAS,19792,5539,50
Mendoza,CERRO MELOCOTON,19802,5539,50
Mendoza,CERRO MEXICO,19803,5539,50
Mendoza,CERRO MONTURA,19804,5539,50
Mendoza,CERRO PAMPA SECA,19807,5539,50
Mendoza,CERRO PAN DE AZUCAR,19808,5539,50
Mendoza,CERRO PANTA,19810,5539,50
Mendoza,CERRO PONDERADO,19811,5539,50
Mendoza,CERRO PUNTA DE AGUA,19813,5539,50
Mendoza,CERRO PUNTILLA NEGRA,19814,5539,50
Mendoza,CERRO PUNTUDO,19816,5539,50
Mendoza,CERRO PUQUIOS,19818,5539,50
Mendoza,CERRO RIQUITIPANCHE,19821,5539,50
Mendoza,CERRO SAN LORENZO,19822,5539,50
Mendoza,CERRO SANTA MARIA,19823,5539,50
Mendoza,CERRO SAPO,19824,5539,50
Mendoza,CERRO TIGRE,19825,5539,50
Mendoza,CERRO TOLOSA,19826,5539,50
Mendoza,CERRO TUNDUQUERA,19828,5539,50
Mendoza,CERRO YARETA,19829,5539,50
Mendoza,COLON SANDALHO,19830,5545,50
Mendoza,CERROS COLORADOS,19831,5539,50
Mendoza,CTO DEL TIGRE,19833,5539,50
Mendoza,ESTANCIA VILLAVICENCIO,19834,5539,50
Mendoza,ESTANCIA CASA DE PIEDRA,19835,5539,50
Mendoza,ESTANCIA CUEVA DEL TORO,19837,5539,50
Mendoza,ESTANCIA EL CARRIZAL,19838,5539,50
Mendoza,ESTANCIA SAN MARTIN,19839,5539,50
Mendoza,ESTANCIA USPALLATA,19840,5545,50
Mendoza,ESTANCIA YALGUARAZ,19842,5539,50
Mendoza,EL CHAÃ‘AR,19843,5435,50
Mendoza,EL INFIERNO,19844,5539,50
Mendoza,EL PUESTITO,19845,5539,50
Mendoza,ESTANCIA JOCOLI,19846,5539,50
Mendoza,MOYANO,19847,5543,50
Mendoza,GARGANTA DEL LEON,19849,5539,50
Mendoza,LA ANGOSTURA,19850,5539,50
Mendoza,LA BOVEDA,19851,5539,50
Mendoza,LA CASA DEL TIGRE,19853,5539,50
Mendoza,LA CORTADERA,19855,5545,50
Mendoza,LA FUNDICION,19856,5539,50
Mendoza,LA HORQUETA,19857,5539,50
Mendoza,LA HULLERA,19859,5549,50
Mendoza,LA JAULA,19860,5539,50
Mendoza,LAS CORTADERAS,19861,5545,50
Mendoza,LAS CANTERAS,19862,5539,50
Mendoza,LOMA COLORADA,19863,5539,50
Mendoza,LOMA DE LOS BURROS,19865,5539,50
Mendoza,LOMA SOLA,19867,5539,50
Mendoza,LOMAS BAYAS,19869,5539,50
Mendoza,LOS CHACAYES,19871,5539,50
Mendoza,MINAS SALAGASTA,19873,5545,50
Mendoza,MONTE BAYO,19874,5539,50
Mendoza,MONUMENTO AL EJERCITO DE LOS A,19877,5539,50
Mendoza,P SAN IGNACIO,19880,5539,50
Mendoza,PAMPA YALGUARAZ,19883,5539,50
Mendoza,PARAMILLO DE LAS VACAS,19884,5500,50
Mendoza,PLAZA DE MULAS,19885,5500,50
Mendoza,PO DE CONTRABANDISTA,19890,5539,50
Mendoza,PO DE LA CUMBRE,19891,5539,50
Mendoza,PO DE LA QUEBRADA HONDA,19892,5539,50
Mendoza,PO DEL RUBIO,19893,5539,50
Mendoza,PO VALLE HERMOSO,19897,5539,50
Mendoza,POLVAREDAS,19899,5551,50
Mendoza,PORTILLO DE LOMAS COLORADAS,19901,5539,50
Mendoza,PORTILLO QUEMADO,19904,5539,50
Mendoza,PORTILLO DE INDIO,19905,5539,50
Mendoza,PORTILLO DE LA LAGRIMA VIVA,19907,5539,50
Mendoza,PORTILLO LA PAMPA,19908,5539,50
Mendoza,PORTILLO DE LAS VACAS,19909,5539,50
Mendoza,PORTILLO DEL MEDIO,19910,5539,50
Mendoza,PORTILLO DEL NORTE,19911,5539,50
Mendoza,PORTILLO DEL TIGRE,19912,5539,50
Mendoza,PUESTO ESCONDIDO,19914,5539,50
Mendoza,PUESTO EL PERAL,19915,5539,50
Mendoza,PUESTO SANTA CLARA DE ARRIBA,19917,5539,50
Mendoza,PUESTO CARRIZALITO,19918,5539,50
Mendoza,PUESTO AGUA DE ZANJON,19920,5539,50
Mendoza,PUESTO CHAMBON,19921,5539,50
Mendoza,PUESTO EL TOTORAL,19923,5539,50
Mendoza,PUESTO GUAMPARITO,19924,5539,50
Mendoza,PUESTO LOS PAJARITOS,19926,5539,50
Mendoza,PUESTO LA GRUTA,19927,5539,50
Mendoza,PUESTO LA MOJADA,19928,5539,50
Mendoza,PUESTO LAS HIGUERAS,19929,5539,50
Mendoza,PUESTO LOS ALOJAMIENTOS,19931,5539,50
Mendoza,PUESTO RIQUITIPANCHE,19936,5539,50
Mendoza,RODEO GRANDE,19937,5539,50
Mendoza,SAN IGNACIO,19945,5539,50
Mendoza,SANTA ELENA,19947,5539,50
Mendoza,VALLE DE USPALLATA,19950,5545,50
Mendoza,VEGA DE LOS BURROS,19953,5539,50
Mendoza,VEGAS DE LOS CORRALES DE ARAYA,19955,5539,50
Mendoza,VILLAVICENCIO,19957,5539,50
Mendoza,VRA DE LAS VACAS,19959,5539,50
Mendoza,ALGARROBITO,19961,5537,50
Mendoza,ALTO AMARILLO,19962,5537,50
Mendoza,CRUZ BLANCA,19968,5537,50
Mendoza,CERRO CIENAGA,20009,5539,50
Mendoza,SIERRA ANSILTA,20192,5539,50
Mendoza,SIERRA DE LAS HIGUERAS,20193,5545,50
Mendoza,SIERRA DEL TONTAL,20195,5539,50
Mendoza,ALGARROBO,20217,5533,50
Mendoza,LOS SAUCES,20284,5537,50
Mendoza,TULUMAYA,20290,5533,50
Mendoza,CERRILLOS AL SUD,20298,5501,50
Mendoza,COLONIA FUNES,20301,5509,50
Mendoza,DIQUE RIO MENDOZA,20302,5507,50
Mendoza,EL CARRIZAL DE ABAJO,20303,5509,50
Mendoza,EL SALTO,20305,5549,50
Mendoza,GLACIARES DEL RIO BLANCO,20306,5549,50
Mendoza,LOS FILTROS,20307,5505,50
Mendoza,PUESTO LA JARILLA,20308,5507,50
Mendoza,ALTO DEL PLOMO,20315,5549,50
Mendoza,LAS CARDITAS,20317,5549,50
Mendoza,LAS COLONIAS,20319,5509,50
Mendoza,FINCA LOS ALAMOS,20330,5531,50
Mendoza,AGUA DE DIAZ,20346,5545,50
Mendoza,AGUA RICA,20360,5611,50
Mendoza,BARREAL JOSE LUIS,20364,5613,50
Mendoza,BAÃ‘OS DE AZUFRE,20365,5611,50
Mendoza,CHARCO VACAS,20375,5613,50
Mendoza,COIHUECO NORTE,20376,5611,50
Mendoza,EL CENIZO,20377,5645,50
Mendoza,EL MOLLAR,20380,5611,50
Mendoza,EX FORTIN MALARGUE,20382,5611,50
Mendoza,LA DIVISORIA,20384,5549,50
Mendoza,LA VALENCIANA,20386,5611,50
Mendoza,PUERTO RINCON ESCALONA,20388,5613,50
Mendoza,PUESTO AGUA DE LA MERINA,20390,5613,50
Mendoza,PUESTO GENTILE,20392,5611,50
Mendoza,REFUGIO MILITAR GRAL ALVARADO,20394,5613,50
Mendoza,TAPERA DE LOS VIEJOS,20416,5613,50
Mendoza,LAS TAGUAS,20418,5613,50
Mendoza,LOMA JAGUEL DEL GAUCHO,20420,5613,50
Mendoza,LOS ARROYOS,20421,5611,50
Mendoza,LUANCO,20424,5611,50
Mendoza,OJO DE AGUA,20426,5611,50
Mendoza,HOTEL PORTEZUELO DEL VIENTO,20449,5613,50
Mendoza,LOS CORRALES,20470,5621,50
Mendoza,PUESTO LA CACHACA,20488,5613,50
Mendoza,PUESTO LA NEGRITA,20489,5613,50
Mendoza,PUESTO LA NIEBLA,20490,5613,50
Mendoza,PUESTO LA PORTEÃ‘A,20491,5613,50
Mendoza,PUESTO LA SUIZA,20494,5613,50
Mendoza,PUESTO MARFIL,20499,5611,50
Mendoza,PUESTO RINCON DEL SAUCE,20501,5613,50
Mendoza,PUESTO LA INVERNADA,20503,5613,50
Mendoza,PUESTO MALO,20505,5613,50
Mendoza,RINCON DE CORREA,20539,5611,50
Mendoza,ESTANCIA LA ARGENTINA,20540,5577,50
Mendoza,BAJADA DEL SAUCE,20542,5569,50
Mendoza,CEPILLO VIEJO,20543,5569,50
Mendoza,COLONIA CHATO,20544,5569,50
Mendoza,DIVISADERO NEGRO,20545,5569,50
Mendoza,JAUCHA,20546,5569,50
Mendoza,LOS TOSCALES,20547,5569,50
Mendoza,PORTILLO DE LA YESERA,20554,5569,50
Mendoza,PORTILLO DE LAS CABEZAS,20555,5569,50
Mendoza,PORTILLO DEL PAPAL,20556,5569,50
Mendoza,PORTILLO DEL VIENTO,20557,5569,50
Mendoza,PORTILLO OCCIDENTAL DEL BAYO,20558,5569,50
Mendoza,PORTILLO PEDERNALES,20559,5569,50
Mendoza,PUESTO CANALES,20561,5569,50
Mendoza,PUESTO EL CARRIZALITO,20562,5569,50
Mendoza,PUESTO J CASTRO,20563,5569,50
Mendoza,PUESTO LUFFI,20565,5569,50
Mendoza,PUESTO LUNA,20566,5569,50
Mendoza,PUESTO MALLIN,20567,5569,50
Mendoza,PUESTO OJO DE AGUA,20568,5569,50
Mendoza,PUESTO P MONTRIEL,20569,5569,50
Mendoza,PUESTO RINCON DE LA PAMPA,20570,5569,50
Mendoza,PUESTO SECO,20571,5569,50
Mendoza,PUESTO SOSA,20572,5569,50
Mendoza,PUESTO VIUDA DE ESTRELLA,20573,5569,50
Mendoza,COLONIA ATUEL,20583,5623,50
Mendoza,COM NAC DE ENERGIA ATOMICA,20585,5600,50
Mendoza,CUPILES,20587,5595,50
Mendoza,EL ALGARROBO,20591,5595,50
Mendoza,EL VILTEGUINO,20594,5594,50
Mendoza,ESTANCIA LAS CHILCAS,20595,5595,50
Mendoza,LA LATA,20596,5600,50
Mendoza,LAGUNITA,20597,5527,50
Mendoza,NEGRO QUEMADO,20599,5623,50
Mendoza,NIHUIL,20600,5605,50
Mendoza,EL CARBALINO,20604,5592,50
Mendoza,LA BANDERA,20605,5592,50
Mendoza,CASA DE LAS PEÃ‘AS,20611,5560,50
Mendoza,COLONIA DE LAS MULAS,20613,5560,50
Mendoza,COLONIA DEL DIABLO,20614,5560,50
Mendoza,COLONIA FARO,20615,5560,50
Mendoza,COLONIA LA ESCONDIDA,20616,5560,50
Mendoza,COLONIA LA TORRECILLA,20617,5560,50
Mendoza,COLONIA LOS OSCUROS,20618,5560,50
Mendoza,COLONIA LOS TAPONES,20619,5560,50
Mendoza,DIQUE DEL VALLE DE UCO,20620,5560,50
Mendoza,EL PORTILLO,20621,5560,50
Mendoza,EL TOPON,20623,5560,50
Mendoza,EL TOSCAL,20624,5560,50
Mendoza,ESTANCIA MALLEA,20625,5560,50
Mendoza,ESTANCIA AVEIRO,20626,5560,50
Mendoza,ESTANCIA BELLA VISTA,20627,5560,50
Mendoza,ESTANCIA CORREA,20629,5560,50
Mendoza,ESTANCIA EL CARRIZALITO,20630,5560,50
Mendoza,ESTANCIA GUINAZU,20631,5560,50
Mendoza,ESTANCIA LA ROSA,20633,5560,50
Mendoza,ESTANCIA LAS HIGUERAS,20634,5560,50
Mendoza,ESTANCIA LOS CHACAYES,20635,5560,50
Mendoza,ESTANCIA SILVA,20637,5560,50
Mendoza,LAS PINTADAS,20638,5560,50
Mendoza,LOMA CHATA,20639,5560,50
Mendoza,LOS COMETIERRAS,20640,5560,50
Mendoza,PASO LOS PALOS,20642,5560,50
Mendoza,PORTILLO DE PINQUENES,20643,5560,50
Mendoza,PORTILLO DEL DIABLO,20644,5560,50
Mendoza,POTRERO SAN PABLO,20645,5560,50
Mendoza,PUESTO EL MANZANO,20647,5560,50
Mendoza,PUESTO LA TOSCA,20648,5560,50
Mendoza,PUESTO MANZANITO,20649,5560,50
Mendoza,PUESTO MIRONDA,20651,5560,50
Mendoza,PUESTO SANTA MARIA,20652,5560,50
Mendoza,EL ZAMPAL,20654,5561,50
Mendoza,GUALTALLARY,20655,5561,50
Mendoza,LA ARBOLEDA,20656,5561,50
Mendoza,PUESTO ALFARFA,20657,5561,50
Mendoza,PUESTO LA JERILLA,20658,5561,50
Mendoza,SANTA CLARA,20660,5561,50
Mendoza,LAS VEGAS,27857,5549,50
Mendoza,MAYOR DRUMMOND,27892,5507,50
Mendoza,EL ALGARROBO,27919,5561,50
Mendoza,KILOMETRO 11,27932,5525,50
