Salta,AGUA SUCIA,11436,4449,66
Salta,ALGARROBAL,11437,4446,66
Salta,ALTO ALEGRE,11438,4449,66
Salta,CABEZA DE ANTA,11439,4434,66
Salta,APOLINARIO SARAVIA,11440,4449,66
Salta,EL ARENAL,11441,4446,66
Salta,ARITA,11442,4449,66
Salta,BARREALITO,11443,4449,66
Salta,CAMPO ALEGRE,11444,4449,66
Salta,CARRERAS,11445,4434,66
Salta,CEIBALITO,11446,4446,66
Salta,CHAÃ‘AR MUYO,11447,4446,66
Salta,CHORROARIN,11448,4446,66
Salta,COLONIA HURLINGHAM,11450,4449,66
Salta,CORONEL MOLLINEDO,11451,4449,66
Salta,CORONEL OLLEROS,11452,4446,66
Salta,CORONEL VIDT,11453,4448,66
Salta,DIVISADERO,11454,4446,66
Salta,EL BORDO,11455,4449,66
Salta,EL CARMEN,11456,4449,66
Salta,EL CARRIZAL,11457,4446,66
Salta,EL JARAVI,11458,4446,66
Salta,EL LIBANO,11459,4434,66
Salta,EL MANANTIAL,11460,4449,66
Salta,EL NARANJO,11461,4434,66
Salta,EL PACARA,11462,4446,66
Salta,EL PERICOTE,11463,4449,66
Salta,EL QUEBRACHAL,11464,4452,66
Salta,EL REY,11465,4434,66
Salta,EL SIMBOLAR,11466,4423,66
Salta,EL VENCIDO,11467,4452,66
Salta,EL YESO,11468,4434,66
Salta,ESPINILLO,11469,4449,66
Salta,ESQUINA,11470,4449,66
Salta,ESTANCIA VIEJA,11471,4434,66
Salta,FINCA MISION ZENTA,11472,4448,66
Salta,FLORESTA,11473,4452,66
Salta,FUERTE EL PITO,11474,4452,66
Salta,GAONA,11475,4452,66
Salta,GENERAL PIZARRO,11476,4449,66
Salta,GONZALEZ,11477,4434,66
Salta,JOAQUIN V GONZALEZ,11478,4448,66
Salta,KILOMETRO 1088,11479,4448,66
Salta,KILOMETRO 1104,11480,4449,66
Salta,KILOMETRO 1152,11481,4452,66
Salta,LA CUESTITA ANTA,11482,4434,66
Salta,LA MANGA,11483,4446,66
Salta,LAGUNA BLANCA,11484,4448,66
Salta,LAGUNA VERDE,11485,4449,66
Salta,LAS BATEAS,11486,4449,66
Salta,LAS FLACAS,11487,4434,66
Salta,LAS FLORES,11488,4449,66
Salta,LAS LAJITAS,11489,4449,66
Salta,LAS TORTUGAS,11490,4449,66
Salta,LAS VIBORAS,11491,4434,66
Salta,LIMONCITO,11492,4448,66
Salta,LLUCHA,11493,4452,66
Salta,LOS CHIFLES,11494,4446,66
Salta,LOS NOGALES,11495,4434,66
Salta,LUIS BURELA,11496,4449,66
Salta,MACAPILLO,11497,4452,66
Salta,MANGA VIEJA,11498,4452,66
Salta,MEDIA LUNA,11499,4449,66
Salta,MINAS YPF,11500,4448,66
Salta,MOLLE POZO,11501,4446,66
Salta,MONASTERIOS,11502,4449,66
Salta,NUESTRA SEÃ‘ORA DE TALAVERA,11503,4452,66
Salta,PALERMO,11504,4449,66
Salta,LAS PALMAS,11505,4449,66
Salta,PASO DE LA CRUZ,11506,4434,66
Salta,PASO DE LAS CARRETAS,11507,4446,66
Salta,PIQUETE CABADO,11508,4449,66
Salta,PIQUETE DE ANTA,11509,4448,66
Salta,POBLACION,11510,4448,66
Salta,EL PORVENIR,11511,4452,66
Salta,POTRERILLO,11512,4446,66
Salta,POZO GRANDE,11513,4449,66
Salta,POZO VERDE,11514,4449,66
Salta,PRINGLES,11515,4452,66
Salta,PULI,11516,4446,66
Salta,QUEBRACHAL,11517,4452,66
Salta,RIO DEL VALLE,11518,4449,66
Salta,ROCA,11519,4452,66
Salta,ROSARIO DEL DORADO,11520,4449,66
Salta,SALADILLO,11521,4434,66
Salta,SAN GABRIEL,11522,4452,66
Salta,SAN JUAN,11523,4446,66
Salta,SAN LUIS,11524,4449,66
Salta,SAN MARTIN,11525,4449,66
Salta,SAN RAMON,11526,4449,66
Salta,SAN SEBASTIAN,11527,4434,66
Salta,SANTA ROSA,11528,4449,66
Salta,SANTA ROSA DE ANTA,11529,4452,66
Salta,SANTO DOMINGO,11530,4449,66
Salta,SAUCE BAJADA,11531,4434,66
Salta,SAUCE SOLO,11532,4448,66
Salta,SIMBOLAR,11533,4452,66
Salta,SANTO DOMINGO,11534,4448,66
Salta,SUNCHALITO,11536,4452,66
Salta,TACO PAMPA,11537,4452,66
Salta,TALAVERA,11538,4452,66
Salta,TOLLOCHE,11539,4452,66
Salta,TORO PAMPA,11540,4452,66
Salta,TOTORAL,11541,4449,66
Salta,TUNALITO,11542,4449,66
Salta,VENCIDA,11543,4452,66
Salta,VINAL POZO,11544,4452,66
Salta,YASQUIASME,11545,4430,66
Salta,CACHI,11546,4417,66
Salta,LA PAYA,11547,4419,66
Salta,PALERMO OESTE,11548,4415,66
Salta,PAYOGASTA,11549,4415,66
Salta,PUEBLO VIEJO,11550,4417,66
Salta,PUERTA DE LA PAYA,11551,4417,66
Salta,PUIL,11552,4417,66
Salta,PUNTA DE AGUA,11553,4415,66
Salta,RIO TORO,11554,4417,66
Salta,SAN JOSE DE ESCALCHI,11555,4419,66
Salta,VALLECITO,11556,4644,66
Salta,CAFAYATE,11557,4427,66
Salta,EL RECREO,11558,4427,66
Salta,LA ARMONIA,11559,4427,66
Salta,LA BANDA,11560,4427,66
Salta,LA PUNILLA,11561,4427,66
Salta,LAS CONCHAS,11562,4427,66
Salta,LOROHUASI,11563,4427,66
Salta,TOLOMBON,11564,4141,66
Salta,YACOCHUYA,11565,4427,66
Salta,SALTA,11566,4400,66
Salta,CERRILLOS,11567,4403,66
Salta,EL LEONCITO,11568,4421,66
Salta,LAS PIRCAS,11570,4421,66
Salta,LAS TIENDITAS,11571,4421,66
Salta,SAN GERONIMO,11572,4421,66
Salta,SAN MARTIN,11573,4421,66
Salta,SUMALAO,11574,4421,66
Salta,AGUA NEGRA,11575,4415,66
Salta,BELLA VISTA,11576,4423,66
Salta,CACHO MOLINO,11577,4421,66
Salta,CALVIMONTE,11578,4421,66
Salta,CAMPO ALEGRE,11579,4423,66
Salta,CHICOANA,11580,4423,66
Salta,CHIVILME,11581,4423,66
Salta,CUESTA DEL OBISPO,11582,4417,66
Salta,DOCTOR FACUNDO ZUVIRIA,11583,4423,66
Salta,EL CANDADO,11584,4415,66
Salta,EL CARRIL,11585,4421,66
Salta,EL MARAY,11586,4415,66
Salta,EL MOYAR,11587,4423,66
Salta,EL QUEMADO,11588,4423,66
Salta,EL TIPAL,11589,4423,66
Salta,LA CALAVERA,11590,4423,66
Salta,LA ESPERANZA,11591,4423,66
Salta,LA GUARDIA,11592,4423,66
Salta,LA MARGARITA,11593,4423,66
Salta,LA MAROMA,11594,4423,66
Salta,LA TOMA,11595,4421,66
Salta,LAS ANIMAS,11596,4415,66
Salta,LAS GARZAS,11597,4421,66
Salta,LAS MORAS,11598,4423,66
Salta,LAS ZANJAS,11599,4415,66
Salta,LOS LOS,11600,4423,66
Salta,MAL PASO,11601,4415,66
Salta,MOLINO,11602,4423,66
Salta,PALMIRA,11603,4423,66
Salta,PEDREGAL,11604,4423,66
Salta,PEÃ‘AFLOR,11605,4423,66
Salta,POTRERO DE DIAZ,11606,4423,66
Salta,PULARES,11607,4423,66
Salta,QUEBRADA DE ESCOIPE,11608,4415,66
Salta,SAN ANTONIO CHICOANA,11609,4421,66
Salta,SAN FERNANDO DE ESCOIPE,11610,4423,66
Salta,SAN JOAQUIN,11611,4423,66
Salta,SAN JOSE,11612,4421,66
Salta,SAN JOSE DE LA VIÃ‘A,11613,4423,66
Salta,SAN MARTIN LA CUESTA,11614,4415,66
Salta,SANTA ANA,11615,4423,66
Salta,SANTA GERTRUDIS,11616,4423,66
Salta,SANTA ROSA,11617,4423,66
Salta,TILIAN,11618,4423,66
Salta,VILLA FANNY,11619,4423,66
Salta,VIÃ‘ACO,11620,4423,66
Salta,YACERA,11621,4415,66
Salta,AGUAS CALIENTES,11623,4430,66
Salta,ALGARROBAL,11624,4430,66
Salta,BETANIA,11625,4432,66
Salta,CABEZA DE BUEY,11626,4434,66
Salta,CAMPO SANTO,11627,4432,66
Salta,CANTERA DEL SAUCE,11628,4432,66
Salta,CHACRA EXPERIMENTAL,11629,4430,66
Salta,COBA,11630,4434,66
Salta,COBOS,11631,4432,66
Salta,CRUZ QUEMADA,11632,4434,66
Salta,EBRO,11633,4434,66
Salta,EL ALGARROBO,11634,4434,66
Salta,EL BORDE DE SAN MIGUEL,11635,4432,66
Salta,EL ESTANQUE,11636,4434,66
Salta,EL OSO,11637,4434,66
Salta,EL SAUCE,11638,4432,66
Salta,EL ZANJON,11639,4434,66
Salta,GALLINATO,11640,4432,66
Salta,INGENIO SAN ISIDRO,11641,4432,66
Salta,KILOMETRO 1094,11642,4430,66
Salta,KILOMETRO 1102,11643,4432,66
Salta,LA OFELIA,11644,4432,66
Salta,LA OLIVA,11645,4432,66
Salta,LA PUNTILLA,11646,4434,66
Salta,LA RAMADA,11647,4432,66
Salta,LA TRAMPA,11648,4434,66
Salta,LA VIÃ‘A,11649,4432,66
Salta,LAS MESITAS,11650,4434,66
Salta,LAS VERTIENTES SANTA RITA DE,11651,4430,66
Salta,LECHIGUANA,11652,4434,66
Salta,LOS CORRALES,11653,4434,66
Salta,MADRE VIEJA,11654,4430,66
Salta,OJO DE AGUA,11655,4430,66
Salta,PALOMITAS,11656,4434,66
Salta,PUESTO VIEJO,11657,4430,66
Salta,QUISTO,11658,4430,66
Salta,RODEO GRANDE,11659,4432,66
Salta,SALADILLO,11660,4430,66
Salta,SAN ISIDRO,11661,4430,66
Salta,SAN MARTIN,11662,4432,66
Salta,SANTA ROSA,11663,4432,66
Salta,SAUSALITO,11664,4430,66
Salta,TORZALITO,11665,4430,66
Salta,VILLA MAYOR ZABALETA,11666,4430,66
Salta,VIRGILIO TEDIN,11667,4434,66
Salta,ZAPALLITO,11668,4430,66
Salta,ACAMBUCO,11669,4568,66
Salta,AGUARAY,11670,4566,66
Salta,ANTONIO QUIJARRO,11671,4552,66
Salta,ARENAL,11672,4560,66
Salta,BUEN LUGAR,11673,4550,66
Salta,CAMINERA SAN PEDRITO,11674,4563,66
Salta,CAMPAMENTO TABLILLA,11675,4563,66
Salta,CAMPAMENTO VESPUCIO,11676,4563,66
Salta,CAMPICHUELO,11677,4552,66
Salta,CAMPO DURAN,11678,4566,66
Salta,CAMPO LIBRE,11679,4554,66
Salta,COLONIA OTOMANA,11680,4550,66
Salta,CORONEL CORNEJO,11681,4552,66
Salta,CORRALITO,11682,4552,66
Salta,CORZUELA,11683,4550,66
Salta,DRAGONES,11684,4554,66
Salta,EL AGUAY,11685,4563,66
Salta,EL CUCHILLO,11686,4550,66
Salta,EL ESPINILLO,11687,4554,66
Salta,EL RETIRO,11688,4550,66
Salta,EMBARCACION,11689,4550,66
Salta,EMBOSCADA,11690,4554,66
Salta,GENERAL BALLIVIAN,11691,4552,66
Salta,GENERAL ENRIQUE MOSCONI,11692,4562,66
Salta,HICKMANN,11693,4554,66
Salta,ITUYURO,11694,4566,66
Salta,KILOMETRO 1306 FCGB,11695,4550,66
Salta,KILOMETRO 1398,11696,4562,66
Salta,KILOMETRO 1448,11697,4564,66
Salta,LA FORTUNA,11698,4550,66
Salta,LA QUENA,11699,4550,66
Salta,LAS LOMITAS,11700,4562,66
Salta,LOS BALDES,11701,4550,66
Salta,LOTE ESTELA,11702,4533,66
Salta,LUNA MUERTA,11703,4554,66
Salta,MACUETA,11704,4566,66
Salta,MANUELA PEDRAZA,11705,4560,66
Salta,MISION CHAQUEÃ‘A,11706,4554,66
Salta,MISTOLAR,11707,4554,66
Salta,MONTE CARMELO,11708,4554,66
Salta,NUEVO PORVENIR,11709,4550,66
Salta,OTOMANA,11710,4550,66
Salta,EST POCITOS,11711,4568,66
Salta,PASTOR SEVILLOSA,11712,4552,66
Salta,PEDRO LOZANO,11713,4554,66
Salta,PIQUIRENDA,11714,4564,66
Salta,PLUMA DEL PATO,11715,4560,66
Salta,POCOY,11716,4552,66
Salta,POZO BRAVO,11717,4554,66
Salta,PUESTO GRANDE,11718,4550,66
Salta,RECAREDO,11719,4563,66
Salta,RIO CARAPAN,11720,4566,66
Salta,SANTA VICTORIA,11721,4550,66
Salta,SENDA HACHADA ESTACION FCGB,11722,4552,66
Salta,TABACO CIMARRON,11723,4554,66
Salta,TARTAGAL,11724,4560,66
Salta,TOBANTIRENDA,11725,4564,66
Salta,TONONO,11726,4560,66
Salta,TRANQUITAS,11727,4552,66
Salta,VESPUCIO,11728,4562,66
Salta,VILLA SAAVEDRA,11729,4560,66
Salta,YACUY,11730,4564,66
Salta,YARIGUARENDA,11731,4560,66
Salta,ACOSTA,11732,4425,66
Salta,CAMPOS DE ALEMANIA,11733,4425,66
Salta,BODEGUITA,11734,4425,66
Salta,CARAHUASI,11735,4425,66
Salta,CEVILAR,11736,4425,66
Salta,COROPAMPA,11737,4425,66
Salta,DURAZNO,11738,4425,66
Salta,GUACHIPAS,11740,4425,66
Salta,LA COSTA,11741,4425,66
Salta,LA FLORIDA,11742,4425,66
Salta,LA PAMPA,11743,4425,66
Salta,LA POBLACION,11744,4425,66
Salta,LOS CHURQUIS,11745,4425,66
Salta,LOS SAUCES,11746,4425,66
Salta,PAMPA GRANDE,11747,4425,66
Salta,REDONDO,11748,4425,66
Salta,RIO ALEMANIA,11749,4425,66
Salta,SANTA BARBARA,11750,4425,66
Salta,SANTA ELENA,11751,4425,66
Salta,SAUCE,11752,4425,66
Salta,SAUCE REDONDO,11753,4425,66
Salta,TIPA SOLA,11754,4425,66
Salta,ASTILLERO,11755,4633,66
Salta,CANCILLAR,11756,4633,66
Salta,CASA GRANDE,11757,4633,66
Salta,CHIYAYOC,11758,4633,66
Salta,COLANZULI,11759,4633,66
Salta,FINCA SANTIAGO,11760,4633,66
Salta,LAS HIGUERAS,11761,4633,66
Salta,IRUYA,11762,4633,66
Salta,ISLA DE CAÃ‘AS,11763,4531,66
Salta,LA HUERTA,11764,4633,66
Salta,MATANCILLAS,11765,4633,66
Salta,MOLINO,11766,4644,66
Salta,MOLLAR,11767,4644,66
Salta,PINAL,11768,4633,66
Salta,RODEO COLORADO,11769,4633,66
Salta,SAN ANTONIO DE IRUYA,11770,4633,66
Salta,SAN ISIDRO DE IRUYA,11771,4633,66
Salta,SAN JUAN,11772,4633,66
Salta,SAN PEDRO DE IRUYA,11773,4633,66
Salta,TIPAYOC,11774,4633,66
Salta,TOROYOC,11775,4644,66
Salta,UCHOGOL,11776,4633,66
Salta,VILLA ALEM,11777,4633,66
Salta,VIZCARRA,11778,4644,66
Salta,VOLCAN HIGUERAS,11779,4633,66
Salta,MOJOTORO,11780,4432,66
Salta,SAN LORENZO,11781,4401,66
Salta,BARRO NEGRO,11782,4415,66
Salta,EL RODEO,11783,4415,66
Salta,LA POMA,11784,4415,66
Salta,LOMA DE BURRO,11785,4415,66
Salta,MINA SAN ESTEBAN,11786,4415,66
Salta,MINA SAN GUILLERMO,11787,4415,66
Salta,MINA SAN WALTERIO,11788,4415,66
Salta,MINAS VICTORIA,11789,4415,66
Salta,PUEBLO VIEJO,11790,4415,66
Salta,TRIGAL,11791,4415,66
Salta,VILLITAS,11792,4415,66
Salta,ABLOME,11793,4421,66
Salta,AMPASCACHI,11794,4421,66
Salta,BELLA VISTA,11795,4421,66
Salta,DIQUE CABRA CORRAL,11796,4421,66
Salta,CASTAÃ‘ARES,11797,4425,66
Salta,CORONEL MOLDES,11798,4421,66
Salta,EL ACHERAL,11799,4425,66
Salta,EL CARANCHO,11800,4421,66
Salta,EL CARMEN,11801,4421,66
Salta,ENTRE RIOS,11802,4430,66
Salta,GUALIANA,11803,4421,66
Salta,KILOMETRO 1176 300,11804,4421,66
Salta,LA ARGENTINA,11805,4421,66
Salta,LA ARMONIA,11806,4421,66
Salta,LA BODEGA,11807,4421,66
Salta,LA COSTA,11808,4421,66
Salta,LA VIÃ‘A,11809,4425,66
Salta,LAS CAÃ‘AS,11810,4421,66
Salta,LAS LECHUZAS,11811,4425,66
Salta,OSMA,11812,4421,66
Salta,PASO DEL RIO,11813,4421,66
Salta,PEÃ‘AS AZULES,11814,4421,66
Salta,PIEDRAS MORADAS,11815,4421,66
Salta,PUENTE DE DIAZ,11816,4421,66
Salta,QUISCA LORO,11817,4421,66
Salta,RETIRO,11818,4421,66
Salta,SALADILLO DE OSMA,11819,4421,66
Salta,SAN ANTONIO LA VIÃ‘A,11820,4421,66
Salta,SAN NICOLAS,11821,4421,66
Salta,SAN VICENTE,11822,4421,66
Salta,SAUCE ALEGRE,11823,4421,66
Salta,SEVILLAR,11824,4421,66
Salta,SIÃ‘UNTO,11825,4421,66
Salta,TALAPAMPA,11826,4425,66
Salta,TRES ACEQUIAS,11827,4421,66
Salta,CAIPE,11828,4413,66
Salta,SALAR DEL HOMBRE MUERTO,11829,4419,66
Salta,SALADILLO,11830,4415,66
Salta,SAN ANTONIO DE LOS COBRES,11831,4411,66
Salta,ACHARAS,11832,4434,66
Salta,ALTO DEL MISTOL,11833,4446,66
Salta,ARROCERO ITALIANO,11834,4444,66
Salta,BAJO GRANDE,11835,4446,66
Salta,BALDERRAMA,11836,4440,66
Salta,CAMPO ALEGRE,11837,4440,66
Salta,CAMPO AZUL,11838,4440,66
Salta,CHILCAS,11839,4434,66
Salta,CONCHAS,11840,4440,66
Salta,DURAZNO,11841,4440,66
Salta,EL GALPON,11843,4444,66
Salta,EL GUANACO,11844,4440,66
Salta,EL PARQUE,11845,4444,66
Salta,EL SAUZAL,11846,4440,66
Salta,EL TUNAL,11847,4446,66
Salta,ESTECO EMBARCADERO FCGB,11848,4440,66
Salta,FINCA ARMONIA,11849,4444,66
Salta,FINCA ROCCA,11850,4444,66
Salta,JURAMENTO,11851,4434,66
Salta,LA AGUADITA,11852,4440,66
Salta,LA ARMONIA,11853,4444,66
Salta,LA CARRETERA,11854,4446,66
Salta,LA CUESTITA METAN,11855,4434,66
Salta,LA POBLACION,11856,4444,66
Salta,LA POSTA,11857,4434,66
Salta,LAGUNITA NUEVA POBLACION,11858,4446,66
Salta,LAS ACHERAS,11859,4434,66
Salta,LAS CUESTITAS,11860,4434,66
Salta,LAS DELICIAS,11861,4444,66
Salta,LAS JUNTAS,11862,4440,66
Salta,LOS ROSALES,11863,4446,66
Salta,LUMBRERAS,11864,4434,66
Salta,METAN,11865,4440,66
Salta,METAN VIEJO,11866,4441,66
Salta,MIRAFLORES,11867,4434,66
Salta,NOGALITO,11868,4440,66
Salta,OVEJERIA,11869,4444,66
Salta,PASO DEL DURAZNO,11870,4440,66
Salta,PASTEADERO,11871,4440,66
Salta,PERU,11872,4440,66
Salta,POBLACION DE ORTEGA,11873,4444,66
Salta,POTRERO,11874,4446,66
Salta,PUNTA DEL AGUA,11875,4440,66
Salta,QUESERA,11876,4434,66
Salta,ROSALES,11877,4446,66
Salta,SAN JOSE DE ORQUERAS,11878,4446,66
Salta,SANTA ELENA,11879,4440,66
Salta,SCHNEIDEWIND,11880,4440,66
Salta,SACHA PERA,11881,4440,66
Salta,TALA MUYO,11882,4440,66
Salta,TALAS,11883,4446,66
Salta,TUNALITO,11884,4446,66
Salta,VERA CRUZ,11885,4440,66
Salta,YATASTO,11886,4440,66
Salta,ANGOSTURA,11887,4419,66
Salta,BANDA GRANDE,11888,4419,66
Salta,BREALITO,11889,4419,66
Salta,BURRO YACO,11890,4419,66
Salta,CERRO BRAVO,11891,4419,66
Salta,CERRO DE LA ZORRA VIEJA,11892,4419,66
Salta,CERRO DEL AGUA DE LA FALDA,11893,4419,66
Salta,COLMENAR,11894,4419,66
Salta,COLTE,11895,4419,66
Salta,CORRIDA DE CORI,11896,4419,66
Salta,DIAMANTE,11897,4419,66
Salta,EL BREALITO,11898,4419,66
Salta,EL CHURCAL,11899,4419,66
Salta,ESQUINA,11900,4419,66
Salta,HUMANAS,11901,4419,66
Salta,LURACATAO,11902,4419,66
Salta,MOLINOS,11903,4419,66
Salta,PEÃ‘AS BLANCAS,11904,4419,66
Salta,SAN JOSE DE COLTE,11905,4419,66
Salta,SECLANTAS ADENTRO,11906,4419,66
Salta,SECLANTAS,11907,4419,66
Salta,TACUIL,11908,4419,66
Salta,TOMUCO,11909,4419,66
Salta,VOLCAN AZUFRE,11910,4419,66
Salta,AGUAS BLANCAS,11911,4531,66
Salta,ALGARROBAL,11912,4534,66
Salta,ANGEL PEREDO,11913,4533,66
Salta,ANGELICA,11914,4533,66
Salta,ARBOL SOLO,11915,4534,66
Salta,ARENALES,11916,4535,66
Salta,CHAGUARAL,11917,4537,66
Salta,COLONIA SANTA ROSA,11918,4531,66
Salta,POZO DEL CUINCO,11919,4542,66
Salta,EL MISTOL,11920,4534,66
Salta,EL QUIMILAR CARBONCITO,11921,4534,66
Salta,EL TABACAL,11922,4533,66
Salta,ESTEBAN DE URIZAR,11923,4537,66
Salta,HIPOLITO YRIGOYEN,11924,4533,66
Salta,INGENIO SAN MARTIN,11925,4533,66
Salta,JERONIMO MATORRAS,11926,4537,66
Salta,KILOMETRO 1281,11927,4534,66
Salta,KILOMETRO 1291,11928,4534,66
Salta,KILOMETRO 1280,11929,4534,66
Salta,KILOMETRO 1298,11930,4533,66
Salta,LA ESTRELLA,11931,4537,66
Salta,LAS VARAS,11932,4534,66
Salta,MANUEL ELORDI,11933,4550,66
Salta,MARIA LUISA,11934,4533,66
Salta,MARTINEZ DEL TINEO,11935,4537,66
Salta,ORAN,11936,4530,66
Salta,PARANI,11937,4530,66
Salta,PICHANAL,11938,4534,66
Salta,PIEDRA DEL POTRILLO,11939,4530,66
Salta,PIZARRO,11940,4534,66
Salta,POZO AZUL,11941,4530,66
Salta,POZO CERCADO,11942,4535,66
Salta,PUESTO DEL MEDIO,11943,4534,66
Salta,RIO COLORADO,11944,4530,66
Salta,RIO DE LAS PIEDRAS,11945,4530,66
Salta,RIO PESCADO,11946,4530,66
Salta,SAN ANDRES,11947,4530,66
Salta,SAN ANTONIO,11948,4530,66
Salta,SAN BERNARDO,11949,4530,66
Salta,SAN IGNACIO,11950,4530,66
Salta,SAN RAMON DE LA NUEVA ORAN,11951,4530,66
Salta,SANTA CRUZ,11952,4531,66
Salta,SANTA MARINA,11953,4542,66
Salta,SANTA ROSA,11954,4534,66
Salta,SAUCELITO,11955,4538,66
Salta,SOLEDAD,11956,4530,66
Salta,TABACAL INGENIO,11957,4533,66
Salta,TRES POZOS,11958,4530,66
Salta,URUNDEL,11959,4542,66
Salta,YACARA,11960,4534,66
Salta,YUCHAN,11961,4537,66
Salta,AGUAS MUERTAS,11962,4535,66
Salta,ALGARROBAL,11963,4535,66
Salta,ALTO DE LA SIERRA,11964,4561,66
Salta,ALTO VERDE,11965,4535,66
Salta,AMBERES,11966,4561,66
Salta,BELGRANO FORTIN 2,11967,4535,66
Salta,BELLA VISTA,11968,4535,66
Salta,CAMPO ARGENTINO,11969,4535,66
Salta,CAPITAN JUAN PAGE,11970,4554,66
Salta,EL DESTIERRO,11971,4535,66
Salta,EL SOLDADITO,11972,4535,66
Salta,EL TUNALITO,11973,4535,66
Salta,FORTIN FRIAS,11974,4535,66
Salta,GENERAL GUEMES,11975,4430,66
Salta,HITO 1,11976,4561,66
Salta,LA CANCHA,11977,4535,66
Salta,LA CHINA,11978,4561,66
Salta,LA ESQUINITA,11979,4535,66
Salta,LA MONTAÃ‘A,11980,4535,66
Salta,PUESTO LA PAZ,11981,4561,66
Salta,LA TABLADA,11982,4535,66
Salta,LA UNION,11983,4535,66
Salta,LAS BOLSAS,11984,4535,66
Salta,LAS CAÃ‘ITAS,11985,4535,66
Salta,LAS CONCHAS,11986,4535,66
Salta,LAS LLAVES,11987,4535,66
Salta,LOS BLANCOS,11988,4554,66
Salta,LOS RANCHILLOS,11989,4554,66
Salta,MARTIN GARCIA,11990,4535,66
Salta,MEDIA LUNA,11991,4554,66
Salta,MISION LA PAZ,11992,4561,66
Salta,MISTOL MAREADO,11993,4554,66
Salta,MOLLINEDO,11994,4535,66
Salta,CNEL JUAN SOLA EST MORILLO,11995,4554,66
Salta,PALMARCITO,11996,4535,66
Salta,PARAISO,11997,4535,66
Salta,PASO EL MILAGRO SAN ANICETO,11998,4535,66
Salta,PORONGAL,11999,4535,66
Salta,POZO DEL PATO,12000,4535,66
Salta,POZO DEL ZORRO,12001,4535,66
Salta,POZO VERDE,12002,4535,66
Salta,PUESTO DE LA VIUDA,12003,4535,66
Salta,RESISTENCIA,12004,4554,66
Salta,RIVADAVIA,12005,4535,66
Salta,SAN BERNARDO,12006,4561,66
Salta,SAN ISIDRO,12007,4535,66
Salta,SAN JOAQUIN,12008,4535,66
Salta,SAN PATRICIO,12009,4554,66
Salta,SANTA CLARA,12010,4554,66
Salta,SANTA MARIA,12011,4561,66
Salta,SANTA VICTORIA ESTE,12012,4561,66
Salta,SANTO DOMINGO,12013,4535,66
Salta,SURI PINTADO,12014,4554,66
Salta,EL TALA,12015,4126,66
Salta,TRES POZOS,12016,4554,66
Salta,VICTORICA,12017,4535,66
Salta,VILLA PETRONA,12018,4535,66
Salta,ALMONA,12019,4421,66
Salta,ANTILLA,12020,4193,66
Salta,LAS MERCEDES,12021,4193,66
Salta,SALVADOR MAZZA,12022,4568,66
Salta,ROSARIO DE LA FRONTERA,12023,4190,66
Salta,SAN PEDRO,12024,4193,66
Salta,SANTA MARIA,12025,4193,66
Salta,CACHIÃ‘AL,12026,4409,66
Salta,CAMPO QUIJANO,12027,4407,66
Salta,EL POTRERO,12028,4405,66
Salta,LA SILLETA,12029,4407,66
Salta,ROSARIO DE LERMA,12030,4405,66
Salta,AMBLAYO,12031,4425,66
Salta,ANGASTACO,12032,4427,66
Salta,ANIMANA,12033,4427,66
Salta,BARRIAL,12034,4427,66
Salta,BUENA VISTA,12035,4427,66
Salta,CORRALITO,12036,4427,66
Salta,JACIMANA,12037,4427,66
Salta,LA VIÃ‘A,12039,4427,66
Salta,LOS SAUCES,12040,4427,66
Salta,MONTE VIEJO,12041,4427,66
Salta,PAYOGASTILLA,12042,4427,66
Salta,PUCARA,12043,4427,66
Salta,SAN ANTONIO,12044,4427,66
Salta,SAN CARLOS,12045,4427,66
Salta,SAN FELIPE,12046,4427,66
Salta,SAN LUCAS,12047,4427,66
Salta,SAN RAFAEL,12048,4427,66
Salta,SANTA ROSA,12049,4427,66
Salta,SIMBOLAR,12050,4427,66
Salta,ACOYTE,12052,4651,66
Salta,BACOYA,12053,4644,66
Salta,BARITU,12054,4651,66
Salta,HORNILLOS,12055,4651,66
Salta,LA FALDA,12056,4651,66
Salta,LIZOITE,12057,4651,66
Salta,LOS TOLDOS,12058,4531,66
Salta,MESON,12059,4651,66
Salta,NAZARENO,12060,4651,66
Salta,PAL TOLCO,12061,4651,66
Salta,PAPA CHACRA,12062,4651,66
Salta,PASCALLA,12063,4651,66
Salta,PUNCA VISCANA,12064,4651,66
Salta,PUCARA,12065,4651,66
Salta,PUESTO,12066,4651,66
Salta,RODEO PAMPA,12067,4651,66
Salta,SAN FELIPE,12068,4651,66
Salta,SAN FRANCISCO,12069,4651,66
Salta,SAN JUAN DE ORO,12070,4651,66
Salta,SAN LEON,12071,4651,66
Salta,SANTA CRUZ,12073,4651,66
Salta,SANTA VICTORIA OESTE,12074,4651,66
Salta,SOLEDAD,12075,4651,66
Salta,TRIGO HUAYCO,12076,4651,66
Salta,TUCTUCA,12077,4651,66
Salta,EL JARDIN,16402,4126,66
Salta,LOTE ESTELA,16600,4533,66
Salta,LAS BLANCAS,16660,4448,66
Salta,RIO BLANCO,16661,4417,66
Salta,LA ARCADIA,16663,4427,66
Salta,MONTE VIEJO,16664,4427,66
Salta,SAN ANTONIO,16665,4427,66
Salta,CHACHAPOYAS,16666,4400,66
Salta,CEBADOS,16667,4403,66
Salta,FINCA CAMINO A COLON,16668,4403,66
Salta,FINCA CAMINO VALLISIOS,16669,4403,66
Salta,FINCA COLON,16670,4403,66
Salta,FINCA EL COLEGIO,16671,4403,66
Salta,ISLA DE LA CANDELARIA,16672,4403,66
Salta,KILOMETRO 1156,16673,4403,66
Salta,LA FAMA,16674,4403,66
Salta,OLMOS,16675,4403,66
Salta,PARAJE ZANJON,16676,4403,66
Salta,PIEDEMONTE,16677,4403,66
Salta,RIO ANCHO,16678,4403,66
Salta,RODEOS,16679,4403,66
Salta,SAN MIGUEL,16680,4403,66
Salta,SANTA ELENA,16681,4403,66
Salta,VILLA LOS TARCOS,16682,4403,66
Salta,GUAMACHI,16683,4560,66
Salta,SAN PEDRO,16684,4560,66
Salta,EL ACHERAL,16685,4425,66
Salta,LAS CURTIEMBRES,16686,4425,66
Salta,TRES CRUCES,16687,4425,66
Salta,CHAÃ‘AR,16688,4633,66
Salta,SAN ANTONIO,16689,4633,66
Salta,EL TRIGAL,16690,4415,66
Salta,ABRA DEL GALLO,16691,4411,66
Salta,ACAZOQUE,16692,4411,66
Salta,ESTACION CACHIÃ‘AL,16693,4411,66
Salta,JUNCAL,16694,4411,66
Salta,PARAJE CERRO NEGRO,16695,4411,66
Salta,PARAJE COBRES,16696,4411,66
Salta,PARAJE CORTADERAS,16697,4411,66
Salta,PARAJE ESQUINA DE GUARDIA,16698,4411,66
Salta,PARAJE LAS CUEVAS,16699,4411,66
Salta,PARAJE MINA CONCORDIA,16700,4411,66
Salta,PARAJE MORRO COLORADO,16701,4411,66
Salta,PARAJE NACIMIENTOS,16702,4411,66
Salta,PARAJE OLACAPATO,16703,4413,66
Salta,PARAJE PASTOS GRANDES,16704,4411,66
Salta,PARAJE PIRCAS,16705,4411,66
Salta,PARAJE PIZCUNO,16706,4411,66
Salta,PARAJE UNCURU,16707,4411,66
Salta,SALAR DE HOMBRE MUERTO,16709,4419,66
Salta,EL MOLLE,16710,4530,66
Salta,POZO DE LA ESQUINA,16711,4530,66
Salta,EL CEIBAL,16713,4430,66
Salta,EL SUNCHAL,16714,4430,66
Salta,LA ASUNCION,16715,4430,66
Salta,LA MARAVILLA,16716,4430,66
Salta,SAN PEDRO DE ARANDA,16717,4430,66
Salta,BAJADA BLANCA,16718,4193,66
Salta,CABEZA DE ANTA,16719,4193,66
Salta,CAÃ‘ADA DE LA JUNTA,16720,4193,66
Salta,CAÃ‘ADON DE LAS JUNTAS,16721,4193,66
Salta,CERRO COLORADO,16722,4193,66
Salta,CERRO NEGRO,16723,4193,66
Salta,CHAÃ‘AR AGUADA,16724,4193,66
Salta,COLGADAS,16725,4193,66
Salta,EL CEIBAL,16726,4193,66
Salta,EL OJO,16727,4193,66
Salta,LA CRUZ,16728,4193,66
Salta,LA FIRMEZA,16729,4193,66
Salta,LA PAJITA,16730,4193,66
Salta,LAS CATITAS,16731,4193,66
Salta,LAS SALADAS,16732,4193,66
Salta,LAS TUNILLAS,16733,4193,66
Salta,POZO BLANCO,16734,4193,66
Salta,RECREO,16735,4193,66
Salta,SAN ROQUE,16736,4193,66
Salta,SANTA CATALINA,16737,4193,66
Salta,SURI MICUNA,16738,4193,66
Salta,TALA YACO,16739,4193,66
Salta,VILLA CORTA,16740,4193,66
Salta,VIZCACHERAL,16741,4193,66
Salta,BARBAYASCO,16742,4190,66
Salta,LA ESPERANZA,20846,4448,66
Salta,LA LOMITA,20848,4448,66
Salta,LAGUNITA,20851,4446,66
Salta,LAS CAÃ‘AS,20852,4434,66
Salta,LAS FLECHAS,20854,4448,66
Salta,LAS HECHERAS,20856,4434,66
Salta,LAS VATEAS,20858,4449,66
Salta,LOS MOLLINEDOS,20860,4448,66
Salta,MIRAFLORES,20862,4448,66
Salta,PALO A PIQUE,20864,4449,66
Salta,POSO DE ALGARROBO,20866,4448,66
Salta,PASO LA CRUZ,20867,4446,66
Salta,POZO CANTADO,20868,4448,66
Salta,POZO DEL GREAL,20870,4448,66
Salta,PUERTA BLANCA,20871,4448,66
Salta,SALADILLO DE JUAREZ,20872,4448,66
Salta,SALTA FORESTAL KILOMETRO 50,20873,4449,66
Salta,SAN FERNANDO,20874,4448,66
Salta,SAN IGNACIO,20875,4448,66
Salta,SAN JORGE,20877,4448,66
Salta,SANTA ANA,20878,4448,66
Salta,SANTA TERESA,20881,4190,66
Salta,SANTO DOMINGO ANTA,20883,4449,66
Salta,SAPO QUEMADO,20884,4448,66
Salta,SAUZAL,20885,4446,66
Salta,SIMBOLITO,20886,4448,66
Salta,TALA MUYO,20887,4446,66
Salta,SANTA VICTORIA,20889,4128,66
Salta,VIEJA POZO,20890,4448,66
Salta,VINALITO,20893,4452,66
Salta,WEISBURG,20894,4448,66
Salta,BUENA VISTA,20903,4415,66
Salta,CACHI ADENTRO,20904,4417,66
Salta,EL POTRERO,20905,4415,66
Salta,ESCALCHI,20907,4417,66
Salta,LAS CORTADERAS,20909,4415,66
Salta,LAS PAILAS,20910,4417,66
Salta,PIUL,20911,4415,66
Salta,POTRERO,20915,4415,66
Salta,RUMIHUASI,20919,4417,66
Salta,FINCA LA ROSA,20936,4427,66
Salta,LA CIENEGUITA,20939,4141,66
Salta,LOS ALAMOS,20941,4427,66
Salta,MACHO RASTROJO,20943,4141,66
Salta,QUISCA GRANDE,20944,4141,66
Salta,SAN ISIDRO,20946,4427,66
Salta,YANCHUYA,20947,4427,66
Salta,ANTONIO ALICE,20964,4401,66
Salta,CALDERA,20966,4401,66
Salta,CALDERILLA,20967,4401,66
Salta,CURUZU,20969,4401,66
Salta,EL GALLINATO,20971,4401,66
Salta,KILOMETRO 1125,20973,4401,66
Salta,LESSER,20974,4401,66
Salta,LOS MERCADOS,20975,4401,66
Salta,LOS PEÃ‘ONES,20976,4401,66
Salta,LOS SAUCES,20978,4401,66
Salta,MAYO TORITO,20979,4401,66
Salta,MONTE,20980,4401,66
Salta,POTRERO DE CASTILLA,20981,4401,66
Salta,SAN ALEJO,20982,4401,66
Salta,SANTA RUFINA,20983,4401,66
Salta,VAQUEROS,20986,4401,66
Salta,VELARDES,20987,4401,66
Salta,YACONES,20989,4401,66
Salta,ALEM,20998,4126,66
Salta,BARADERO,21001,4126,66
Salta,CEIBAL,21003,4126,66
Salta,EL BRETE,21004,4126,66
Salta,EL CUIBAL,21007,4126,66
Salta,EL NARANJO,21013,4126,66
Salta,EL SUNCHAL,21014,4126,66
Salta,LA ASUNCION,21015,4126,66
Salta,LA CANDELARIA,21018,4126,66
Salta,LA MARAVILLA,21021,4126,66
Salta,LA POBLACION,21023,4126,66
Salta,LOS MOGOTES,21024,4126,66
Salta,MIRAFLORES,21025,4126,66
Salta,OVEJERO,21027,4126,66
Salta,POTRERILLOS,21028,4126,66
Salta,RUIZ DE LOS LLANOS,21030,4126,66
Salta,SALAZAR,21032,4126,66
Salta,SAN PEDRO DE ARANDA,21033,4126,66
Salta,EL TALA EST R DE LOS LLANOS,21035,4126,66
Salta,ATOCHA,21049,4401,66
Salta,BELGRANO,21052,4400,66
Salta,BUENA VISTA,21055,4400,66
Salta,CAMPO CASEROS,21068,4400,66
Salta,CASTELLANOS,21070,4401,66
Salta,CHAMICAL,21076,4400,66
Salta,COBAS,21078,4400,66
Salta,EL AYBAL,21080,4400,66
Salta,EL PRADO,21082,4400,66
Salta,ESTOLA,21089,4400,66
Salta,GENERAL ALVARADO,21093,4401,66
Salta,HIGUERILLAS,21096,4400,66
Salta,KILOMETRO 1129,21099,4400,66
Salta,LA CRUZ,21101,4400,66
Salta,LA ISLA,21103,4401,66
Salta,LA LAGUNILLA,21105,4400,66
Salta,LA MONTAÃ‘A,21108,4400,66
Salta,LA PEDRERA,21112,4400,66
Salta,LA QUESERA,21114,4400,66
Salta,LA TROJA,21118,4400,66
Salta,LA UNION,21121,4401,66
Salta,LAS COSTAS,21124,4401,66
Salta,LIMACHE,21126,4400,66
Salta,LOS ALAMOS,21128,4401,66
Salta,LOS NOQUES,21130,4400,66
Salta,PAREDES,21133,4401,66
Salta,PEÃ‘ALVA,21135,4401,66
Salta,RIO ANCHO,21136,4400,66
Salta,SAN LORENZO,21140,4193,66
Salta,COLON,21182,4403,66
Salta,EL COLEGIO,21184,4403,66
Salta,EL HUAICO,21185,4403,66
Salta,HUMAITA,21187,4401,66
Salta,LA CANDELARIA,21188,4126,66
Salta,LA FALDA,21189,4403,66
Salta,LA ISLA,21190,4400,66
Salta,LAS BLANCAS,21191,4403,66
Salta,LAS PALMAS,21192,4403,66
Salta,LOS ALAMOS,21193,4403,66
Salta,SAN AGUSTIN,21194,4421,66
Salta,SAN CLEMENTE,21195,4403,66
Salta,ZANJON,21197,4403,66
Salta,AMPATA,21205,4415,66
Salta,ATUDILLO,21206,4415,66
Salta,CERRO MAL CANTO,21207,4415,66
Salta,CHORRO BLANCO,21208,4415,66
Salta,COLONIA EL FUERTE,21209,4421,66
Salta,CUESTA CHICA,21210,4415,66
Salta,EL MOLLAR,21211,4405,66
Salta,EL NOGALAR,21213,4415,66
Salta,EL POTRERO DE DIAZ,21214,4421,66
Salta,EL RODEO,21215,4415,66
Salta,EL SIMBOLAR,21217,4421,66
Salta,EL SUNCHAL,21218,4415,66
Salta,ESCOIPE,21219,4421,66
Salta,ESTACION ZUVIRIA,21220,4421,66
Salta,HUAYRA HUASY,21222,4415,66
Salta,LA HERRADURA,21223,4415,66
Salta,LA YESERA,21224,4415,66
Salta,LOS LAURELES,21225,4415,66
Salta,MAL CANTE,21226,4415,66
Salta,MOLINO DE GONGORA,21227,4415,66
Salta,PIE DE LA CUESTA,21228,4415,66
Salta,PIEDRA DEL MOLINO,21229,4421,66
Salta,TORO YACO,21230,4415,66
Salta,VALLE ENCANTADO,21231,4415,66
Salta,CERRO ALEMANIA,21234,4425,66
Salta,EL FRAILE,21235,4425,66
Salta,EL OBELISCO,21236,4425,66
Salta,EL SAPO,21237,4425,66
Salta,LAS JUNTAS DE ALEMANIA,21238,4425,66
Salta,LOS CASTILLOS,21239,4425,66
Salta,MORALES,21240,4425,66
Salta,POTRERILLOS,21241,4425,66
Salta,VAQUERIA,21242,4191,66
Salta,VAQUERIA LOS SAUCES,21243,4425,66
Salta,ALTOS HORNOS GUEMES,21244,4432,66
Salta,COLONIA SANTA ROSA DE LIMA,21245,4432,66
Salta,DIQUE EMBALSE CAMPO ALEGRE,21246,4432,66
Salta,EST EL BORDO,21247,4430,66
Salta,EL CEIBAL,21248,4430,66
Salta,EL PRADO,21249,4432,66
Salta,EL SALTO,21250,4434,66
Salta,EL ZAPALLAR,21251,4430,66
Salta,LA DEFENSA,21252,4430,66
Salta,RIO LAVALLEN,21253,4432,66
Salta,SANTA LUCIA,21254,4432,66
Salta,SANTA RITA,21255,4430,66
Salta,AGUAS BLANCAS,21256,4530,66
Salta,CHACAR,21257,4633,66
Salta,COLORADO,21258,4633,66
Salta,CORTADERAS,21259,4411,66
Salta,EL TAPIAL,21260,4633,66
Salta,JUNTAS DE SAN ANTONIO,21261,4530,66
Salta,LAS CAÃ‘AS,21262,4633,66
Salta,LIMONCITO,21263,4530,66
Salta,PUEBLO VIEJO,21264,4633,66
Salta,SOLAZUTI,21265,4530,66
Salta,TITICOITE,21266,4633,66
Salta,TRES MORROS,21267,4633,66
Salta,UCHUYOC,21268,4633,66
Salta,VALLE DELGADO,21269,4633,66
Salta,CANGREJILLOS,21270,4415,66
Salta,EL MOLINO,21271,4415,66
Salta,EL POTRERO,21272,4415,66
Salta,LA ESPERANZA,21273,4415,66
Salta,LOS PATOS,21274,4411,66
Salta,POMPEYA,21275,4415,66
Salta,PUEBLO NUEVO,21276,4415,66
Salta,20 DE febrero,21277,4425,66
Salta,EL CRESTON,21278,4425,66
Salta,FINCA EL CARMEN,21279,4425,66
Salta,LA BODEGUITA,21280,4421,66
Salta,LA REPRESA,21281,4425,66
Salta,LAS MERCEDES,21282,4421,66
Salta,SAN ROQUE,21283,4425,66
Salta,SANTA MARIA,21284,4421,66
Salta,CAUCHARI,21333,4413,66
Salta,CHACHAS,21336,4413,66
Salta,CHUCULAQUI,21339,4413,66
Salta,GRANDES PASTOS,21342,4411,66
Salta,INCACHULI,21344,4413,66
Salta,JUNCALITO,21350,4413,66
Salta,KILOMETRO 1369,21352,4413,66
Salta,KILOMETRO 1373,21355,4413,66
Salta,KILOMETRO 1424,21357,4413,66
Salta,MINA LA CASUALIDAD,21359,4413,66
Salta,LAGUNA SECA,21364,4413,66
Salta,LOS COLORADOS,21368,4413,66
Salta,MINA JULIO,21372,4411,66
Salta,MINA TINCALAYA,21375,4413,66
Salta,MUÃ‘ANO KILOMETRO 1308,21379,4411,66
Salta,OLACAPATO CHICO,21381,4413,66
Salta,OLACAPATO GRANDE,21382,4413,66
Salta,POTRERILLOS,21383,4411,66
Salta,POTRERO DE POYOGASTA,21384,4411,66
Salta,QUEBRADA DEL AGUA,21385,4413,66
Salta,SALAR DE POCITOS,21388,4413,66
Salta,STA ROSA DE LOS PASTOS GRANDES,21392,4411,66
Salta,SOCOMPA,21394,4413,66
Salta,TACA TACA ESTACION FCGB,21395,4413,66
Salta,TOLAR CHICO,21396,4413,66
Salta,TOLAR GRANDE,21397,4413,66
Salta,UNQUILLAL EMBARCADERO FCGB,21401,4413,66
Salta,VEGA DE ARIZARO,21406,4413,66
Salta,ALGARROBAL VIEJO,21499,4446,66
Salta,BAJO GRANDE DESVIO FCGB,21502,4444,66
Salta,CORRAL QUEMADO,21503,4446,66
Salta,EL VALLECITO,21504,4440,66
Salta,FOGUISTA J F JUAREZ,21506,4444,66
Salta,HOSTERIA JURAMENTO,21509,4440,66
Salta,LA COSTOSA,21511,4440,66
Salta,LOS BAÃ‘ADOS,21514,4440,66
Salta,PASO DE BALDERRAMA,21518,4440,66
Salta,PIQUETE DE ANTA,21519,4434,66
Salta,POBLACION,21520,4446,66
Salta,RIO PIEDRAS,21524,4434,66
Salta,SAN JAVIER,21527,4440,66
Salta,EL BORDO,21532,4432,66
Salta,MIRAFLORES M,21537,4444,66
Salta,AMAICHA,21553,4419,66
Salta,CHICOANA,21555,4419,66
Salta,COLOME,21557,4419,66
Salta,CUCHIYACO,21558,4419,66
Salta,EL CARMEN,21560,4419,66
Salta,GUALFIN,21561,4419,66
Salta,LA PUERTA,21563,4419,66
Salta,MONTE GRANDE,21564,4419,66
Salta,SAN MARTIN,21565,4419,66
Salta,ABRA GRANDE,21573,4530,66
Salta,COLONIA A,21574,4530,66
Salta,COLONIA AGRICOLA SAN AGUSTIN,21575,4530,66
Salta,COLONIA D,21576,4530,66
Salta,COLONIA SANTA MARIA,21577,4530,66
Salta,EL CARMEN,21578,4530,66
Salta,EL DESMONTE,21579,4538,66
Salta,EL QUEMADO,21580,4530,66
Salta,FINCA LA TOMA,21581,4538,66
Salta,FINCA MISION ZENTA,21582,4530,66
Salta,FORTIN BELGRANO,21583,4530,66
Salta,LA TOMA,21584,4530,66
Salta,LAS CORTADERAS,21585,4530,66
Salta,LAS MARAVILLAS,21586,4538,66
Salta,LOMAS DE OLMEDO,21587,4530,66
Salta,LOTE JOSEFINA,21588,4530,66
Salta,LOTE LUCRECIA,21589,4530,66
Salta,LOTE MARCELA,21590,4530,66
Salta,LOTE SARITA,21591,4530,66
Salta,MARIA JOSE,21592,4530,66
Salta,MARTINEZ DEL TINCO,21593,4537,66
Salta,MINAS YPF,21594,4530,66
Salta,POZO DE LA PIEDRA,21595,4530,66
Salta,POZO PRINGLES,21596,4530,66
Salta,PUESTO DE MOTIJO,21597,4530,66
Salta,QUEÃ‘UA,21598,4530,66
Salta,SAN IGNACIO DE LOYOLA,21600,4530,66
Salta,VADO HONDO,21601,4530,66
Salta,AGUA VERDE,21602,4561,66
Salta,BALBUENA,21603,4561,66
Salta,BUENA FE,21604,4561,66
Salta,CAMPO LARGO,21605,4554,66
Salta,CHIRETE,21606,4554,66
Salta,CIERVO CANSADO,21607,4535,66
Salta,COLONIA BUENAVENTURA,21608,4561,66
Salta,DOS YUCHANES,21610,4554,66
Salta,EL BREAL,21611,4535,66
Salta,EL COLGADO,21612,4430,66
Salta,EL ESPINILLO,21613,4430,66
Salta,EL MIRADOR,21614,4535,66
Salta,EL Ã‘ATO,21615,4561,66
Salta,EL PERTIGO,21616,4554,66
Salta,EL TALAR,21617,4554,66
Salta,EL TARTAGAL,21618,4554,66
Salta,EL YACON,21619,4535,66
Salta,EL ZAPALLO,21620,4534,66
Salta,LA CURVA,21621,4554,66
Salta,LA ENTRADA,21622,4554,66
Salta,LA ESPERANZA,21623,4535,66
Salta,LA MORA,21624,4554,66
Salta,LAS HORQUETAS,21625,4554,66
Salta,MADREJON,21626,4554,66
Salta,MISION SANTA LUCIA,21627,4561,66
Salta,MISIONES,21628,4554,66
Salta,PALO SANTO,21629,4554,66
Salta,PARAMAMAYA,21630,4430,66
Salta,PLUMA DEL PATO,21631,4554,66
Salta,POZO CERCADO,21632,3636,66
Salta,POZO DEL CHAÃ‘AR,21633,4554,66
Salta,POZO DEL CUICO,21634,4554,66
Salta,POZO DEL SAUCE,21635,4535,66
Salta,POZO EL ALGARROBO,21636,4430,66
Salta,POZO HONDO,21637,4554,66
Salta,PUERTO DE DIAZ,21638,4430,66
Salta,PUESTO DEL PAÃ‘UELO,21639,4554,66
Salta,SAN AGUSTIN,21640,4193,66
Salta,SAN MIGUEL,21641,4535,66
Salta,SANTA ROSA,21642,4535,66
Salta,SANTOS LUGARES,21643,4535,66
Salta,SARGENTO CRISTOBAL,21644,4430,66
Salta,TRES YUCHANES,21645,4430,66
Salta,VUELTA DE LAS TOBAS,21646,4554,66
Salta,SAN VICENTE,21647,4190,66
Salta,PALOMAR,21648,4190,66
Salta,PASO VERDE,21649,4198,66
Salta,POTRERO,21650,4195,66
Salta,ROSARIO FUNCA,21651,4190,66
Salta,SAN JUAN,21652,4193,66
Salta,LAS MOJARRITAS,21653,4195,66
Salta,LOS CANTEROS,21654,4195,66
Salta,SAN PEDRO DE LOS CORRALES,21655,4191,66
Salta,AGUAS CALIENTES,21656,4190,66
Salta,ALMIRANTE BROWN,21657,4193,66
Salta,ARENAL,21658,4198,66
Salta,ARJUNTAS,21659,4430,66
Salta,BAJADA,21660,4190,66
Salta,BAJADA DE GAVI,21661,4198,66
Salta,BAJADA GRANDE,21662,4198,66
Salta,BALBOA,21663,4193,66
Salta,BAÃ‘OS TERMALES,21664,4190,66
Salta,BELLA VISTA,21665,4193,66
Salta,CAMARA,21666,4198,66
Salta,CONDOR,21667,4193,66
Salta,COPO QUILE,21668,4193,66
Salta,COSME,21669,4190,66
Salta,DIAMANTE,21670,4198,66
Salta,DURAZNITO,21671,4190,66
Salta,EL BORDO,21672,4193,66
Salta,EL CONDOR,21673,4193,66
Salta,EL CORRAL VIEJO,21674,4198,66
Salta,EL MORANILLO,21675,4430,66
Salta,EL NARANJO,21676,4191,66
Salta,EL OJITO,21677,4198,66
Salta,EL PORTEZUELO,21678,4190,66
Salta,EL POTRERO,21679,4193,66
Salta,EL PUESTITO,21680,4198,66
Salta,EL QUEMADO,21681,4198,66
Salta,EL TANDIL,21682,4198,66
Salta,FEDERACION,21683,4198,66
Salta,FUERTE QUEMADO,21684,4430,66
Salta,HORCONES,21685,4198,66
Salta,LA BANDA,21686,4190,66
Salta,LA CIENAGA,21687,4193,66
Salta,LA HOYADA,21688,4198,66
Salta,LA MATILDE,21689,4190,66
Salta,LA PALATA,21690,4198,66
Salta,LA PLATA,21691,4198,66
Salta,LAS MOJARRAS,21692,4198,66
Salta,LAS PIEDRITAS,21693,4190,66
Salta,LAS VENTANAS,21694,4198,66
Salta,LOS BAÃ‘OS,21695,4193,66
Salta,LOS CHURQUIS,21696,4198,66
Salta,LOS ROSALES,21697,4193,66
Salta,LOS ZANJONES,21698,4198,66
Salta,MADARIAGA,21699,4193,66
Salta,MORENILLO,21700,4193,66
Salta,OJO DE AGUA,21701,4190,66
Salta,OVANDO,21702,4190,66
Salta,OVEJERIA,21703,4198,66
Salta,POTRERILLO,21704,4190,66
Salta,POZO VERDE,21705,4198,66
Salta,POZOS LARGOS,21706,4198,66
Salta,PUENTE DE PLATA,21707,4193,66
Salta,RIO URUEÃ‘A,21708,4193,66
Salta,SAN ESTEBAN,21709,4190,66
Salta,SAN FELIPE,21710,4198,66
Salta,SAN LORENZO HORCONES,21711,4198,66
Salta,SAN LUIS,21712,4193,66
Salta,SANTA ANA,21713,4430,66
Salta,SANTA CRUZ,21714,4430,66
Salta,SANTA ROSA,21715,4198,66
Salta,SIMBOL YACO,21716,4430,66
Salta,TAMAS CORTADAS,21717,4198,66
Salta,VAQUERIA,21718,4430,66
Salta,VIADUCTO EL MUÃ‘AL,21719,4190,66
Salta,VILLA AURELIA,21720,4190,66
Salta,LOS POCITOS,21721,4190,66
Salta,ALEJO DE ALBERRO,21730,4407,66
Salta,ALFARCITO,21731,4409,66
Salta,BALLENAL,21732,4405,66
Salta,CAMARA,21733,4405,66
Salta,CARABAJAL,21734,4405,66
Salta,CERRO BAYO,21735,4409,66
Salta,CERRO NEGRO,21736,4190,66
Salta,CHORRILLITOS,21737,4409,66
Salta,CHORRILLOS,21738,4409,66
Salta,DAMIAN M TORINO,21739,4409,66
Salta,DIEGO DE ALMAGRO,21740,4409,66
Salta,DOCTOR FACUNDO ZUVIRIA,21741,4421,66
Salta,EL ALFREDITO,21742,4409,66
Salta,EL ALISAL,21743,4409,66
Salta,EL CARMEN,21744,4405,66
Salta,EL CORRALITO,21745,4405,66
Salta,EL DORADO,21746,4405,66
Salta,EL ENCON,21747,4407,66
Salta,EL GOLGOTA,21748,4409,66
Salta,EL MANZANO,21749,4405,66
Salta,EL MOLLAR,21750,4405,66
Salta,EL PORVENIR,21751,4405,66
Salta,EL PUCARA,21752,4405,66
Salta,EL PUYIL,21753,4405,66
Salta,EL ROSAL,21754,4405,66
Salta,EL TIMBO,21755,4405,66
Salta,EL TORO,21756,4409,66
Salta,ELTUNAL,21757,4407,66
Salta,ENCRUCIJADA,21758,4409,66
Salta,ENCRUCIJADA DE TASTIL,21759,4409,66
Salta,GOBERNADOR MANUEL SOLA,21760,4409,66
Salta,GOBERNADOR SARAVIA,21761,4409,66
Salta,HUAICONDO,21762,4409,66
Salta,INCAHUASI,21763,4409,66
Salta,INCAMAYO,21764,4409,66
Salta,INGENIERO MAURY,21765,4409,66
Salta,KILOMETRO 1172,21766,4407,66
Salta,LA ESTELA,21767,4405,66
Salta,LAS ARCAS,21768,4407,66
Salta,LAS ARENAS,21769,4405,66
Salta,LAS CAPILLAS,21770,4409,66
Salta,LAS CEBADAS,21771,4409,66
Salta,LAS CUEVAS,21772,4409,66
Salta,LAS MESADAS,21773,4405,66
Salta,LAS ROSAS,21774,4405,66
Salta,MEDIA LUNA,21775,4405,66
Salta,MERCED DE ARRIBA,21776,4405,66
Salta,MESETA,21777,4409,66
Salta,MINA CAROLINA,21778,4409,66
Salta,PASCHA,21779,4405,66
Salta,PIE DE LA CUESTA,21780,4405,66
Salta,POTRERO DE LINARES,21781,4407,66
Salta,POTRERO DE URIBURU,21782,4407,66
Salta,PUERTA DE TASTIL,21783,4409,66
Salta,QUEBRADA DEL TORO,21784,4409,66
Salta,QUEBRADA MUÃ‘ANO,21785,4409,66
Salta,SANTA ROSA DE TASTIL,21786,4409,66
Salta,TACUARA,21787,4409,66
Salta,TORO,21788,4409,66
Salta,TRES CRUCES,21789,4409,66
Salta,VILLA SOLA,21790,4409,66
Salta,VIRREY TOLEDO,21791,4407,66
Salta,ANGOSTURA,21792,4415,66
Salta,ISONZA,21793,4427,66
Salta,LA CABAÃ‘A,21794,4427,66
Salta,LA MERCED,21795,4427,66
Salta,LAS VIÃ‘AS,21796,4427,66
Salta,MINA DON OTTO,21797,4425,66
Salta,PALO PINTADO,21798,4427,66
Salta,RUMIUARCO,21799,4427,66
Salta,ANGOSTURA,21800,4560,66
Salta,BARRIO SAN CAYETANO,21801,4400,66
Salta,CAPIAZUTTI,21802,4560,66
Salta,CARAPARI,21803,4560,66
Salta,COLONIA ZANJA DEL TIGRE,21804,4560,66
Salta,DIQUE ITIRUYO,21805,4568,66
Salta,EL CHORRO,21806,4560,66
Salta,EL CIENAGO,21807,4554,66
Salta,FRONTERA TRES,21808,4560,66
Salta,FRONTERA 4,21809,4560,66
Salta,FRONTERA 5,21810,4560,66
Salta,BARRIO LA LOMA,21811,4400,66
Salta,LA SOLEDAD,21812,4560,66
Salta,LOTE 27,21813,4560,66
Salta,MISION FRANCISCANA,21814,4560,66
Salta,PARAJE CAMPO LARGO,21815,4560,66
Salta,LA PORCELANA,21816,4560,66
Salta,POZO BERMEJO,21817,4560,66
Salta,PUERTO BAULES,21818,4552,66
Salta,RIO SECO,21819,4552,66
Salta,S JOLLIN,21820,4560,66
Salta,SAN LAURENCIO,21821,4560,66
Salta,TUYUNTI,21822,4560,66
Salta,VILLA GENERAL GUEMES,21823,4560,66
Salta,BARRIO SAN ANTONIO,21824,4560,66
Salta,YACAY,21825,4560,66
Salta,YACIMIENTO TONONO,21826,4560,66
Salta,ZANJA HONDA,21827,4560,66
Salta,ANGOSTO PESCADO,21828,4651,66
Salta,CAPILLA FUERTE,21830,4651,66
Salta,CONDADO,21831,4651,66
Salta,CUESTA AZUL,21832,4651,66
Salta,EL AGUILAR,21833,4651,66
Salta,HUERTA,21834,4651,66
Salta,LIPEO,21835,4651,66
Salta,MECOYITA,21836,4651,66
Salta,POSCAYA,21837,4651,66
Salta,PUNCO VISCANA,21838,4651,66
Salta,SAN MARCOS,21839,4651,66
Salta,SANTO DOMINGO SANTA VICTORIA,21840,4449,66
Salta,SOLEDANI,21841,4651,66
Salta,TRUSUCA,21842,4651,66
Salta,VISCACHANI,21843,4651,66
Salta,FUERTE ALTO,26295,4417,66
Salta,LAS ARCAS,26296,4417,66
Salta,LAS TRANCAS,26297,4417,66
Salta,BARRIO PARABOLICA,26299,4417,66
Salta,FINCA BELGRANO,26300,4415,66
Salta,OJO DE AGUA,26301,4415,66
Salta,TONCO,26302,4415,66
Salta,MISION FRANCISCANA,27528,4530,66
Salta,EL ALGARROBAL,27530,4448,66
Salta,RUMIHUASI,27532,4419,66
Salta,FINCA LA CHINA,27534,4434,66
Salta,EL ESPINAL,27806,4126,66
Salta,LA MESADA GRANDE,27807,4633,66
Salta,LA MESADA CHICA,27808,4633,66
Salta,LAS VERTIENTES,27809,4561,66
Salta,SAN BERNARDO DE LAS ZORRAS,27810,4409,66
Salta,ABRA DE ARAGUYOC,27811,4633,66
Salta,LA MERCED,27861,4421,66
Salta,VILLA SAN LORENZO,27912,4401,66
