San Luis,AGUA HEDIONDA,14661,5705,74
San Luis,AGUADITA,14662,5719,74
San Luis,ALGARROBAL,14663,5707,74
San Luis,ARBOL VERDE,14664,5715,74
San Luis,BAJADA,14665,5711,74
San Luis,BALDE AHUMADA,14666,5713,74
San Luis,BALDE DE ARRIBA,14667,5707,74
San Luis,BALDE DE AZCURRA,14668,5707,74
San Luis,BALDE DE GARCIA,14669,5715,74
San Luis,BALDE DE GUARDIA,14670,5713,74
San Luis,BALDE DE LEDESMA,14671,5715,74
San Luis,BALDE DE MONTE,14672,5715,74
San Luis,BALDE DE PUERTAS,14673,5707,74
San Luis,BALDE DE QUINES,14674,5715,74
San Luis,BALDE DE TORRES,14675,5713,74
San Luis,BALDE EL CARRIL,14676,5713,74
San Luis,BALDE HONDO,14677,5705,74
San Luis,BALDE RETAMO,14678,5711,74
San Luis,BALDE VIEJO,14679,5711,74
San Luis,BALDECITO,14680,5713,74
San Luis,BALDECITO LA PAMPA,14681,5707,74
San Luis,BAÃ‘ADO,14682,5707,74
San Luis,BAÃ‘ADO LINDO,14683,5705,74
San Luis,BANDA SUD,14684,5705,74
San Luis,BAÃ‘OS ZAPALLAR,14685,5711,74
San Luis,BARRIALES,14686,5707,74
San Luis,BARZOLA,14687,5707,74
San Luis,BELLA VISTA,14688,5705,74
San Luis,BOTIJAS,14689,5707,74
San Luis,CAMPANARIO,14690,5705,74
San Luis,CAÃ‘ADA ANGOSTA,14691,5703,74
San Luis,CAÃ‘ADA QUEMADA,14692,5709,74
San Luis,CANDELARIA,14693,5713,74
San Luis,CANTANTAL,14694,5707,74
San Luis,CARMELO,14695,5707,74
San Luis,CEBOLLAR,14696,5709,74
San Luis,CERRO BAYO,14697,5707,74
San Luis,CERRO NEGRO,14698,5707,74
San Luis,CHIMBAS,14699,5707,74
San Luis,CHIMBORAZO,14700,5707,74
San Luis,CONSULTA,14701,5709,74
San Luis,CORRAL DE PIEDRA,14702,5709,74
San Luis,EL ALTO,14703,5715,74
San Luis,EL BAÃ‘ADO,14704,5711,74
San Luis,EL CADILLO,14705,5713,74
San Luis,EL CALDEN,14706,5711,74
San Luis,EL CARMEN,14707,5719,74
San Luis,EL CHAÃ‘AR,14708,5711,74
San Luis,EL ESPINILLO,14709,5703,74
San Luis,EL HORMIGUERO,14710,5713,74
San Luis,EL INJERTO,14711,5711,74
San Luis,EL MANANTIAL,14712,5709,74
San Luis,EL MOLINO,14713,5709,74
San Luis,EL MOLLAR,14714,5713,74
San Luis,EL MOLLARCITO,14715,5707,74
San Luis,EL PAYERO,14716,5707,74
San Luis,EL PIMPOLLO,14717,5717,74
San Luis,EL POTRERILLO,14718,5711,74
San Luis,EL POTRERO DE LEYES,14719,5703,74
San Luis,EL PUESTITO,14720,5713,74
San Luis,EL PUESTO,14721,5711,74
San Luis,EL RINCON,14722,5707,74
San Luis,EL SEMBRADO,14723,5713,74
San Luis,EL VERANO,14724,5707,74
San Luis,EL ZAPALLAR,14725,5711,74
San Luis,ENTRE RIOS,14726,5711,74
San Luis,LA AGUADA,14727,5711,74
San Luis,LA BAJADA,14728,5713,74
San Luis,LA BAVA,14729,5705,74
San Luis,LA BREA,14730,5711,74
San Luis,LA COLONIA,14731,5713,74
San Luis,LA ESQUINA,14732,5709,74
San Luis,LA FLORIDA,14733,5711,74
San Luis,LA LEGUA,14734,5709,74
San Luis,LA MAJADA,14735,5703,74
San Luis,LA MEDULA,14736,5713,74
San Luis,LA MODERNA,14737,5713,74
San Luis,LA PATRIA,14738,5707,74
San Luis,LA PLATA,14739,5713,74
San Luis,LA PORFIA,14740,5705,74
San Luis,LA PRIMAVERA,14741,5719,74
San Luis,LA RAMADA,14742,5713,74
San Luis,LA REPRESITA,14743,5705,74
San Luis,LA RESISTENCIA,14744,5713,74
San Luis,LA SALVADORA,14745,5707,74
San Luis,LA SIRENA,14746,5713,74
San Luis,LA TRANCA,14747,5421,74
San Luis,LA TUSCA,14748,5713,74
San Luis,LA VERTIENTE,14749,5711,74
San Luis,LAS BAJADAS,14750,5713,74
San Luis,LAS CHIMBAS,14751,5713,74
San Luis,LAS LAGUNAS,14752,5719,74
San Luis,LAS LAGUNITAS,14753,5707,74
San Luis,LAS MESIAS,14754,5707,74
San Luis,LAS PALOMAS,14755,5715,74
San Luis,LAS PAMPITAS,14756,5707,74
San Luis,LAS PLAYAS ARGENTINAS,14757,5713,74
San Luis,LAS PUERTAS,14758,5711,74
San Luis,LAS SALINAS,14759,5705,74
San Luis,LEANDRO N ALEM,14760,5703,74
San Luis,LINDO,14761,5707,74
San Luis,LOMAS BLANCAS,14762,5731,74
San Luis,LOS ALMACIGOS,14763,5707,74
San Luis,LOS ARCES,14764,5713,74
San Luis,LOS CERRILLOS,14765,5715,74
San Luis,LOS MENDOCINOS,14766,5707,74
San Luis,LOS PEJES,14767,5709,74
San Luis,LUJAN,14768,5709,74
San Luis,MANANTIAL,14769,5709,74
San Luis,MARAVILLA,14770,5705,74
San Luis,MEDANO BELLO,14771,5713,74
San Luis,MONTE CARMELO,14772,5707,74
San Luis,MONTE VERDE,14773,5719,74
San Luis,PAMPA GRANDE,14774,5707,74
San Luis,PAMPA INVERNADA,14775,5705,74
San Luis,PASO DE PIEDRA,14776,5707,74
San Luis,PASTAL,14777,5707,74
San Luis,PATIO LIMPIO,14778,5713,74
San Luis,PEÃ‘ON COLORADO,14779,5707,74
San Luis,PIE DE LA CUESTA,14780,5711,74
San Luis,POZO CAVADO,14781,5705,74
San Luis,POZO DE LOS RAYOS,14782,5705,74
San Luis,POZO DEL MOLLE,14783,5707,74
San Luis,PUERTO RICO,14784,5705,74
San Luis,PUESTO DE TABARES,14785,5711,74
San Luis,PUESTO PAMPA INVERNADA,14786,5705,74
San Luis,PUESTO QUEBRADA CAL,14787,5705,74
San Luis,PUESTO ROBERTO,14788,5713,74
San Luis,PUESTO TALAR,14789,5711,74
San Luis,QUEBRACHITO,14790,5713,74
San Luis,QUINES,14791,5711,74
San Luis,RAMADITA,14792,5705,74
San Luis,RAMBLONES,14793,5705,74
San Luis,RIO JUAN GOMEZ,14794,5705,74
San Luis,RODEO CADENAS,14795,5705,74
San Luis,SALINAS,14796,5713,74
San Luis,SAN CELESTINO,14797,5713,74
San Luis,SAN FRANCISCO DEL MONTE DE ORO,14798,5705,74
San Luis,SAN MARTIN,14799,5713,74
San Luis,SAN MIGUEL,14800,5711,74
San Luis,SAN PEDRO,14801,5713,74
San Luis,SAN ROQUE,14802,5703,74
San Luis,SAN RUFINO,14803,5707,74
San Luis,SAN SALVADOR,14804,5707,74
San Luis,SANTA ANA QUINES,14805,5711,74
San Luis,SANTA ANA,14806,5719,74
San Luis,SANTA CLARA,14807,5711,74
San Luis,SANTA MARIA,14808,5719,74
San Luis,SANTA RUFINA,14809,5709,74
San Luis,SANTA TERESITA,14810,5709,74
San Luis,SANTO DOMINGO,14811,5707,74
San Luis,6 DE septiembre,14812,5703,74
San Luis,SOCOSCORA,14813,5705,74
San Luis,TEMERARIA,14815,5707,74
San Luis,TINTITACO,14816,5705,74
San Luis,TRES CAÃ‘ADAS,14817,5713,74
San Luis,VISTA ALEGRE,14818,5707,74
San Luis,EL ZAMPAL,14819,5707,74
San Luis,AGUA AMARGA,14820,5719,74
San Luis,ALAZANAS,14821,5719,74
San Luis,ALGARROBOS GRANDES,14822,5719,74
San Luis,ALTA GRACIA,14823,5703,74
San Luis,ALTILLO,14824,5719,74
San Luis,ALTO,14825,5703,74
San Luis,ARBOL SOLO,14826,5703,74
San Luis,BAJO DE LA CRUZ,14827,5719,74
San Luis,BEBIDA,14828,5719,74
San Luis,BELLA ESTANCIA,14829,5719,74
San Luis,CAÃ‘ADA DE VILAN,14830,5719,74
San Luis,DIVISADERO,14831,5703,74
San Luis,EL BAGUAL,14832,5703,74
San Luis,EL BALDE,14833,5703,74
San Luis,EL JARILLAL,14834,5719,74
San Luis,EL PARAISO,14835,5703,74
San Luis,EL PEDERNAL,14836,5719,74
San Luis,EL RAMBLON,14837,5719,74
San Luis,EL SALTO,14838,5703,74
San Luis,EL VALLE,14839,5719,74
San Luis,ESPINILLO,14840,5703,74
San Luis,ESTANCIA SAN ROQUE,14841,5719,74
San Luis,GIGANTE,14842,5719,74
San Luis,HIPOLITO YRIGOYEN,14843,5703,74
San Luis,HUALTARAN,14844,5719,74
San Luis,LA AGUADA,14845,5719,74
San Luis,LA ALAMEDA,14846,5719,74
San Luis,LA CALERA,14847,5719,74
San Luis,LA CHILCA,14848,5703,74
San Luis,LA CORINA,14849,5703,74
San Luis,LA DUDA,14850,5703,74
San Luis,LA EMPAJADA,14851,5719,74
San Luis,LA ESCONDIDA,14852,5703,74
San Luis,LA ESPERANZA,14853,5703,74
San Luis,LA ESTRELLA,14854,5719,74
San Luis,LA EULOGIA,14855,5703,74
San Luis,LA FLORIDA,14856,5719,74
San Luis,LA GARZA,14857,5703,74
San Luis,LA JOSEFA,14858,5719,74
San Luis,LA JULIA,14859,5703,74
San Luis,LA SANDIA,14860,5703,74
San Luis,LA SERRANA,14861,5703,74
San Luis,LA UNION,14862,5703,74
San Luis,LA YESERA,14863,5719,74
San Luis,LAS CARITAS,14864,5703,74
San Luis,LAS GALERAS,14865,5719,74
San Luis,LAS LOMAS,14866,5703,74
San Luis,LONGARI,14867,5703,74
San Luis,LOS AGUADOS,14868,5719,74
San Luis,LOS ALGARROBOS,14869,5703,74
San Luis,LOS ARADITOS,14870,5719,74
San Luis,LOS CERRITOS,14871,5719,74
San Luis,LOS CHAÃ‘ARES,14872,5703,74
San Luis,LOS CHANCAROS,14873,5719,74
San Luis,LOS MOLLES,14874,5703,74
San Luis,LOS RAMBLONES,14875,5703,74
San Luis,LOS TALAS,14876,5719,74
San Luis,LOS TELARIOS,14877,5719,74
San Luis,MANANTIALES,14878,5703,74
San Luis,PALIGUANTA,14879,5703,74
San Luis,PARAISO,14880,5703,74
San Luis,PORTEZUELO,14881,5719,74
San Luis,POZO DEL ESPINILLO,14882,5703,74
San Luis,POZO DEL TALA,14883,5703,74
San Luis,PUNTA DE LA SIERRA,14884,5719,74
San Luis,RECREO,14885,5719,74
San Luis,REPRESA DEL CARMEN,14886,5719,74
San Luis,RETAMO,14887,5703,74
San Luis,ROMANCE,14888,5719,74
San Luis,RUMIGUASI,14889,5703,74
San Luis,SAN AGUSTIN,14890,5719,74
San Luis,SAN ANTONIO,14891,5719,74
San Luis,SAN ISIDRO,14892,5719,74
San Luis,SAN JOSE,14893,5703,74
San Luis,SAN PEDRO,14894,5719,74
San Luis,SANTA ROSA DEL GIGANTE,14896,5719,74
San Luis,TAZA BLANCA,14897,5703,74
San Luis,TORO NEGRO,14898,5703,74
San Luis,TRES LOMAS,14899,5719,74
San Luis,TRES PUERTAS,14900,5719,74
San Luis,VILLA DE LA QUEBRADA,14901,5703,74
San Luis,VILLA GENERAL ROCA,14902,5703,74
San Luis,VIZCACHERAS,14903,5703,74
San Luis,ALTO LINDO,14904,5883,74
San Luis,BALCARCE,14905,5883,74
San Luis,BELLA VISTA,14906,5835,74
San Luis,CALERA ARGENTINA,14907,5759,74
San Luis,CALERAS CAÃ‘ADA GRANDE,14908,5759,74
San Luis,CHACRAS VIEJAS,14909,5770,74
San Luis,CHAÃ‘AR DE LA LEGUA,14910,5773,74
San Luis,CHAÃ‘ARITOS,14911,5883,74
San Luis,CHILCAS,14912,5777,74
San Luis,CONCARAN,14913,5770,74
San Luis,CONLARA,14914,5759,74
San Luis,CORRAL DE TORRES,14915,5777,74
San Luis,CORTADERAS,14916,5883,74
San Luis,DOMINGUEZ,14917,5835,74
San Luis,DURAZNITO,14918,5777,74
San Luis,EL ARROYO,14919,5770,74
San Luis,EL BAÃ‘ADO,14920,5770,74
San Luis,EL CALDEN,14921,5770,74
San Luis,EL CAVADO,14922,5770,74
San Luis,EL CERRO,14923,5770,74
San Luis,EL POLEO,14924,5770,74
San Luis,EL PUESTO,14925,5759,74
San Luis,EL RECUERDO,14926,5883,74
San Luis,EL SAUCE,14927,5831,74
San Luis,EL SAUCE,14928,5770,74
San Luis,EL SOCORRO,14929,5770,74
San Luis,EL TALA,14930,5835,74
San Luis,EL TOTORAL,14931,5773,74
San Luis,ESTANCIA,14932,5883,74
San Luis,ESTANZUELA,14933,5831,74
San Luis,FENOGLIO,14934,5770,74
San Luis,HUCHISSON,14935,5759,74
San Luis,LA ARGENTINA,14936,5835,74
San Luis,LA AURORA,14937,5835,74
San Luis,LA CRISTINA,14938,5773,74
San Luis,LA ELVIRA,14939,5773,74
San Luis,LA ESTANZUELA,14940,5773,74
San Luis,LA GRAMILLA,14941,5770,74
San Luis,LA RIOJITA,14942,5773,74
San Luis,LA SUIZA,14943,5759,74
San Luis,LAS CANTERAS,14944,5759,74
San Luis,LAS NIEVES,14945,5770,74
San Luis,LOS CHAÃ‘ARES,14946,5835,74
San Luis,LOS COMEDORES,14947,5770,74
San Luis,LOS CORRALITOS,14948,5759,74
San Luis,LOS CUADROS,14949,5835,74
San Luis,LOS ESPINILLOS,14950,5883,74
San Luis,LOS MANANTIALES,14951,5773,74
San Luis,LOS MOLLECITOS,14952,5759,74
San Luis,LOS PUESTOS,14953,5770,74
San Luis,LOS QUEBRACHOS,14954,5770,74
San Luis,LOS SAUCES,14955,5775,74
San Luis,MANANTIAL DE FLORES,14956,5775,74
San Luis,MANANTIAL DE RENCA,14957,5759,74
San Luis,MINA LOS CONDORES,14958,5770,74
San Luis,NASCHEL,14959,5759,74
San Luis,OTRA BANDA,14960,5773,74
San Luis,PAPAGAYOS,14961,5883,74
San Luis,PASO DE LOS ALGARROBOS,14962,5773,74
San Luis,PIEDRAS CHATAS,14963,5759,74
San Luis,PIQUILLINES,14964,5835,74
San Luis,PORVENIR,14965,5835,74
San Luis,PUENTE HIERRO,14966,5773,74
San Luis,PUNTA DE LA LOMA,14967,5773,74
San Luis,PUNTA DEL ALTO,14968,5773,74
San Luis,RENCA,14969,5775,74
San Luis,RETAZO DEL MONTE,14970,5759,74
San Luis,RIOJITA,14971,5773,74
San Luis,SAN FELIPE,14972,5759,74
San Luis,SAN PABLO,14973,5773,74
San Luis,SAN VICENTE,14974,5770,74
San Luis,SANTA MARTINA,14975,5770,74
San Luis,SANTA SIMONA,14976,5770,74
San Luis,SELCI,14977,5773,74
San Luis,TILISARAO,14978,5773,74
San Luis,TOIGUS,14979,5831,74
San Luis,USPARA,14980,5835,74
San Luis,VILLA DEL CARMEN,14981,5835,74
San Luis,VILLA DOLORES,14982,5770,74
San Luis,VILLA ELENA,14983,5883,74
San Luis,VILLA LARCA,14984,5883,74
San Luis,VOLCAN ESTANZUELA,14985,5835,74
San Luis,AGUA SALADA,14986,5751,74
San Luis,ANTIHUASI,14987,5701,74
San Luis,ARENILLA,14988,5701,74
San Luis,BALDE DE LA ISLA,14989,5701,74
San Luis,BUENA VENTURA,14990,5701,74
San Luis,BUENA VISTA,14991,5701,74
San Luis,CAÃ‘ADA DEL PASTO,14992,5750,74
San Luis,CAÃ‘ADA HONDA,14993,5701,74
San Luis,CAÃ‘ADA HONDA DE GUZMAN,14994,5701,74
San Luis,CANTERAS SANTA ISABEL,14995,5750,74
San Luis,CAROLINA,14996,5701,74
San Luis,CASA DE PIEDRA,14997,5701,74
San Luis,CASAS VIEJAS,14998,5750,74
San Luis,CERRO BLANCO,14999,5701,74
San Luis,CERRO DE LA PILA,15000,5750,74
San Luis,CERRO DE PIEDRA,15001,5701,74
San Luis,CERRO VERDE,15002,5750,74
San Luis,CERROS LARGOS,15003,5701,74
San Luis,CHIPICAL,15004,5701,74
San Luis,COMANDANTE GRANVILLE,15005,5736,74
San Luis,CRUZ DE CAÃ‘A,15006,5701,74
San Luis,CRUZ DE PIEDRA,15007,5701,74
San Luis,EL VALLE,15008,5701,74
San Luis,EL AMPARO,15009,5701,74
San Luis,EL ARENAL,15010,5701,74
San Luis,EL BLANCO,15011,5750,74
San Luis,EL CHAÃ‘AR,15012,5751,74
San Luis,EL DURAZNO,15013,5701,74
San Luis,EL PORTEZUELO,15014,5750,74
San Luis,EL POZO,15015,5750,74
San Luis,EL ROSARIO,15016,5750,74
San Luis,EL TALITA,15017,5751,74
San Luis,ELEODORO LOBOS,15018,5722,74
San Luis,EMBALSE LA FLORIDA,15019,5701,74
San Luis,ESTABLECIMIENTO LAS FLORES,15020,5750,74
San Luis,ESTANCIA GRANDE,15021,5701,74
San Luis,FRAGA,15022,5736,74
San Luis,GRUTA DE INTIHUASI,15023,5701,74
San Luis,HINOJITO,15024,5701,74
San Luis,INTIHUASI,15025,5701,74
San Luis,ISLA,15026,5701,74
San Luis,LA AGUADA,15027,5750,74
San Luis,LA ALAMEDA,15028,5750,74
San Luis,LA ALIANZA,15029,5701,74
San Luis,LA ARBOLEDA,15030,5751,74
San Luis,LA BAJADA,15031,5701,74
San Luis,LA CALAGUALA,15032,5701,74
San Luis,LA CAÃ‘ADA,15033,5750,74
San Luis,LA CAUTIVA,15034,5736,74
San Luis,LA FLORIDA,15035,5701,74
San Luis,LA FRAGUA,15036,5750,74
San Luis,LA HIGUERITA,15037,5701,74
San Luis,LA JUSTA,15038,5750,74
San Luis,LA PETRA,15039,5751,74
San Luis,LA RINCONADA,15040,5750,74
San Luis,LA TOMA,15041,5750,74
San Luis,LA TOTORA,15042,5751,74
San Luis,LAGUNA BRAVA,15043,5701,74
San Luis,LAS BARRANQUITAS,15044,5701,74
San Luis,LAS DELICIAS,15045,5750,74
San Luis,LAS FLORES,15046,5750,74
San Luis,LAS PEÃ‘AS,15047,5750,74
San Luis,LAS ROSAS,15048,5750,74
San Luis,LOS ARROYOS,15049,5701,74
San Luis,LOS CARRICITOS,15050,5701,74
San Luis,LOS MEDANITOS,15051,5751,74
San Luis,LOS MEMBRILLOS,15052,5751,74
San Luis,LOS MONTES,15053,5701,74
San Luis,LOS PASITOS,15054,5701,74
San Luis,LOS TAPIALES,15055,5701,74
San Luis,MANANTIAL GRANDE,15056,5751,74
San Luis,MARAY,15057,5701,74
San Luis,MARMOL VERDE,15058,5701,74
San Luis,MEDANOS,15059,5736,74
San Luis,MINA SANTO DOMINGO,15060,5701,74
San Luis,MONTE CHIQUITO,15061,5701,74
San Luis,OJO DE AGUA,15062,5701,74
San Luis,11 DE mayo,15063,5701,74
San Luis,PAMPA DEL TAMBORERO,15064,5701,74
San Luis,PAMPITA,15065,5701,74
San Luis,PANTANILLOS,15066,5701,74
San Luis,PASO DE CUERO,15067,5701,74
San Luis,PASO DE LAS CARRETAS,15068,5736,74
San Luis,PASO DEL REY,15069,5701,74
San Luis,PASO JUAN GOMEZ,15070,5701,74
San Luis,QUEBRADA DE LA BURRA,15071,5701,74
San Luis,QUEBRADA HONDA,15072,5750,74
San Luis,RIO GRANDE,15073,5701,74
San Luis,SALADILLO,15074,5751,74
San Luis,SALADO,15075,5755,74
San Luis,SAN ANTONIO,15076,5750,74
San Luis,SAN GREGORIO,15077,5751,74
San Luis,SAN IGNACIO,15078,5736,74
San Luis,SAN JOSE DE LOS CHAÃ‘ARES,15079,5701,74
San Luis,SAN MIGUEL,15080,5701,74
San Luis,SANTA ISABEL,15082,5750,74
San Luis,SAUCESITO,15083,5701,74
San Luis,SOLOBASTA,15084,5701,74
San Luis,TOTORAL,15085,5701,74
San Luis,TOTORILLA,15086,5771,74
San Luis,EL TRAPICHE,15087,5701,74
San Luis,VALLE DE LA PANCANTA,15088,5701,74
San Luis,VALLECITO,15089,5701,74
San Luis,VIRARCO,15090,5701,74
San Luis,VISTA HERMOSA,15091,5730,74
San Luis,YACORO,15092,5750,74
San Luis,ALEGRIA,15093,6389,74
San Luis,ANCHORENA,15094,6389,74
San Luis,ARIZONA,15095,6389,74
San Luis,BAGUAL,15096,6216,74
San Luis,BAJADA NUEVA,15097,6216,74
San Luis,BATAVIA,15098,6279,74
San Luis,BILLIKEN,15099,6216,74
San Luis,BUENA ESPERANZA,15100,6277,74
San Luis,CASIMIRO GOMEZ,15101,6214,74
San Luis,COCHENELOS,15102,6277,74
San Luis,COCHEQUINGAN,15103,6216,74
San Luis,COLONIA CALZADA,15104,6279,74
San Luis,COLONIA EL CAMPAMENTO,15105,6216,74
San Luis,COLONIA LA FLORIDA,15106,6216,74
San Luis,COLONIA URDANIZ,15107,6216,74
San Luis,CORONEL SEGOVIA,15108,6279,74
San Luis,EL AGUILA,15109,6279,74
San Luis,EL CAMPAMENTO,15110,6216,74
San Luis,EL CINCO,15111,6216,74
San Luis,EL MARTILLO,15113,6216,74
San Luis,EL OASIS,15114,6277,74
San Luis,EL PICHE,15115,6279,74
San Luis,EL PORVENIR,15116,6216,74
San Luis,EL QUINGUAL,15117,6277,74
San Luis,EL RODEO,15119,6389,74
San Luis,EL TORO MUERTO,15120,6216,74
San Luis,EL VERANO,15121,6277,74
San Luis,EL YACATAN,15122,6279,74
San Luis,ESTANCIA 30 DE OCTUBRE,15123,6279,74
San Luis,ESTANCIA DON ARTURO,15124,6279,74
San Luis,FORTIN EL PATRIA,15125,6279,74
San Luis,FORTUNA,15126,6216,74
San Luis,FRISIA,15127,6277,74
San Luis,GLORIA A DIOS,15128,6279,74
San Luis,LA ALCORTEÃ‘A,15129,6216,74
San Luis,LA AMALIA,15130,6279,74
San Luis,LA AROMA,15131,6279,74
San Luis,LA AURORA,15132,6216,74
San Luis,LA BAVARIA,15133,6279,74
San Luis,LA BOLIVIA,15134,6279,74
San Luis,LA CALDERA,15135,6216,74
San Luis,LA COLINA,15136,6269,74
San Luis,LA CORA,15137,6279,74
San Luis,LA DONOSTIA,15138,6216,74
San Luis,LA DULCE,15139,6277,74
San Luis,LA ELENA,15140,6216,74
San Luis,LA ELENITA,15141,6216,74
San Luis,LA EMMA,15142,6216,74
San Luis,LA ERNESTINA,15143,6216,74
San Luis,LA ESCONDIDA,15144,6216,74
San Luis,LA ESMERALDA,15145,6277,74
San Luis,LA ESPERANZA,15146,6279,74
San Luis,LA ESTRELLA,15147,6216,74
San Luis,LA ETHEL,15148,6277,74
San Luis,LA FELISA,15149,6279,74
San Luis,LA FLORIDA,15150,6216,74
San Luis,LA GAVIOTA,15151,6216,74
San Luis,LA GERMANIA,15152,6279,74
San Luis,LA GITANA,15153,6216,74
San Luis,LA HOLANDA,15154,6216,74
San Luis,LA HORTENSIA,15155,6279,74
San Luis,LA INVERNADA,15156,6277,74
San Luis,LA ISLA,15157,6279,74
San Luis,LA JOSEFA,15158,6216,74
San Luis,LA JUANA,15159,6279,74
San Luis,LA JUANITA,15160,6216,74
San Luis,LA LAURA,15161,6279,74
San Luis,LA LINDA,15162,6216,74
San Luis,LA LUISA,15163,6279,74
San Luis,LA MARAVILLA,15164,6216,74
San Luis,LA MARGARITA,15165,6216,74
San Luis,LA MARGARITA CARLOTA,15166,6216,74
San Luis,LA MARIA ESTHER,15167,6279,74
San Luis,LA MARIA LUISA,15168,6277,74
San Luis,LA MAROMA,15169,6216,74
San Luis,LA MASCOTA,15170,6216,74
San Luis,LA MEDIA LEGUA,15171,6216,74
San Luis,LA MELINA,15172,6216,74
San Luis,LA NUTRIA,15173,6279,74
San Luis,LA REINA,15174,6279,74
San Luis,LA RESERVA,15176,6279,74
San Luis,LA ROSALIA,15177,6279,74
San Luis,LA ROSINA,15178,6277,74
San Luis,LA SEGUNDA,15179,6277,74
San Luis,LA TIGRA,15180,6216,74
San Luis,LA TRAVESIA,15181,6389,74
San Luis,LA URUGUAYA,15182,6216,74
San Luis,LA VACA,15183,6389,74
San Luis,LA VERDE,15184,6389,74
San Luis,LAS AROMAS,15185,6277,74
San Luis,LAS CORTADERAS,15186,6216,74
San Luis,LAS GITANAS,15187,6216,74
San Luis,LAS LAGUNAS,15188,6216,74
San Luis,LAS MARTINETAS,15189,6216,74
San Luis,LAS MESTIZAS,15190,6277,74
San Luis,LAURA ELISA,15191,6279,74
San Luis,LOS BARRIALES,15192,6216,74
San Luis,LOS CHAÃ‘ARES,15193,6279,74
San Luis,LOS DOS RIOS,15194,6216,74
San Luis,LOS DURAZNOS,15195,6216,74
San Luis,LOS HUAYCOS,15196,6279,74
San Luis,LOS LOBOS,15197,6216,74
San Luis,LOS OSCUROS,15198,6277,74
San Luis,LOS VALLES,15199,6279,74
San Luis,MACHAO,15200,6277,74
San Luis,MARTIN DE LOYOLA,15201,6279,74
San Luis,MILAGRO,15202,6216,74
San Luis,MONTE COCHEQUINGAN,15203,6216,74
San Luis,NAHUEL MAPA,15204,6279,74
San Luis,NAVIA,15205,6279,74
San Luis,NILINAST,15206,6277,74
San Luis,NUEVA ESPERANZA,15207,6279,74
San Luis,NUEVA GALIA,15208,6216,74
San Luis,Ã‘URILAY,15209,6279,74
San Luis,PASO DE LOS GAUCHOS,15210,6216,74
San Luis,PENICE,15211,6279,74
San Luis,PLACILLA,15212,6277,74
San Luis,POLLEDO,15213,6216,74
San Luis,RANQUELCO,15214,6216,74
San Luis,ROSALES,15215,6216,74
San Luis,SAN ANTONIO,15216,6279,74
San Luis,SAN CARLOS,15217,6389,74
San Luis,SAN ISIDRO,15218,6279,74
San Luis,SAN JORGE,15219,6216,74
San Luis,SAN JOSE,15220,6279,74
San Luis,SAN JUAN,15221,6277,74
San Luis,SANTA CECILIA,15222,6279,74
San Luis,SANTA LUCIA,15223,6216,74
San Luis,SANTA MARIA,15224,6279,74
San Luis,SANTA TERESA,15225,6216,74
San Luis,SANTO DOMINGO,15226,6216,74
San Luis,TOINGUA,15227,6216,74
San Luis,TORO BAYO,15228,6279,74
San Luis,UCHAIMA,15229,6279,74
San Luis,UNION,15230,6216,74
San Luis,VALLE HERMOSO,15231,6279,74
San Luis,VIVA LA PATRIA,15232,6279,74
San Luis,AGUA FRIA,15233,5831,74
San Luis,ALFALAND,15234,5731,74
San Luis,ALTO VERDE,15235,5741,74
San Luis,AVANZADA,15236,5738,74
San Luis,AVIADOR ORIGONE,15237,5741,74
San Luis,BOCA DEL RIO,15238,5831,74
San Luis,CALDENADAS,15239,5738,74
San Luis,CENTENARIO,15240,6279,74
San Luis,CERRO BLANCO,15241,5731,74
San Luis,CERRO NEGRO,15242,5731,74
San Luis,CHALANTA,15243,5721,74
San Luis,CHANCARITA,15244,5831,74
San Luis,COLONIA BELLA VISTA,15245,5735,74
San Luis,COLONIA LUNA,15246,5738,74
San Luis,CORONEL ALZOGARAY,15247,5730,74
San Luis,CRAMER,15248,5733,74
San Luis,CIUDAD JARDIN DE SAN LUIS,15249,5730,74
San Luis,EL CARMEN,15250,5738,74
San Luis,EL CHAÃ‘AR,15251,5730,74
San Luis,EL DIQUE,15252,5730,74
San Luis,EL FORTIN,15253,5730,74
San Luis,EL MANGRULLO,15254,5738,74
San Luis,EL MORRO,15255,5731,74
San Luis,EL NASAO,15256,5738,74
San Luis,EL PASAJERO,15257,5731,74
San Luis,EL PLATEADO,15258,5731,74
San Luis,EL SARCO,15259,5731,74
San Luis,EL TALITA,15260,5831,74
San Luis,GENERAL PEDERNERA,15261,5738,74
San Luis,GUANACO,15262,5759,74
San Luis,ISONDU,15263,5735,74
San Luis,JUAN JORBA,15264,5731,74
San Luis,JUAN LLERENA,15265,5735,74
San Luis,JUSTO DARACT,15266,5738,74
San Luis,KILOMETRO 656,15267,5738,74
San Luis,LA AGUADA,15268,5831,74
San Luis,LA ANGELINA,15269,5731,74
San Luis,LA BERTITA,15270,5731,74
San Luis,LA CAÃ‘ADA,15271,5831,74
San Luis,LA CARMEN,15272,5738,74
San Luis,LA ELIDA,15273,5738,74
San Luis,LA EMILIA,15274,5721,74
San Luis,LA GAMA,15275,5731,74
San Luis,LA GARRAPATA,15276,5738,74
San Luis,LA GUARDIA,15277,5759,74
San Luis,LA HERMOSURA,15278,5831,74
San Luis,LA IBERIA,15279,5731,74
San Luis,LA JAVIERA,15280,5731,74
San Luis,LA MAGDALENA,15281,5738,74
San Luis,LA MASCOTA,15282,5738,74
San Luis,LA NEGRA,15283,5730,74
San Luis,LA NEGRITA,15284,5731,74
San Luis,LA PORTADA,15285,5731,74
San Luis,LA ROSADA,15286,5831,74
San Luis,LA TULA,15287,5738,74
San Luis,LA VENECIA,15288,5735,74
San Luis,LAS CAROLINAS,15289,5731,74
San Luis,LAS ENCADENADAS,15290,5738,74
San Luis,LAS MELADAS,15291,5738,74
San Luis,LAS PALMAS,15292,5730,74
San Luis,LAS PRADERAS,15293,5731,74
San Luis,LAS TOTORITAS,15294,5738,74
San Luis,LAVAISSE,15295,5730,74
San Luis,LIBORIO LUNA,15296,5730,74
San Luis,LOS ALAMOS,15297,5831,74
San Luis,LOS CESARES,15298,5738,74
San Luis,LOS CISNES,15299,5731,74
San Luis,LOS ESQUINEROS,15300,5738,74
San Luis,LOS MEDANOS,15301,5738,74
San Luis,LOS POZOS,15302,5738,74
San Luis,MARLITO,15303,5730,74
San Luis,VILLA MERCEDES,15304,5730,74
San Luis,NO ES MIA,15305,5831,74
San Luis,NUEVA ESCOCIA,15306,5743,74
San Luis,PEDERNERA,15307,5730,74
San Luis,POSTA DE FIERRO,15308,5831,74
San Luis,PRIMER AGUA,15309,5831,74
San Luis,LA PUNILLA,15310,5831,74
San Luis,REAL,15311,5831,74
San Luis,RIO QUINTO,15312,5738,74
San Luis,SAN ALEJANDRO,15313,5831,74
San Luis,SAN JUAN DE TASTU,15314,5731,74
San Luis,SAN NICOLAS PUNILLA,15315,5831,74
San Luis,SAN PEDRO,15316,5831,74
San Luis,SAN RAMON,15318,5730,74
San Luis,SANTA CATALINA,15319,5738,74
San Luis,SANTA CLARA,15320,5730,74
San Luis,SANTA CLARA,15321,5831,74
San Luis,SANTA FELISA,15322,5831,74
San Luis,SANTA ISABEL,15323,5831,74
San Luis,TASTO,15324,5731,74
San Luis,TRES ESQUINAS,15325,5730,74
San Luis,VILLA REYNOLDS,15326,5733,74
San Luis,VISCACHERAS,15327,5731,74
San Luis,ADOLFO RODRIGUEZ SAA,15328,5777,74
San Luis,ANGELITA,15329,5711,74
San Luis,BALDE,15330,5883,74
San Luis,BALDE DE GUIÃ‘AZU,15331,5715,74
San Luis,BALDE DE NUEVO,15332,5715,74
San Luis,BALDE DEL ESCUDERO,15333,5715,74
San Luis,BAÃ‘ADITO,15334,5711,74
San Luis,BAÃ‘ADO DE CAUTANA,15335,5711,74
San Luis,BARRIO BLANCO,15336,5777,74
San Luis,CAÃ‘ADA,15337,5715,74
San Luis,CAÃ‘ADA DE ATRAS,15338,5771,74
San Luis,CAÃ‘ADA DE LA NEGRA,15339,5777,74
San Luis,CAÃ‘ADA GRANDE,15340,5777,74
San Luis,CAÃ‘ADA LA NEGRA,15341,5881,74
San Luis,CAÃ‘ADA VERDE,15342,5777,74
San Luis,CARPINTERIA,15343,5883,74
San Luis,CERRITO BLANCO,15344,5777,74
San Luis,CERRO DE ORO,15345,5881,74
San Luis,EL BARRIAL,15346,5715,74
San Luis,EL POCITO,15347,5715,74
San Luis,EL PUEBLITO,15348,5777,74
San Luis,EL RINCON,15349,5881,74
San Luis,EL RIO,15350,5711,74
San Luis,EL TEMBLEQUE,15351,5715,74
San Luis,FLORIDA,15352,5715,74
San Luis,INVERNADA,15353,5777,74
San Luis,ISLA,15354,5873,74
San Luis,ISLITAS,15355,5715,74
San Luis,LA AGUADA DE LAS ANIMAS,15356,5871,74
San Luis,LA ALEGRIA,15357,5871,74
San Luis,LA ANGOSTURA,15358,5873,74
San Luis,LA CHILCA,15359,5779,74
San Luis,LA LINEA,15361,5711,74
San Luis,LA LOMA,15362,5871,74
San Luis,LA RAMADA,15363,5881,74
San Luis,LA UNION,15364,5711,74
San Luis,LAFINUR,15365,5871,74
San Luis,LAS BARRANCAS,15366,5871,74
San Luis,LAS CABRAS,15367,5715,74
San Luis,LAS ISLITAS,15368,5715,74
San Luis,LAS PLAYAS,15369,5711,74
San Luis,LAS ROSADAS,15370,5715,74
San Luis,LAS TIGRAS,15371,5777,74
San Luis,LOMITAS,15372,5871,74
San Luis,LOS ALGARROBITOS,15373,5715,74
San Luis,LOS ARGUELLOS,15374,5777,74
San Luis,LOS CAJONES,15375,5871,74
San Luis,LOS CHAÃ‘ARES,15376,5777,74
San Luis,LOS MOLLES,15377,5711,74
San Luis,LOS PEROS,15378,5777,74
San Luis,LOS ROLDANES,15379,5777,74
San Luis,LOS TIGRES,15380,5777,74
San Luis,MERLO,15381,5881,74
San Luis,MOYAR,15382,5777,74
San Luis,NARANJO,15383,5711,74
San Luis,OJO DEL RIO,15384,5777,74
San Luis,PASO DE LA CRUZ,15385,5777,74
San Luis,PASO DE LAS SIERRAS,15386,5873,74
San Luis,PASO DEL MEDIO,15387,5711,74
San Luis,PICOS YACU,15388,5777,74
San Luis,PIEDRA BLANCA,15389,5881,74
San Luis,PIZARRAS BAJO VELEZ,15390,5777,74
San Luis,POCITOS,15391,5715,74
San Luis,POZO DE LAS RAICES,15392,5777,74
San Luis,POZO DEL MEDIO,15393,5715,74
San Luis,PUNTA DEL AGUA,15394,5873,74
San Luis,PUNTOS DE LA LINEA,15395,5711,74
San Luis,QUEBRADA DEL TIGRE,15396,5711,74
San Luis,RINCON DEL ESTE,15397,5881,74
San Luis,SAN MIGUEL,15398,5883,74
San Luis,SANTA ANA,15399,5871,74
San Luis,SANTA LUCIA,15400,5715,74
San Luis,SANTA LUCINDA,15401,5715,74
San Luis,SANTA ROSA DE CONLARA,15402,5777,74
San Luis,TALITA,15403,5711,74
San Luis,VILLA LUISA,15404,5871,74
San Luis,AGUA SEBALLE,15405,5721,74
San Luis,AGUAS DE PIEDRAS,15406,5721,74
San Luis,ALGARROBITOS,15407,5701,74
San Luis,ALTO GRANDE,15408,5700,74
San Luis,ALTO PELADO,15409,5721,74
San Luis,ALTO PENCOSO,15410,5724,74
San Luis,BALDE,15411,5724,74
San Luis,BARRANCA COLORADA,15412,5703,74
San Luis,EL BARRIAL,15413,5703,74
San Luis,BEAZLEY,15414,5721,74
San Luis,BEBEDERO,15415,5724,74
San Luis,CAÃ‘A LARGA,15416,5721,74
San Luis,CERRO VARELA,15417,5721,74
San Luis,CERRO VIEJO,15418,5721,74
San Luis,CHARLONE,15419,5719,74
San Luis,CHISCHACA,15420,5721,74
San Luis,CHICHAQUITA,15421,5721,74
San Luis,CHOSMES,15422,5724,74
San Luis,DANIEL DONOVAN,15423,5701,74
San Luis,EL CAZADOR,15424,5721,74
San Luis,EL CHAÃ‘AR,15425,5703,74
San Luis,EL CHARCO,15426,5724,74
San Luis,EL CHORRILLO,15427,5701,74
San Luis,EL LECHUZO,15428,5724,74
San Luis,EL MATACO,15429,5724,74
San Luis,EL MILAGRO,15430,5724,74
San Luis,EL MOLLE,15431,5721,74
San Luis,EL RIECITO,15432,5722,74
San Luis,EL SOCORRO,15433,5721,74
San Luis,EL TALITA,15434,5701,74
San Luis,EL TOTORAL,15435,5721,74
San Luis,EL VOLCAN,15436,5701,74
San Luis,ESTACION ZANJITAS,15437,5721,74
San Luis,GORGONTA,15438,5721,74
San Luis,GUASQUITA,15439,5724,74
San Luis,HUEJEDA,15440,5721,74
San Luis,JARILLA,15441,5724,74
San Luis,JUANA KOSLAY,15442,5701,74
San Luis,LA BONITA,15443,5721,74
San Luis,LA CABRA,15444,5724,74
San Luis,LA CAÃ‘ADA,15445,5721,74
San Luis,LA IRENE,15446,5721,74
San Luis,LA PAMPA,15447,5701,74
San Luis,LA PEREGRINA,15448,5721,74
San Luis,LA REPRESA,15449,5721,74
San Luis,LA SELVA,15450,5724,74
San Luis,LA SEÃ‘A,15451,5721,74
San Luis,LA TOSCA,15452,5721,74
San Luis,LA UNION,15453,5724,74
San Luis,LA VERDE,15454,5721,74
San Luis,LAGUNA SECA,15455,5724,74
San Luis,LAS BARRANCAS,15456,5719,74
San Luis,LAS COLONIAS,15457,5721,74
San Luis,LAS GAMAS,15458,5721,74
San Luis,LAS LAGUNITAS,15459,5721,74
San Luis,LAS TRES CAÃ‘ADAS,15460,5721,74
San Luis,LAS VIZCACHERAS,15461,5721,74
San Luis,LOS CERRILLOS,15462,5721,74
San Luis,LOS CHAÃ‘ARITOS,15463,5721,74
San Luis,LOS JAGUELES,15464,5724,74
San Luis,LOS PUQUIOS,15465,5701,74
San Luis,LOS TAMARIÃ‘OS,15466,5724,74
San Luis,MANTILLA,15467,5724,74
San Luis,MOSMOTA,15468,5721,74
San Luis,NEGRO MUERTO,15469,5724,74
San Luis,NOGOLI,15470,5703,74
San Luis,PAJE,15471,5721,74
San Luis,PASO ANCHO,15472,5721,74
San Luis,PASO DE LAS SALINAS,15473,5721,74
San Luis,PASO DE LAS TOSCAS,15474,5721,74
San Luis,PASO DE LAS VACAS,15475,5721,74
San Luis,PASO DE LOS BAYOS,15476,5721,74
San Luis,PASO LOS ALGARROBOS,15477,5724,74
San Luis,POTRERO DE LOS FUNES,15478,5701,74
San Luis,POZO CERCADO,15479,5721,74
San Luis,POZO DEL CARRIL,15480,5703,74
San Luis,PUESTO DE LOS JUMES,15481,5721,74
San Luis,PUNTA DEL CERRO,15482,5721,74
San Luis,REPRESA DEL CHAÃ‘AR,15483,5703,74
San Luis,REPRESA DEL MONTE,15484,5700,74
San Luis,SALINAS DEL BEBEDERO,15485,5724,74
San Luis,SALITRAL,15486,5721,74
San Luis,SALTO CHICO,15487,5721,74
San Luis,SAN ANTONIO,15488,5724,74
San Luis,SAN ANTONIO,15489,5721,74
San Luis,SAN GERONIMO,15490,5719,74
San Luis,SAN JORGE,15491,5721,74
San Luis,SAN LUIS,15492,5700,74
San Luis,SAN MARTIN,15493,5721,74
San Luis,SAN RAIMUNDO,15494,5703,74
San Luis,SAN ROQUE,15495,5701,74
San Luis,SAN VICENTE,15496,5721,74
San Luis,SANTA RITA,15497,5724,74
San Luis,SANTA ROSA,15498,5719,74
San Luis,SANTO DOMINGO,15499,5721,74
San Luis,TRAVESIA,15500,5721,74
San Luis,TRES CAÃ‘ADAS,15501,5721,74
San Luis,TUKIROS,15502,5701,74
San Luis,VARELA,15503,5721,74
San Luis,AGUA LINDA,15504,5753,74
San Luis,ALANICES,15505,5771,74
San Luis,ALTO DEL MOLLE,15506,5755,74
San Luis,ALTO DEL VALLE,15507,5755,74
San Luis,ANCAMILLA,15508,5753,74
San Luis,ARBOLES BLANCOS,15509,5771,74
San Luis,ARROYO DE VILCHES,15510,5771,74
San Luis,ARROYO LA CAL,15511,5753,74
San Luis,BAJO DE CONLARA,15512,5753,74
San Luis,BAJO LA LAGUNA,15513,5753,74
San Luis,BARRANQUITAS,15514,5771,74
San Luis,CABEZA DE NOVILLO,15515,5771,74
San Luis,CAIN DE LOS TIGRES,15516,5771,74
San Luis,CAÃ‘ADA,15517,5773,74
San Luis,CAÃ‘ADA BLANCA,15518,5753,74
San Luis,CAÃ‘ADA DE LAS LAGUNAS,15519,5773,74
San Luis,CAÃ‘ADA DE LOS TIGRES,15520,5771,74
San Luis,CAÃ‘ADA DEL PUESTITO,15521,5753,74
San Luis,CAÃ‘ADA LA TIENDA,15522,5753,74
San Luis,CAÃ‘ADA QUEMADA,15523,5753,74
San Luis,CAÃ‘ADITAS,15524,5755,74
San Luis,CAÃ‘ITAS,15525,5773,74
San Luis,CASA DE CONDOR,15526,5753,74
San Luis,CASA DE PIEDRA,15527,5753,74
San Luis,CERRITO,15528,5753,74
San Luis,CERRITO NEGRO,15529,5755,74
San Luis,CERRO COLORADO,15530,5753,74
San Luis,CHACRITAS,15531,5753,74
San Luis,CHUTUNSA,15532,5753,74
San Luis,CONSUELO,15533,5753,74
San Luis,CORRAL DEL TALA,15534,5753,74
San Luis,CORRALES,15535,5753,74
San Luis,CORTADERAS,15536,5771,74
San Luis,CRUCECITAS,15537,5773,74
San Luis,CRUZ BRILLANTE,15538,5753,74
San Luis,CUEVA DE TIGRE,15539,5755,74
San Luis,DIVISADERO,15540,5753,74
San Luis,DORMIDA,15541,5753,74
San Luis,DURAZNITO,15542,5773,74
San Luis,EL BAJO,15543,5755,74
San Luis,EL BALDECITO,15544,5753,74
San Luis,EL BURRITO,15545,5753,74
San Luis,EL CARDAL,15546,5753,74
San Luis,EL CERRITO,15547,5753,74
San Luis,EL CONDOR,15548,5753,74
San Luis,EL CORO,15549,5753,74
San Luis,EL MANANTIAL ESCONDIDO,15550,5701,74
San Luis,EL OLMO,15551,5773,74
San Luis,EL PAJARETE,15552,5753,74
San Luis,EL PANTANILLO,15553,5753,74
San Luis,EL PARAGUAY,15554,5753,74
San Luis,EL PARAISO,15555,5755,74
San Luis,EL PEJE,15556,5755,74
San Luis,EL POLEO,15557,5773,74
San Luis,EL PORVENIR,15558,5773,74
San Luis,EL PROGRESO,15559,5753,74
San Luis,EL PUERTO,15560,5753,74
San Luis,EL PUESTO,15561,5755,74
San Luis,EL RODEO,15562,5771,74
San Luis,EL SALADO,15563,5753,74
San Luis,EL SALVADOR,15564,5771,74
San Luis,EL TALITA,15565,5753,74
San Luis,EL TORCIDO,15566,5773,74
San Luis,EL VALLE,15567,5753,74
San Luis,EL VALLECITO,15568,5773,74
San Luis,ENSENADA,15569,5773,74
San Luis,FORTUNA DE SAN JUAN,15570,5755,74
San Luis,GENERAL URQUIZA,15571,5763,74
San Luis,GUANACO PAMPA,15572,5771,74
San Luis,GUZMAN,15573,5773,74
San Luis,HINOJOS,15574,5753,74
San Luis,HORNITO,15575,5753,74
San Luis,HUERTAS,15576,5771,74
San Luis,LA AGUEDA,15577,5753,74
San Luis,LA ARMONIA,15578,5773,74
San Luis,LA AURORA,15579,5771,74
San Luis,LA CARMENCITA,15580,5753,74
San Luis,LA CHILLA,15581,5771,74
San Luis,LA CIENAGA,15582,5701,74
San Luis,LA COCHA,15583,5773,74
San Luis,LA DORA,15584,5753,74
San Luis,LA ELVIRA,15585,5770,74
San Luis,LA ESPERANZA,15586,5753,74
San Luis,LA ESQUINA,15587,5753,74
San Luis,LA ESQUINA DEL RIO,15588,5753,74
San Luis,LA ESTANCIA,15589,5753,74
San Luis,LA FLORIDA,15590,5773,74
San Luis,LA HUERTA,15591,5753,74
San Luis,LA HUERTITA,15592,5755,74
San Luis,LA PUERTA,15593,5755,74
San Luis,LA RAMADA,15594,5753,74
San Luis,LA SALA,15595,5771,74
San Luis,LA TOTORA,15596,5753,74
San Luis,LA ULBARA,15597,5753,74
San Luis,LAS VERTIENTES,15598,5701,74
San Luis,LAGUNA DE LA CAÃ‘ADA,15599,5773,74
San Luis,LAGUNA DE LOS PATOS,15600,5773,74
San Luis,LAGUNA LARGA,15601,5753,74
San Luis,LAS AGUADAS,15602,5771,74
San Luis,LAS BARRANQUITAS,15603,5755,74
San Luis,LAS CAÃ‘AS,15604,5773,74
San Luis,LAS CHACRAS,15605,5753,74
San Luis,LAS CHACRAS DE SAN MARTIN,15606,5755,74
San Luis,LAS CHACRITAS,15607,5753,74
San Luis,LAS FLORES,15608,5753,74
San Luis,LAS HIGUERAS,15609,5755,74
San Luis,LAS LAGUNAS,15610,5773,74
San Luis,LAS LAJAS,15611,5753,74
San Luis,LAS LOMAS,15612,5753,74
San Luis,LAS MANGAS,15613,5753,74
San Luis,LAS TOSCAS,15614,5753,74
San Luis,LOS ALAMOS,15615,5753,74
San Luis,LOS ALGARROBOS,15616,5753,74
San Luis,LOS COMEDEROS,15617,5753,74
San Luis,LOS CONDORES,15618,5773,74
San Luis,LOS CORRALES,15619,5753,74
San Luis,LOS DURAZNITOS,15620,5773,74
San Luis,LOS HINOJOS,15621,5753,74
San Luis,LOS LECHUZONES,15622,5753,74
San Luis,LOS LOBOS,15623,5771,74
San Luis,LOS MOLLES,15624,5753,74
San Luis,LOS NOQUES,15625,5773,74
San Luis,LOS POLEOS,15626,5755,74
San Luis,LOS TALAS,15627,5753,74
San Luis,MANANTIAL,15628,5755,74
San Luis,MANANTIAL BLANCO,15629,5701,74
San Luis,MANANTIAL LINDO,15630,5753,74
San Luis,MEDIA LUNA,15631,5755,74
San Luis,OJO DE AGUA,15632,5753,74
San Luis,PAMPA,15633,5755,74
San Luis,PAMPA DEL BAJO,15634,5753,74
San Luis,PAMPA GRANDE,15635,5771,74
San Luis,PANTANILLO,15636,5753,74
San Luis,PASO GRANDE,15637,5753,74
San Luis,PIEDRA BOLA,15638,5753,74
San Luis,PIEDRA LARGA,15639,5753,74
San Luis,PIEDRA ROSADA,15640,5753,74
San Luis,PIEDRA SOLA,15641,5753,74
San Luis,PLANTA DE SANDIA,15642,5753,74
San Luis,POTRERILLO,15643,5753,74
San Luis,POZO SECO,15644,5753,74
San Luis,PUERTA COLORADA,15645,5771,74
San Luis,PUERTA DE PALO,15646,5755,74
San Luis,PUESTITO,15647,5753,74
San Luis,QUEBRADA DE LA MORA,15648,5755,74
San Luis,QUEBRADA DE LOS BARROSOS,15649,5753,74
San Luis,QUEBRADA DE SAN VICENTE,15650,5755,74
San Luis,RINCON DEL CARMEN,15651,5771,74
San Luis,SALADO DE AMAYA,15652,5771,74
San Luis,SAN FERNANDO,15653,5753,74
San Luis,SAN ISIDRO,15654,5753,74
San Luis,SAN ISIDRO,15655,5771,74
San Luis,SAN JOSE,15656,5753,74
San Luis,SAN LORENZO,15657,5753,74
San Luis,SAN MARTIN,15658,5755,74
San Luis,SAN MIGUEL,15659,5753,74
San Luis,SAN PEDRO,15660,5753,74
San Luis,SAN RAFAEL,15661,5753,74
San Luis,SAN RAMON,15662,5753,74
San Luis,SAUCE,15664,5753,74
San Luis,SOL DE ABRIL SAN MARTIN,15665,5701,74
San Luis,TALA VERDE,15666,5771,74
San Luis,TALARCITO,15667,5701,74
San Luis,TOTORAL,15668,5771,74
San Luis,UNQUILLO,15669,5771,74
San Luis,VENTA DE LOS RIOS,15670,5753,74
San Luis,VILLA DE PRAGA,15671,5753,74
San Luis,EL ESPINILLO,16601,6279,74
San Luis,AGUADITAS,21285,5707,74
San Luis,BALDE DE ESCUDERO,21286,5715,74
San Luis,BALDE DE LA LINEA,21287,5713,74
San Luis,BAÃ‘ADITO VIEJO,21288,5709,74
San Luis,BECERRA,21289,5711,74
San Luis,BELLA VISTA BOTIJAS,21290,5707,74
San Luis,CHACRAS DEL CANTARO,21291,5719,74
San Luis,CHARLONES,21292,5719,74
San Luis,EL CHARABON,21293,5719,74
San Luis,EL QUEBRACHO,21294,5711,74
San Luis,EL RETAMO,21295,5711,74
San Luis,ESTANCIA LA BLANCA,21296,5711,74
San Luis,ESTANCIA LA UNION,21297,5711,74
San Luis,GUALTARAN,21298,5719,74
San Luis,LA JUANITA,21299,5719,74
San Luis,LA MERCED,21300,5719,74
San Luis,LA REPRESITA,21301,5711,74
San Luis,LAS CLARITAS,21302,5711,74
San Luis,LOS CHENAS,21303,5711,74
San Luis,MOYARCITO,21304,5719,74
San Luis,POZO SANTIAGO,21305,5703,74
San Luis,PUERTO ALEGRE,21306,5719,74
San Luis,RECONQUISTA,21307,5707,74
San Luis,SAN JORGE,21308,5715,74
San Luis,SAN ROQUE,21309,5719,74
San Luis,SANTA ROSA DEL CHIPISCU,21310,5719,74
San Luis,SANTA VICTORIA,21311,5707,74
San Luis,SERAFINA,21312,5707,74
San Luis,SOL DE ABRIL,21313,5707,74
San Luis,AHI VEREMOS,21314,5703,74
San Luis,BALDE DE AMIRA,21315,5703,74
San Luis,BALDE DEL ROSARIO,21316,5703,74
San Luis,EL DICHOSO,21317,5719,74
San Luis,ESTANCIA EL MEDANO,21319,5719,74
San Luis,LA CHAÃ‘ARIENTA,21320,5719,74
San Luis,LA QUEBRADA,21321,5703,74
San Luis,LA SALUD,21322,5703,74
San Luis,POZO SIMON,21323,5703,74
San Luis,RETIRO,21324,5703,74
San Luis,SAN JOSE,21325,5719,74
San Luis,ALTO NEGRO,21326,5719,74
San Luis,EL CALDEN,21327,5719,74
San Luis,EL MOLLE,21328,5719,74
San Luis,EL ALGARROBAL,21329,5775,74
San Luis,BAJO GRANDE,21330,5775,74
San Luis,CUATRO ESQUINAS,21331,5773,74
San Luis,LA ESCONDIDA,21332,5775,74
San Luis,MOLLECITO,21334,5759,74
San Luis,PISCOYACO,21335,5775,74
San Luis,SAN ANTONIO,21337,5835,74
San Luis,SAN RAMON SUD,21338,5775,74
San Luis,VALLE SAN AGUSTIN,21340,5775,74
San Luis,VALLE SAN JOSE,21341,5775,74
San Luis,BOCA DE LA QUEBRADA,21343,6216,74
San Luis,EL ESPINILLO,21345,6279,74
San Luis,EL PIGUE,21346,6216,74
San Luis,FAVELLI,21347,5636,74
San Luis,LA CHERINDU,21348,6216,74
San Luis,LA COLONIA,21349,6216,74
San Luis,LA LECHUGA,21351,5637,74
San Luis,LA RESERVA,21353,6216,74
San Luis,LOS DUEROS,21354,6216,74
San Luis,NUEVA CONSTITUCION,21356,5636,74
San Luis,SANTA TERESA,21358,6279,74
San Luis,EL PLUMERITO,21360,5637,74
San Luis,EL RECUERDO,21361,6279,74
San Luis,LA CAÃ‘ADA,21362,5637,74
San Luis,LAS CARRETAS,21363,6279,74
San Luis,PLUMERITO,21365,5637,74
San Luis,TOSCAL,21366,5636,74
San Luis,30 DE octubre,21367,5637,74
San Luis,USIYAL,21369,5637,74
San Luis,20 DE febrero,21386,5730,74
San Luis,9 DE julio,21387,5831,74
San Luis,AGUADA,21389,5831,74
San Luis,BAJOS HONDOS,21390,5741,74
San Luis,CAPELEN,21391,5741,74
San Luis,CHACRA LA PRIMAVERA,21393,5730,74
San Luis,EL CALDEN,21398,5741,74
San Luis,ESTANCIA EL CHAMICO,21399,5730,74
San Luis,ESTANCIA EL DIVISADERO,21400,5730,74
San Luis,ESTANCIA EL QUEBRACHAL,21402,5730,74
San Luis,ESTANCIA EL SAUCECITO,21403,5730,74
San Luis,ESTANCIA LA GUARDIA,21404,5730,74
San Luis,ESTANCIA LA GUILLERMINA,21405,5731,74
San Luis,ESTANCIA LA MORENA,21407,5731,74
San Luis,ESTANCIA LA RESERVA,21408,5730,74
San Luis,ESTANCIA LA ZULEMITA,21409,5730,74
San Luis,ESTANCIA LAS BEBIDAS,21410,5730,74
San Luis,ESTANCIA LOS HERMANOS,21411,5730,74
San Luis,ESTANCIA LOS NOGALES,21412,5730,74
San Luis,ESTANCIA SAN ALBERTO,21413,5730,74
San Luis,ESTANCIA SAN ANTONIO,21414,5731,74
San Luis,ESTANCIA SAN FRANCISCO,21415,5730,74
San Luis,JUANTE,21416,5731,74
San Luis,LA ELISA,21417,5741,74
San Luis,LA FLECHA,21418,5741,74
San Luis,LA ISABEL,21419,5743,74
San Luis,LA JOSEFINA,21420,5741,74
San Luis,LA PALMIRA,21421,5741,74
San Luis,LA PRIMAVERA,21422,5730,74
San Luis,LA REALIDAD,21423,5741,74
San Luis,LA SILESIA,21424,5741,74
San Luis,LAGUNA CAPELEN,21425,5741,74
San Luis,LAGUNA SAYAPE,21426,5741,74
San Luis,MEDANO CHICO,21427,5730,74
San Luis,MEDANO GRANDE,21428,5730,74
San Luis,NOSSAR,21430,5741,74
San Luis,PORTADA DEL SAUCE,21431,5741,74
San Luis,AGUA DEL PORTEZUELO,21432,5730,74
San Luis,PUESTO BELLA VISTA,21433,5730,74
San Luis,PUESTO EL TALA,21434,5730,74
San Luis,SAN ALBERTO,21435,5831,74
San Luis,SAN CAMILO,21436,5743,74
San Luis,SAN JOSE DEL DURAZNO,21437,5741,74
San Luis,13 DE enero,21438,5741,74
San Luis,VILLA SANTIAGO,21439,5730,74
San Luis,ESTANCIA TRES ARBOLES,21441,5881,74
San Luis,LA CELIA,21442,5873,74
San Luis,LA FINCA,21443,5871,74
San Luis,LAS CHILCAS,21444,5777,74
San Luis,LOS MOLLES,21445,5883,74
San Luis,REPRESA DEL MONTE,21447,5711,74
San Luis,LA CUMBRE,21448,5883,74
San Luis,VACAS MUERTAS,21449,5721,74
San Luis,ACASAPE,21450,5722,74
San Luis,ALTO BLANCO,21451,5700,74
San Luis,ALTO DEL LEON,21452,5722,74
San Luis,ALTO DEL VALLE,21453,5721,74
San Luis,BALDA,21454,5722,74
San Luis,BELLA VISTA,21455,5724,74
San Luis,CUCHI CORRAL,21456,5701,74
San Luis,CAMPO DE SAN PEDRO,21457,5722,74
San Luis,COLONIA SANTA VIRGINIA,21458,5721,74
San Luis,CORTADERAS,21459,5700,74
San Luis,EL NEGRO,21460,5724,74
San Luis,FORTIN SALTO,21461,5721,74
San Luis,JUAN W GEZ,21462,5722,74
San Luis,LA AGUA NUEVA,21463,5721,74
San Luis,LA AMARGA,21464,5721,74
San Luis,LA BREA,21465,5724,74
San Luis,LA CORTADERA,21466,5700,74
San Luis,LA COSTA,21467,5721,74
San Luis,LA DULCE,21468,5721,74
San Luis,LA ESPESURA,21469,5700,74
San Luis,LA JERGA,21470,5721,74
San Luis,LA NELIDA,21471,5700,74
San Luis,LA REFORMA,21472,5724,74
San Luis,LA TOTORA,21473,5721,74
San Luis,LAS CAÃ‘ITAS,21474,5722,74
San Luis,LAS CHACRAS DE SAN MARTIN,21475,5701,74
San Luis,LAS PIEDRITAS,21477,5721,74
San Luis,LINCE,21478,5722,74
San Luis,LOS CLAVELES,21479,5721,74
San Luis,LOS COROS,21480,5721,74
San Luis,MATACO,21481,5724,74
San Luis,PALOMAR,21482,5724,74
San Luis,PASO DE LA TIERRA,21483,5721,74
San Luis,PESCADORES,21484,5700,74
San Luis,POZO ESCONDIDO,21485,5700,74
San Luis,PUENTE LA ORQUETA,21486,5721,74
San Luis,PUERTA DE LA ISLA,21487,5721,74
San Luis,PUNTOS DE AGUA,21488,5721,74
San Luis,REFORMA CHICA,21489,5724,74
San Luis,SAN GERONIMO,21490,5721,74
San Luis,SANTA DIONISIA,21491,5722,74
San Luis,SANTA ISABEL,21492,5721,74
San Luis,SANTA TERESA,21494,5700,74
San Luis,SANTO DOMINGO,21495,5700,74
San Luis,TAMASCANES,21496,5721,74
San Luis,TRANSVAL,21497,5721,74
San Luis,EL QUEBRACHO,21498,5700,74
San Luis,ESTANCIA RIVADAVIA,21500,5719,74
San Luis,TRES MARIAS,21501,5700,74
San Luis,ALTO DE LA LEÃ‘A,21505,5750,74
San Luis,ALTO GRANDE,21507,5722,74
San Luis,ARBOLEDA,21508,5750,74
San Luis,CAÃ‘ADA SAN ANTONIO,21510,5750,74
San Luis,CUATRO ESQUINAS,21512,5750,74
San Luis,DIQUE LA FLORIDA,21513,5750,74
San Luis,EL SALADO,21515,5750,74
San Luis,EL TALA,21516,5701,74
San Luis,EL VALLECITO,21517,5750,74
San Luis,ESTANCIA EL SALADO,21521,5750,74
San Luis,LA ADELA,21522,5736,74
San Luis,LA ATALAYA,21523,5750,74
San Luis,LA DELIA,21525,5722,74
San Luis,LA MARIA,21526,5722,74
San Luis,LA PROVIDENCIA,21528,5750,74
San Luis,LA YERBA BUENA,21529,5722,74
San Luis,LAS HIGUERAS,21530,5722,74
San Luis,LOMA DEL MEDIO,21531,5750,74
San Luis,MINA CAROLINA,21533,5701,74
San Luis,OJO DE AGUA,21534,5750,74
San Luis,PAINES,21535,5736,74
San Luis,PAMPA DE LOS GOBERNADORES,21536,5701,74
San Luis,SAN LORENZO,21538,5757,74
San Luis,SANTA CLARA,21539,5751,74
San Luis,EL PANTANO,21540,5753,74
San Luis,EL SALADO DE AMAYA,21541,5771,74
San Luis,EL SALTO,21542,5753,74
San Luis,PIEDRAS BLANCAS,21544,5750,74
San Luis,RIECITO,21545,5750,74
San Luis,SOLOLOSTA,21546,5750,74
San Luis,TAMBOREO,21547,5750,74
San Luis,EL HORNITO,21548,5755,74
San Luis,EL RINCON,21549,5755,74
San Luis,LA CRUCESITA,21550,5773,74
San Luis,LA MESILLA,21551,5773,74
San Luis,LA MINA,21552,5755,74
San Luis,LAGUNA DE PATOS,21554,5771,74
San Luis,LAS RAICES,21556,5773,74
San Luis,LOS SAUCES,21559,5753,74
San Luis,PIEDRAS ANCHAS,21562,5755,74
San Luis,POZO FRIO,21566,5773,74
San Luis,SANTA CLARA,21568,5701,74
San Luis,SANTA MARIA,21569,5773,74
San Luis,VIEJA ESTANCIA,21570,5773,74
San Luis,9 DE julio,21571,5701,74
San Luis,POSTA DEL PORTEZUELO,21599,5705,74
San Luis,LA PUNTA,27614,5710,74
San Luis,LA RIBERA,27616,5734,74
San Luis,LAS ISLETAS,27739,5730,74
San Luis,LOMAS BLANCAS,27740,5719,74
San Luis,CHIPISCU,27741,5719,74
San Luis,LA ESQUINA,27742,5759,74
San Luis,SAN JOSE DEL MORRO,27743,5731,74
San Luis,PUESTO BALZORA,27887,5719,74
San Luis,DESAGUADERO,27908,5724,74
