Santa Fe,CABEZA DE CHANCHO,1111,3061,82
Santa Fe,CAMPO GARAY,1112,3066,82
Santa Fe,CAMPO SAN JOSE,1113,3060,82
Santa Fe,COLONIA INDEPENDENCIA,1114,3066,82
Santa Fe,COLONIA MONTEFIORE,1115,2341,82
Santa Fe,EL AMARGO,1116,3060,82
Santa Fe,EL MARIANO,1117,3060,82
Santa Fe,EL NOCHERO,1118,3061,82
Santa Fe,ESTANCIA LA CIGUEÃ‘A,1119,3060,82
Santa Fe,ESTEBAN RAMS,1120,3066,82
Santa Fe,FORTIN ALERTA,1121,3066,82
Santa Fe,FORTIN ARGENTINA,1122,3060,82
Santa Fe,FORTIN ATAHUALPA,1123,3061,82
Santa Fe,FORTIN CACIQUE,1124,3060,82
Santa Fe,FORTIN SEIS DE CABALLERIA,1125,3061,82
Santa Fe,FORTIN TOSTADO,1126,3060,82
Santa Fe,GATO COLORADO,1127,3541,82
Santa Fe,GREGORIA PEREZ DE DENIS,1128,3061,82
Santa Fe,INDEPENDENCIA,1129,3060,82
Santa Fe,KILOMETRO 293,1130,3066,82
Santa Fe,KILOMETRO 389,1131,3061,82
Santa Fe,KILOMETRO 421,1132,3061,82
Santa Fe,KILOMETRO 468,1133,3061,82
Santa Fe,LA BOMBILLA,1134,3060,82
Santa Fe,LA ELSA,1135,2341,82
Santa Fe,LA MARINA,1136,2341,82
Santa Fe,LAS CHUÃ‘AS,1137,3061,82
Santa Fe,LOGROÃ‘O,1138,3066,82
Santa Fe,LOS CHARABONES,1139,3060,82
Santa Fe,NUEVA ITALIA,1140,3074,82
Santa Fe,PADRE PEDRO ITURRALDE,1141,3061,82
Santa Fe,PORTALIS,1142,3066,82
Santa Fe,POZO BORRADO,1143,3061,82
Santa Fe,PUEBLO NUEVO,1144,2124,82
Santa Fe,SANTA MARGARITA,1145,3061,82
Santa Fe,TOSTADO,1146,3060,82
Santa Fe,TRES POZOS,1147,3061,82
Santa Fe,VILLA MINETTI,1148,3061,82
Santa Fe,ANTONIO PINI,1149,3061,82
Santa Fe,ARMSTRONG,1150,2508,82
Santa Fe,BOUQUET,1151,2523,82
Santa Fe,CAMPO CHARO,1152,2512,82
Santa Fe,CAMPO GIMBATTI,1153,2508,82
Santa Fe,CAMPO LA AMISTAD,1154,2508,82
Santa Fe,CAMPO LA PAZ,1155,2512,82
Santa Fe,CAMPO LA RIVIERE,1156,2505,82
Santa Fe,CAMPO SANTA ISABEL,1157,2505,82
Santa Fe,ITURRASPE,1158,2521,82
Santa Fe,LA CALIFORNIA,1159,2520,82
Santa Fe,LAS PAREJAS,1160,2505,82
Santa Fe,LAS ROSAS,1161,2520,82
Santa Fe,MONTES DE OCA,1162,2521,82
Santa Fe,SAN GUILLERMO,1163,2512,82
Santa Fe,TORTUGAS,1164,2512,82
Santa Fe,ARTEAGA,1165,2187,82
Santa Fe,BERABEVU,1166,2639,82
Santa Fe,BIGAND,1167,2177,82
Santa Fe,CAMPO CRENNA,1168,2185,82
Santa Fe,CAMPO NUEVO,1169,2639,82
Santa Fe,CAMPO PESOA,1170,2173,82
Santa Fe,CANDELARIA SUD,1171,2170,82
Santa Fe,CASILDA,1172,2170,82
Santa Fe,CHABAS,1173,2173,82
Santa Fe,CHAÃ‘AR LADEADO,1174,2643,82
Santa Fe,COLONIA CANDELARIA,1175,2170,82
Santa Fe,COLONIA FERNANDEZ,1176,2639,82
Santa Fe,COLONIA GOMEZ,1177,2639,82
Santa Fe,COLONIA HANSEN,1178,2637,82
Santa Fe,COLONIA LA  CATALANA,1179,2637,82
Santa Fe,COLONIA LA  PALENCIA,1180,2639,82
Santa Fe,COLONIA LA  PELLEGRINI,1181,2639,82
Santa Fe,COLONIA LA COSTA,1182,2170,82
Santa Fe,COLONIA LAGO DI COMO,1183,2187,82
Santa Fe,COLONIA PIAMONTESA,1184,2639,82
Santa Fe,COLONIA SANTA NATALIA,1185,2639,82
Santa Fe,COLONIA TOSCANA PRIMERA,1186,2185,82
Santa Fe,COLONIA TOSCANA SEGUNDA,1187,2185,82
Santa Fe,COLONIA VALENCIA,1188,2639,82
Santa Fe,CUATRO ESQUINAS,1189,2639,82
Santa Fe,GODEKEN,1190,2639,82
Santa Fe,LA MERCED,1191,2173,82
Santa Fe,LA VIUDA,1192,2183,82
Santa Fe,LOS MOLINOS,1193,2181,82
Santa Fe,LOS NOGALES,1194,2183,82
Santa Fe,LOS QUIRQUINCHOS,1195,2637,82
Santa Fe,PUEBLO AREQUITO,1196,2183,82
Santa Fe,SAN JOSE DE LA ESQUINA,1197,2185,82
Santa Fe,SANFORD,1198,2173,82
Santa Fe,SANTA NATALIA,1199,2639,82
Santa Fe,VILLADA,1200,2173,82
Santa Fe,ADOLFO ALSINA,1201,2311,82
Santa Fe,ANGELICA,1202,2303,82
Santa Fe,ATALIVA,1203,2307,82
Santa Fe,AURELIA,1206,2318,82
Santa Fe,BAUER Y SIGEL,1207,2403,82
Santa Fe,BELLA ITALIA,1208,2301,82
Santa Fe,CABAÃ‘A EL CISNE,1209,2322,82
Santa Fe,CAMPO CLUCELLAS,1210,2407,82
Santa Fe,CAMPO DARATTI,1211,2307,82
Santa Fe,CAMPO ROMERO,1212,2407,82
Santa Fe,CAMPO TORQUINSTON,1213,2403,82
Santa Fe,CAMPO ZURBRIGGEN,1214,2407,82
Santa Fe,CAPILLA SAN JOSE,1215,2301,82
Santa Fe,CASABLANCA,1216,2317,82
Santa Fe,PLAZA CLUCELLAS,1217,2407,82
Santa Fe,COLONIA ALDAO,1218,2317,82
Santa Fe,COLONIA BELLA ITALIA,1219,2300,82
Santa Fe,COLONIA BICHA,1220,2317,82
Santa Fe,COLONIA BIGAND,1221,2317,82
Santa Fe,BOSSI,1222,2326,82
Santa Fe,COLONIA CASTELLANOS,1223,2301,82
Santa Fe,COLONIA CELLO,1224,2405,82
Santa Fe,FIDELA,1225,2301,82
Santa Fe,COLONIA JOSEFINA,1226,2403,82
Santa Fe,COLONIA MARGARITA,1227,2443,82
Santa Fe,COLONIA MAUA,1228,2311,82
Santa Fe,COLONIA REINA MARGARITA,1229,2309,82
Santa Fe,COLONIA SAN ANTONIO,1230,2301,82
Santa Fe,COLONIA TACURALES,1231,2324,82
Santa Fe,CONSTANZA,1232,2311,82
Santa Fe,CORONEL FRAGA,1233,2301,82
Santa Fe,CRISTOLIA,1234,2445,82
Santa Fe,DESVIO BOERO,1235,2415,82
Santa Fe,EGUSQUIZA,1236,2301,82
Santa Fe,ESMERALDA,1237,2456,82
Santa Fe,ESTACION CLUCELLAS,1238,2407,82
Santa Fe,ESTACION JOSEFINA,1239,2403,82
Santa Fe,ESTACION SAGUIER,1240,2315,82
Santa Fe,ESTRADA,1241,2409,82
Santa Fe,SANTA EUSEBIA,1242,2317,82
Santa Fe,EUSTOLIA,1243,2407,82
Santa Fe,FRONTERA,1244,2438,82
Santa Fe,GALISTEO,1245,2307,82
Santa Fe,GARIBALDI,1246,2443,82
Santa Fe,HUMBERTO PRIMERO,1247,2309,82
Santa Fe,JOSE MANUEL ESTRADA,1248,2403,82
Santa Fe,KILOMETRO 113,1249,2407,82
Santa Fe,KILOMETRO 483,1250,2456,82
Santa Fe,KILOMETRO 501,1251,2438,82
Santa Fe,KILOMETRO 85,1252,2303,82
Santa Fe,LEHMANN,1253,2305,82
Santa Fe,LOS SEMBRADOS,1254,2447,82
Santa Fe,MANGORE,1255,2445,82
Santa Fe,MARIA JUANA,1256,2445,82
Santa Fe,MONIGOTES,1257,2342,82
Santa Fe,PALACIOS,1258,2326,82
Santa Fe,PRESIDENTE ROCA,1259,2301,82
Santa Fe,PUEBLO MARIA JUANA,1260,2445,82
Santa Fe,MARINI,1261,2301,82
Santa Fe,RAMONA,1262,2301,82
Santa Fe,PUEBLO SAN ANTONIO,1263,2301,82
Santa Fe,RAFAELA,1264,2300,82
Santa Fe,RAQUEL,1265,2322,82
Santa Fe,REINA MARGARITA,1266,2309,82
Santa Fe,RINCON DE TACURALES,1267,2317,82
Santa Fe,SAGUIER,1268,2301,82
Santa Fe,SAN MIGUEL,1269,2309,82
Santa Fe,SAN VICENTE,1270,2447,82
Santa Fe,SANTA CLARA DE SAGUIER,1271,2405,82
Santa Fe,SUNCHALES,1272,2322,82
Santa Fe,SUSANA,1273,2301,82
Santa Fe,TACURAL,1274,2324,82
Santa Fe,VILA,1275,2301,82
Santa Fe,VILLA SAN JOSE,1276,2301,82
Santa Fe,VILLANI,1277,2400,82
Santa Fe,VIRGINIA,1278,2311,82
Santa Fe,ZANETTI,1279,2301,82
Santa Fe,ZENON PEREYRA,1280,2409,82
Santa Fe,CAMPO MAGNIN,1281,3011,82
Santa Fe,CAMPO QUIÃ‘ONES,1282,2258,82
Santa Fe,CAMPO RODRIGUEZ,1283,2255,82
Santa Fe,CAVOUR,1284,3081,82
Santa Fe,COLONIA ADOLFO ALSINA,1285,3029,82
Santa Fe,COLONIA LA NUEVA,1286,3081,82
Santa Fe,COLONIA MATILDE,1287,3013,82
Santa Fe,COLONIA PUJOL,1288,3080,82
Santa Fe,CORONEL RODRIGUEZ,1289,3013,82
Santa Fe,CULULU,1290,3023,82
Santa Fe,JACINTO L ARAUZ,1291,3029,82
Santa Fe,EL TROPEZON,1292,3009,82
Santa Fe,ELISA,1293,3029,82
Santa Fe,EMPALME SAN CARLOS,1294,3007,82
Santa Fe,ESPERANZA,1295,3080,82
Santa Fe,ESTACION MATILDE,1296,3013,82
Santa Fe,FELICIA,1297,3087,82
Santa Fe,FRANCK,1298,3009,82
Santa Fe,GRUTLY,1299,3083,82
Santa Fe,GRUTLY NORTE,1300,3083,82
Santa Fe,HIPATIA,1301,3023,82
Santa Fe,HUMBOLDT,1302,3081,82
Santa Fe,HUMBOLDT CHICO,1303,3081,82
Santa Fe,ITUZAINGO,1304,2311,82
Santa Fe,LA ORILLA,1305,3080,82
Santa Fe,LA PELADA,1306,3027,82
Santa Fe,LARRECHEA,1307,3080,82
Santa Fe,LAS HIGUERITAS,1308,3013,82
Santa Fe,LAS TUNAS,1309,3009,82
Santa Fe,MARIA LUISA,1310,3025,82
Santa Fe,MARIANO SAAVEDRA,1311,3011,82
Santa Fe,NUEVO TORINO,1312,3087,82
Santa Fe,PERICOTA,1313,3025,82
Santa Fe,PILAR,1314,3085,82
Santa Fe,PROGRESO,1315,3023,82
Santa Fe,PROVIDENCIA,1316,3025,82
Santa Fe,PUEBLO ABC,1317,3080,82
Santa Fe,PUJATO NORTE,1318,3080,82
Santa Fe,RINCON DEL PINTADO,1319,3080,82
Santa Fe,RIVADAVIA,1320,3081,82
Santa Fe,SA PEREYRA,1321,3011,82
Santa Fe,SAN AGUSTIN,1322,3017,82
Santa Fe,SAN CARLOS CENTRO,1323,3013,82
Santa Fe,SAN CARLOS NORTE,1324,3009,82
Santa Fe,SAN CARLOS SUD,1325,3013,82
Santa Fe,SAN JERONIMO DEL SAUCE,1326,3009,82
Santa Fe,SAN JERONIMO NORTE,1327,3011,82
Santa Fe,SAN MARIANO,1328,3011,82
Santa Fe,SANTA CLARA DE BUENA VISTA,1329,2258,82
Santa Fe,SANTA MARIA CENTRO,1330,3011,82
Santa Fe,SANTO DOMINGO,1331,3025,82
Santa Fe,SARMIENTO,1332,3023,82
Santa Fe,TOMAS ALVA EDISON,1333,3023,82
Santa Fe,BOMBAL,1334,2179,82
Santa Fe,CAMPO RUEDA,1335,2109,82
Santa Fe,CAÃ‘ADA RICA,1336,2105,82
Santa Fe,CEPEDA,1337,2105,82
Santa Fe,COLONIA VALDEZ,1338,2115,82
Santa Fe,EL BAGUAL,1339,2723,82
Santa Fe,EMPALME VILLA CONSTITUCION,1340,2918,82
Santa Fe,ESTACION VILLA CONSTITUCION,1341,2919,82
Santa Fe,FRANCISCO PAZ,1342,2111,82
Santa Fe,GENERAL GELLY,1343,2701,82
Santa Fe,GODOY,1344,2921,82
Santa Fe,JUAN B MOLINA,1345,2103,82
Santa Fe,JUNCAL,1346,2723,82
Santa Fe,LA OTHILA,1347,2115,82
Santa Fe,LA VANGUARDIA,1348,2105,82
Santa Fe,LOMA VERDE,1349,2117,82
Santa Fe,MAXIMO PAZ,1350,2115,82
Santa Fe,ORATORIO MORANTE,1351,2921,82
Santa Fe,PAVON,1352,2918,82
Santa Fe,PAVON ARRIBA,1353,2109,82
Santa Fe,PEYRANO,1354,2113,82
Santa Fe,ALCORTA,1355,2117,82
Santa Fe,RODOLFO ALCORTA,1356,2115,82
Santa Fe,RUEDA,1357,2921,82
Santa Fe,SANTA TERESA,1358,2111,82
Santa Fe,SARGENTO CABRAL,1359,2105,82
Santa Fe,STEPHENSON,1360,2103,82
Santa Fe,THEOBALD,1361,2918,82
Santa Fe,TRES ESQUINAS,1362,2921,82
Santa Fe,VILLA CONSTITUCION,1363,2919,82
Santa Fe,LA CELIA,1364,2115,82
Santa Fe,AGUARA GRANDE,1366,3071,82
Santa Fe,AMBROSETTI,1367,2352,82
Santa Fe,BEALISTOCK,1368,2326,82
Santa Fe,CAMPO BOTTO,1369,2345,82
Santa Fe,CAMPO EL MATACO,1370,2342,82
Santa Fe,CAPIVARA,1371,2311,82
Santa Fe,CERES,1372,2340,82
Santa Fe,COLONIA ANA,1373,2345,82
Santa Fe,COLONIA BERLIN,1374,2313,82
Santa Fe,COLONIA CLARA,1375,3025,82
Santa Fe,COLONIA EL SIMBOL,1376,3074,82
Santa Fe,COLONIA MACKINLAY,1377,2347,82
Santa Fe,COLONIA MALHMAN SUD,1378,2347,82
Santa Fe,COLONIA ORTIZ,1379,2313,82
Santa Fe,COLONIA RIPAMONTI,1380,2349,82
Santa Fe,COLONIA ROSA,1381,2347,82
Santa Fe,CUATRO CASAS,1382,2313,82
Santa Fe,CURUPAYTI,1383,2342,82
Santa Fe,DOCE CASAS,1384,2313,82
Santa Fe,EL AGUARA,1385,3070,82
Santa Fe,HERSILIA,1386,2352,82
Santa Fe,HUANQUEROS,1387,3076,82
Santa Fe,HUGENTOBLER,1388,2344,82
Santa Fe,KILOMETRO 235,1389,3076,82
Santa Fe,LA CABRAL,1390,3074,82
Santa Fe,LA CLARA,1391,3025,82
Santa Fe,LA LUCILA,1392,3072,82
Santa Fe,LA POLVAREDA,1393,3074,82
Santa Fe,LA RUBIA,1394,2342,82
Santa Fe,LA VERDE,1395,3076,82
Santa Fe,LAGUNA VERDE,1396,3076,82
Santa Fe,LAS AVISPAS,1397,3074,82
Santa Fe,LAS PALMERAS,1398,2326,82
Santa Fe,LOS MOLLES,1399,3070,82
Santa Fe,MARIA EUGENIA,1400,3072,82
Santa Fe,MOISES VILLE,1401,2313,82
Santa Fe,MONTE OSCURIDAD,1402,2349,82
Santa Fe,MUTCHNIK,1403,2313,82
Santa Fe,PETRONILA,1404,3046,82
Santa Fe,PORTUGALETE,1405,3071,82
Santa Fe,RINCON DE SAN ANTONIO,1406,3046,82
Santa Fe,RINCON DEL QUEBRACHO,1407,3025,82
Santa Fe,SAN CRISTOBAL,1408,3070,82
Santa Fe,SAN GUILLERMO,1409,2347,82
Santa Fe,SANTURCE,1410,3074,82
Santa Fe,SUARDI,1411,2349,82
Santa Fe,VEINTICUATRO CASAS,1412,2313,82
Santa Fe,VILLA SARALEGUI,1413,3046,82
Santa Fe,VILLA TRINIDAD,1414,2345,82
Santa Fe,WALVELBERG,1415,2313,82
Santa Fe,ZADOCKHAN,1416,2326,82
Santa Fe,CALCHINES,1417,3001,82
Santa Fe,CAMPO DEL MEDIO,1418,3001,82
Santa Fe,CAMPO ITURRASPE,1419,3001,82
Santa Fe,CAYASTA,1420,3001,82
Santa Fe,COLONIA CALIFORNIA,1421,3005,82
Santa Fe,COLONIA NUEVA NARCISO,1422,3001,82
Santa Fe,COLONIA SAN JOAQUIN,1423,3001,82
Santa Fe,EL LAUREL,1424,3001,82
Santa Fe,EL POZO,1425,3001,82
Santa Fe,HELVECIA,1426,3003,82
Santa Fe,JOSE MACIAS,1427,3041,82
Santa Fe,LA NORIA,1428,3001,82
Santa Fe,LAS CAÃ‘AS,1429,3046,82
Santa Fe,LAS TRES MARIAS,1430,3046,82
Santa Fe,LOS CERRILLOS,1431,3001,82
Santa Fe,RECREO SUR,1432,3001,82
Santa Fe,RUINAS SANTA FE LA VIEJA,1433,3001,82
Santa Fe,SALADERO M CABAL,1434,3001,82
Santa Fe,SAN JOAQUIN,1435,3001,82
Santa Fe,SANTA ROSA DE CALCHINES,1436,3001,82
Santa Fe,VUELTA DEL PIRATA,1437,3001,82
Santa Fe,ANDINO,1438,2214,82
Santa Fe,BERRETTA,1439,2501,82
Santa Fe,BUSTINZA,1440,2501,82
Santa Fe,CAMPO HORQUESCO,1441,2144,82
Santa Fe,CAMPO MEDINA,1442,2142,82
Santa Fe,CAMPO PALETTA,1443,2206,82
Santa Fe,CAMPO RAFFO,1444,2216,82
Santa Fe,CAÃ‘ADA DE GOMEZ,1445,2500,82
Santa Fe,CARRIZALES,1446,2218,82
Santa Fe,CLARKE,1447,2218,82
Santa Fe,CLASON,1448,2146,82
Santa Fe,COLONIA MEDICI,1449,2144,82
Santa Fe,COLONIA TRES MARIAS,1450,2216,82
Santa Fe,CORREA,1451,2506,82
Santa Fe,GRANJA SAN MANUEL,1452,2501,82
Santa Fe,KILOMETRO 323,1453,2142,82
Santa Fe,KILOMETRO 49,1454,2506,82
Santa Fe,LARGUIA,1455,2144,82
Santa Fe,LOS LEONES,1456,2146,82
Santa Fe,LUCIO V LOPEZ,1457,2142,82
Santa Fe,MARIA LUISA CORREA,1458,2501,82
Santa Fe,OLIVEROS,1459,2206,82
Santa Fe,RINCON DE GRONDONA,1460,2206,82
Santa Fe,SALTO GRANDE,1461,2142,82
Santa Fe,SAN ESTANISLAO,1462,2501,82
Santa Fe,SAN RICARDO,1464,2501,82
Santa Fe,SERODINO,1465,2216,82
Santa Fe,TOTORAS,1466,2144,82
Santa Fe,VILLA ELOISA,1467,2503,82
Santa Fe,CAMPO HUBER,1468,3555,82
Santa Fe,CAMPO ZAVALLA,1469,3045,82
Santa Fe,ARIJON,1470,2242,82
Santa Fe,AROCENA,1471,2242,82
Santa Fe,BARRANCAS,1472,2246,82
Santa Fe,BARRIO CAIMA,1473,2242,82
Santa Fe,BERNARDO DE IRIGOYEN,1474,2248,82
Santa Fe,CAMPO BRARDA,1475,2248,82
Santa Fe,CAMPO CARIGNANO,1476,2248,82
Santa Fe,CAMPO GALLOSO,1477,2212,82
Santa Fe,CAMPO GARCIA,1478,2240,82
Santa Fe,CAMPO GENERO,1479,2248,82
Santa Fe,CAMPO GIMENEZ,1480,2253,82
Santa Fe,CAMPO MOURE,1481,2240,82
Santa Fe,CARCEL MODELO CORONDA,1482,2240,82
Santa Fe,CENTENO,1483,2148,82
Santa Fe,COLONIA CORONDINA,1484,2240,82
Santa Fe,COLONIA CAMPO PIAGGIO,1485,2252,82
Santa Fe,CORONDA,1486,2240,82
Santa Fe,DESVIO ARIJON,1487,2242,82
Santa Fe,DIAZ,1488,2222,82
Santa Fe,GABOTO,1489,2208,82
Santa Fe,GESSLER,1490,2253,82
Santa Fe,IRIGOYEN,1491,2248,82
Santa Fe,LARRECHEA,1492,2241,82
Santa Fe,LOMA ALTA,1493,2253,82
Santa Fe,LOPEZ,1494,2255,82
Santa Fe,MACIEL,1495,2208,82
Santa Fe,MONJE,1496,2212,82
Santa Fe,OROÃ‘O,1497,2253,82
Santa Fe,PUENTE COLASTINE,1498,2242,82
Santa Fe,PUERTO ARAGON,1499,2246,82
Santa Fe,PUERTO GABOTO,1500,2208,82
Santa Fe,RIGBY,1501,2255,82
Santa Fe,SAN FABIAN,1502,2242,82
Santa Fe,SAN GENARO,1503,2146,82
Santa Fe,SAN GENARO NORTE,1504,2147,82
Santa Fe,VILLA BIOTA,1505,2147,82
Santa Fe,VILLA GUASTALLA,1506,2148,82
Santa Fe,FORTIN ALMAGRO,1507,3046,82
Santa Fe,ALTO VERDE,1508,3001,82
Santa Fe,ANGEL GALLARDO,1509,3014,82
Santa Fe,AROMOS,1510,3036,82
Santa Fe,ARROYO AGUIAR,1511,3014,82
Santa Fe,ARROYO LEYES,1512,3001,82
Santa Fe,ASCOCHINGAS,1513,3014,82
Santa Fe,BAJO LAS TUNAS,1514,3017,82
Santa Fe,BARRANQUITAS,1515,3000,82
Santa Fe,CABAL,1516,3036,82
Santa Fe,CAMPO ANDINO,1517,3021,82
Santa Fe,CAMPO CRESPO,1518,3001,82
Santa Fe,CAMPO LEHMAN,1519,3014,82
Santa Fe,CAMPO SANTO DOMINGO,1520,3020,82
Santa Fe,CANDIOTI,1521,3018,82
Santa Fe,COLASTINE,1522,3001,82
Santa Fe,COLASTINE NORTE,1523,3001,82
Santa Fe,COLONIA CAMPO BOTTO,1524,3036,82
Santa Fe,CONSTITUYENTES,1525,3014,82
Santa Fe,EL GALPON,1526,3021,82
Santa Fe,EMILIA,1527,3036,82
Santa Fe,IRIONDO,1528,3018,82
Santa Fe,ISLA DEL PORTEÃ‘O,1529,3001,82
Santa Fe,KILOMETRO 28,1530,3014,82
Santa Fe,KILOMETRO 35,1531,3014,82
Santa Fe,KILOMETRO 41,1532,3020,82
Santa Fe,KILOMETRO 49,1533,3023,82
Santa Fe,KILOMETRO 9,1534,3000,82
Santa Fe,LA GUARDIA,1535,3001,82
Santa Fe,LAGUNA PAIVA,1536,3020,82
Santa Fe,LASSAGA,1537,3036,82
Santa Fe,LLAMBI CAMPBELL,1538,3036,82
Santa Fe,LOS HORNOS,1539,3021,82
Santa Fe,MANUCHO,1540,3023,82
Santa Fe,MONTE VERA,1541,3014,82
Santa Fe,NELSON,1542,3032,82
Santa Fe,NUEVA POMPEYA,1543,3014,82
Santa Fe,PASO VINAL,1544,3080,82
Santa Fe,PIQUETE,1545,3000,82
Santa Fe,POMPEYA,1546,3014,82
Santa Fe,PUEBLO CANDIOTI,1547,3000,82
Santa Fe,RECREO,1548,3018,82
Santa Fe,REYNALDO CULLEN,1549,3020,82
Santa Fe,RINCON NORTE,1550,3001,82
Santa Fe,RINCON POTREROS,1551,3001,82
Santa Fe,RINCON DE AVILA,1552,3023,82
Santa Fe,RIO SALADO,1553,3036,82
Santa Fe,SAN GUILLERMO,1554,3020,82
Santa Fe,SAN JOSE DEL RINCON,1556,3001,82
Santa Fe,SAN PEDRO,1557,3021,82
Santa Fe,SAN PEDRO NORTE,1558,3021,82
Santa Fe,SAN PEDRO SUR,1559,3014,82
Santa Fe,SANTO TOME,1864,3016,82
Santa Fe,SAUCE VIEJO,1865,3017,82
Santa Fe,SETUBAL,1866,3014,82
Santa Fe,VILLA DON BOSCO,1867,3000,82
Santa Fe,VILLA LUJAN,1868,3016,82
Santa Fe,VILLA MARIA SELVA,1869,3000,82
Santa Fe,VILLA VIVEROS,1870,3001,82
Santa Fe,VILLA YAPEYU,1871,3000,82
Santa Fe,YAMANDU,1872,3014,82
Santa Fe,INGENIERO BOASI,1873,3023,82
Santa Fe,SANTA CLARA,1874,2258,82
Santa Fe,AARON CASTELLANOS,1875,6106,82
Santa Fe,AMENABAR,1876,6103,82
Santa Fe,CAFFERATA,1877,2643,82
Santa Fe,CAMINERA GENERAL LOPEZ,1878,2720,82
Santa Fe,CAMPO QUIRNO,1879,2607,82
Santa Fe,CAÃ‘ADA DEL UCLE,1880,2635,82
Santa Fe,CARLOS DOSE,1881,2635,82
Santa Fe,CARMEN,1882,2618,82
Santa Fe,CARRERAS,1883,2729,82
Santa Fe,CHAPUY,1884,2603,82
Santa Fe,CHOVET,1885,2633,82
Santa Fe,CORONEL ROSETI,1886,6106,82
Santa Fe,COLONIA MORGAN,1887,2609,82
Santa Fe,COLONIA SANTA LUCIA,1888,2609,82
Santa Fe,CORA,1889,2631,82
Santa Fe,4 DE febrero,1890,2732,82
Santa Fe,DIEGO DE ALVEAR,1891,6036,82
Santa Fe,DURHAM,1892,2631,82
Santa Fe,EL ALBERDON,1893,6106,82
Santa Fe,EL CANTOR,1894,2643,82
Santa Fe,EL JARDIN,1895,2732,82
Santa Fe,EL REFUGIO,1896,6103,82
Santa Fe,ELORTONDO,1897,2732,82
Santa Fe,ENCADENADAS,1898,2607,82
Santa Fe,ESTACION CHRISTOPHERSEN,1899,2611,82
Santa Fe,FIRMAT,1900,2630,82
Santa Fe,HUGHES,1901,2725,82
Santa Fe,KILOMETRO 396,1902,6106,82
Santa Fe,LA ADELAIDA,1903,6103,82
Santa Fe,LA ASTURIANA,1904,6106,82
Santa Fe,LA CALMA,1905,6106,82
Santa Fe,LA CHISPA,1906,2601,82
Santa Fe,LA CONSTANCIA,1907,6103,82
Santa Fe,LA GAMA,1908,2615,82
Santa Fe,LA INES,1909,6100,82
Santa Fe,LA INGLESITA,1910,2601,82
Santa Fe,LA MOROCHA,1911,2613,82
Santa Fe,LA PICASA,1912,6036,82
Santa Fe,LABORDEBOY,1913,2726,82
Santa Fe,LAS DOS ANGELITAS,1914,6106,82
Santa Fe,LAS ENCADENADAS,1915,2607,82
Santa Fe,LAZZARINO,1916,6103,82
Santa Fe,LOS ARCOS,1917,2720,82
Santa Fe,MAGGIOLO,1918,2622,82
Santa Fe,MARIA TERESA,1919,2609,82
Santa Fe,MELINCUE,1920,2728,82
Santa Fe,MERCEDITAS,1921,2725,82
Santa Fe,MIRAMAR,1922,6106,82
Santa Fe,MURPHY,1923,2601,82
Santa Fe,OTTO BEMBERG,1924,2605,82
Santa Fe,MIGUEL TORRES,1925,2631,82
Santa Fe,RASTREADOR FOURNIER,1926,2605,82
Santa Fe,RUFINO,1927,6100,82
Santa Fe,RUNCIMAN,1928,2611,82
Santa Fe,SAN CARLOS,1929,6106,82
Santa Fe,SAN EDUARDO,1930,2615,82
Santa Fe,SAN FRANCISCO DE SANTA FE,1931,2601,82
Santa Fe,SAN GREGORIO,1932,2613,82
Santa Fe,SAN MARCELO,1933,6009,82
Santa Fe,SAN MARCOS DE VENADO TUERTO,1934,2600,82
Santa Fe,SAN URBANO,1935,2728,82
Santa Fe,SANCTI SPIRITU,1936,2617,82
Santa Fe,SANTA EMILIA,1937,2725,82
Santa Fe,SANTA ISABEL,1938,2605,82
Santa Fe,SANTA PAULA,1939,6106,82
Santa Fe,TARRAGONA,1940,6103,82
Santa Fe,TEODELINA,1941,6009,82
Santa Fe,VENADO TUERTO,1942,2600,82
Santa Fe,VILLA CAÃ‘AS,1943,2607,82
Santa Fe,VILLA DIVISA DE MAYO,1944,2631,82
Santa Fe,VILLA FREDRICKSON,1945,2630,82
Santa Fe,VILLA REGULES,1946,2630,82
Santa Fe,VILLA ROSELLO,1947,6100,82
Santa Fe,WHEELWRIGHT,1948,2722,82
Santa Fe,ARROYO CEIBAL,1949,3575,82
Santa Fe,ARROYO DEL REY,1950,3565,82
Santa Fe,AVELLANEDA,1951,3561,82
Santa Fe,BERNA,1952,3569,82
Santa Fe,CAMPO EL ARAZA,1953,3569,82
Santa Fe,CAMPO FURRER,1954,3569,82
Santa Fe,CAMPO GARABATO,1955,3572,82
Santa Fe,CAMPO GOLA,1956,3516,82
Santa Fe,CAMPO GRANDE,1957,3575,82
Santa Fe,COLONIA HARDY,1958,3592,82
Santa Fe,CAMPO RAMSEYER,1959,3572,82
Santa Fe,CAMPO REDONDO,1960,3581,82
Santa Fe,CAMPO SIETE PROVINCIAS,1961,3575,82
Santa Fe,COLONIA URDANIZ,1962,3516,82
Santa Fe,CAMPO VERGE,1963,3516,82
Santa Fe,CAMPO YAGUARETE,1964,3586,82
Santa Fe,CAPILLA GUADALUPE NORTE,1965,3574,82
Santa Fe,COLONIA ALTHUAUS,1966,3572,82
Santa Fe,COLONIA ELLA,1967,3572,82
Santa Fe,COLONIA SAN MANUEL,1968,3563,82
Santa Fe,COLONIA SANTA CATALINA,1969,3572,82
Santa Fe,BARROS PAZOS,1970,3569,82
Santa Fe,DESVIO KILOMETRO 392,1971,3551,82
Santa Fe,DISTRITO 3 ISLETAS,1972,3575,82
Santa Fe,EL ARAZA,1973,3563,82
Santa Fe,EL CARMEN DE AVELLANEDA,1974,3561,82
Santa Fe,EL CEIBALITO,1975,3575,82
Santa Fe,EL RABON,1976,3592,82
Santa Fe,EL RICARDITO,1977,3572,82
Santa Fe,EL SOMBRERITO,1978,3585,82
Santa Fe,EL TAPIALITO,1979,3575,82
Santa Fe,EL TIMBO,1980,3561,82
Santa Fe,EWALD,1981,3561,82
Santa Fe,FLOR DE ORO,1982,3575,82
Santa Fe,FLORENCIA,1983,3516,82
Santa Fe,FLORIDA,1984,3565,82
Santa Fe,FORTIN CHARRUA,1985,3060,82
Santa Fe,GOLONDRINA,1986,3551,82
Santa Fe,GUADALUPE NORTE,1987,3574,82
Santa Fe,GUASUNCHO,1988,3581,82
Santa Fe,INGENIERO CHANOURDIE,1989,3575,82
Santa Fe,INGENIERO GARMENDIA,1990,3586,82
Santa Fe,INGENIERO GERMANIA,1991,3586,82
Santa Fe,ISLA TIGRE,1992,3583,82
Santa Fe,ISLETA,1993,3581,82
Santa Fe,KILOMETRO 17,1994,3565,82
Santa Fe,KILOMETRO 23,1995,3589,82
Santa Fe,KILOMETRO 30,1996,3565,82
Santa Fe,KILOMETRO 320,1997,3551,82
Santa Fe,KILOMETRO 392,1998,3551,82
Santa Fe,KILOMETRO 403,1999,3585,82
Santa Fe,KILOMETRO 408,2000,3580,82
Santa Fe,KILOMETRO 41,2001,3581,82
Santa Fe,KILOMETRO 421,2002,3585,82
Santa Fe,KILOMETRO 67,2003,3581,82
Santa Fe,LA BLANCA,2004,3551,82
Santa Fe,LA CELIA,2005,3569,82
Santa Fe,LA CLARITA,2006,3585,82
Santa Fe,LA DIAMELA,2007,3569,82
Santa Fe,LA ESMERALDA,2008,3560,82
Santa Fe,LA JOSEFINA,2009,3565,82
Santa Fe,LA LOLA,2010,3567,82
Santa Fe,LA POTASA,2011,3563,82
Santa Fe,LA RESERVA,2012,3581,82
Santa Fe,LA SARITA,2013,3563,82
Santa Fe,LA SELVA,2014,3551,82
Santa Fe,LA VANGUARDIA,2015,3561,82
Santa Fe,LA ZULEMA,2016,3551,82
Santa Fe,LANTERI,2017,3575,82
Santa Fe,LAS DELICIAS,2018,3551,82
Santa Fe,LAS GARZAS,2019,3574,82
Santa Fe,LAS PALMAS,2021,3555,82
Santa Fe,LAS SIETE PROVINCIAS,2022,3575,82
Santa Fe,LAS TOSCAS,2023,3586,82
Santa Fe,LOS CLAROS,2024,3551,82
Santa Fe,LOS LAPACHOS,2025,3575,82
Santa Fe,LOS LAURELES,2026,3567,82
Santa Fe,LOS LEONES,2027,3551,82
Santa Fe,MALABRIGO,2028,3572,82
Santa Fe,MOCOVI,2029,3581,82
Santa Fe,MOUSSY,2030,3561,82
Santa Fe,NICANOR E MOLINAS,2031,3563,82
Santa Fe,OBRAJE INDIO MUERTO,2032,3589,82
Santa Fe,OBRAJE SAN JUAN,2033,3589,82
Santa Fe,PAUL GROUSSAC,2034,3585,82
Santa Fe,POTRERO GUASUNCHO,2035,3589,82
Santa Fe,PUERTO OCAMPO,2036,3580,82
Santa Fe,PUERTO PIRACUA,2037,3516,82
Santa Fe,PUERTO PIRACUACITO,2038,3592,82
Santa Fe,PUERTO RECONQUISTA,2039,3567,82
Santa Fe,RECONQUISTA,2040,3560,82
Santa Fe,DEST AERONAUTICO MILIT RECONQU,2041,3567,82
Santa Fe,SAN ALBERTO,2042,3565,82
Santa Fe,SAN ANTONIO DE OBLIGADO,2043,3587,82
Santa Fe,SAN ROQUE,2044,3553,82
Santa Fe,SAN VICENTE,2045,3580,82
Santa Fe,SANTA ANA,2046,3575,82
Santa Fe,TACUARENDI,2047,3587,82
Santa Fe,VICTOR MANUEL SEGUNDO,2048,3563,82
Santa Fe,VILLA ADELA,2049,3581,82
Santa Fe,VILLA ANA,2050,3583,82
Santa Fe,VILLA GUILLERMINA,2051,3589,82
Santa Fe,VILLA OCAMPO,2052,3580,82
Santa Fe,YAGUARETE,2053,3586,82
Santa Fe,ACEBAL,2054,2109,82
Santa Fe,AERO CLUB ROSARIO,2055,2132,82
Santa Fe,ALBARELLOS,2056,2101,82
Santa Fe,ALVAREZ,2057,2107,82
Santa Fe,ALVEAR,2058,2126,82
Santa Fe,ARMINDA,2059,2119,82
Santa Fe,ARROYO SECO,2060,2128,82
Santa Fe,BERNARD,2061,2119,82
Santa Fe,CAMINO MONTE FLORES,2062,2126,82
Santa Fe,CAMPO CALVO,2063,2123,82
Santa Fe,CARMEN DEL SAUCE,2064,2109,82
Santa Fe,COLONIA ESCRIBANO,2065,2103,82
Santa Fe,CORONEL AGUIRRE,2066,2124,82
Santa Fe,CORONEL BOGADO,2067,2103,82
Santa Fe,CORONEL DOMINGUEZ,2068,2105,82
Santa Fe,CRESTA,2069,2126,82
Santa Fe,EL CARAMELO,2070,2105,82
Santa Fe,ESTACION ERASTO,2071,2119,82
Santa Fe,ESTANCIA LA MARIA,2072,2105,82
Santa Fe,ESTANCIA SAN ANTONIO,2073,2107,82
Santa Fe,FIGHIERA,2074,2126,82
Santa Fe,FUNES,2075,2132,82
Santa Fe,GENERAL LAGOS,2076,2126,82
Santa Fe,GRANADERO B BARGAS,2077,2132,82
Santa Fe,GRANADERO BAIGORRIA,2078,2152,82
Santa Fe,IBARLUCEA,2079,2142,82
Santa Fe,LA CAROLINA,2080,2105,82
Santa Fe,LA CERAMICA Y CUYO,2081,2000,82
Santa Fe,LA LATA,2082,2126,82
Santa Fe,LICEO AERONAUTICO MILITAR,2083,2132,82
Santa Fe,LINKS,2084,2132,82
Santa Fe,LOS MUCHACHOS,2085,2105,82
Santa Fe,MONTE FLORES,2086,2101,82
Santa Fe,PAGANINI,2087,2152,82
Santa Fe,PEREYRA LUCENA,2088,2105,82
Santa Fe,PEREZ,2089,2121,82
Santa Fe,PUEBLO ESTHER,2090,2126,82
Santa Fe,PUEBLO MUÃ‘OZ,2091,2119,82
Santa Fe,SAN SEBASTIAN,2100,2121,82
Santa Fe,SOLDINI,2101,2107,82
Santa Fe,TALLERES,2102,2121,82
Santa Fe,URANGA,2103,2105,82
Santa Fe,22 DE mayo,2104,2124,82
Santa Fe,VILLA AMELIA,2105,2101,82
Santa Fe,VILLA AMERICA,2106,2121,82
Santa Fe,VILLA GOBERNADOR GALVEZ,2107,2124,82
Santa Fe,VILLA LYLY TALLERES,2108,2121,82
Santa Fe,VILLA SAN DIEGO,2109,2124,82
Santa Fe,ZAMPONI,2110,2105,82
Santa Fe,ZAVALLA,2111,2123,82
Santa Fe,ARRUFO,2112,2344,82
Santa Fe,DHO,2113,3070,82
Santa Fe,Ã‘ANDUCITA,2114,3072,82
Santa Fe,ALEJANDRA,2115,3051,82
Santa Fe,CAMPO COUBERT,2116,3056,82
Santa Fe,CAÃ‘ADITA,2117,3052,82
Santa Fe,COLONIA DURAN,2118,3553,82
Santa Fe,COLONIA EL TOBA,2119,3553,82
Santa Fe,COLONIA FRANCESA,2120,3005,82
Santa Fe,COLONIA LA MORA,2121,3045,82
Santa Fe,COLONIA LA NICOLASA,2122,3056,82
Santa Fe,COLONIA MASCIAS,2123,3001,82
Santa Fe,COLONIA SAGER,2124,3553,82
Santa Fe,COLONIA TERESA,2125,3005,82
Santa Fe,EL PAJARO BLANCO,2126,3051,82
Santa Fe,LA BRAVA,2127,3045,82
Santa Fe,LA CATALINA,2128,3572,82
Santa Fe,LA LOMA,2129,3555,82
Santa Fe,LOS CARDENALES,2130,3005,82
Santa Fe,LOS CORRALITOS,2131,3051,82
Santa Fe,LOS CUERVOS,2132,3555,82
Santa Fe,LOS OSOS,2133,3051,82
Santa Fe,ROMANG,2134,3555,82
Santa Fe,SAN JAVIER,2135,3005,82
Santa Fe,CASALEGNO,2136,2248,82
Santa Fe,GALVEZ,2137,2252,82
Santa Fe,LAS BANDURRIAS,2138,2148,82
Santa Fe,SAN MARTIN DE TOURS,2139,2255,82
Santa Fe,ABIPONES,2140,3042,82
Santa Fe,ARRASCAETA,2141,3046,82
Santa Fe,AVICHUNCHO,2142,3040,82
Santa Fe,CACIQUE ARIACAIQUIN,2143,3041,82
Santa Fe,CAMPO BERRAZ,2144,3046,82
Santa Fe,CAYASTACITO,2145,3038,82
Santa Fe,ANGELONI,2146,3048,82
Santa Fe,COLONIA DOLORES,2147,3045,82
Santa Fe,COLONIA EL OCHENTA,2148,3042,82
Santa Fe,COLONIA LA BLANCA,2149,3052,82
Santa Fe,COLONIA LA PENCA,2150,3045,82
Santa Fe,COLONIA MANUEL MENCHACA,2151,3046,82
Santa Fe,COLONIA SILVA,2152,3042,82
Santa Fe,SOL DE MAYO,2153,3048,82
Santa Fe,COLONIA TRES REYES,2154,3048,82
Santa Fe,ESQUINA GRANDE,2155,3040,82
Santa Fe,ESTHER,2156,3036,82
Santa Fe,FIVES LILLE,2157,3054,82
Santa Fe,GOBERNADOR CRESPO,2158,3044,82
Santa Fe,GUARANIES,2159,3054,82
Santa Fe,KILOMETRO 95,2160,3046,82
Santa Fe,LA CAMILA,2161,3054,82
Santa Fe,LA CLORINDA,2162,3021,82
Santa Fe,LA CRIOLLA,2163,3052,82
Santa Fe,LA JULIA,2164,3046,82
Santa Fe,LA ROSA,2165,3042,82
Santa Fe,LA SEMENTERA,2166,3038,82
Santa Fe,LOS OLIVOS,2167,3046,82
Santa Fe,LOS SALADILLOS,2168,3041,82
Santa Fe,LUCIANO LEIVA,2169,3048,82
Santa Fe,MARCELINO ESCALADA,2170,3042,82
Santa Fe,MIGUEL ESCALADA,2171,3046,82
Santa Fe,Ã‘ANDUBAY,2172,3041,82
Santa Fe,NARE,2173,3046,82
Santa Fe,NUEVA UKRANIA,2174,3046,82
Santa Fe,PAIKIN,2175,3046,82
Santa Fe,PEDRO GOMEZ CELLO,2176,3054,82
Santa Fe,SAN BERNARDO,2177,3048,82
Santa Fe,RAMAYON,2178,3042,82
Santa Fe,SAN JUSTO,2179,3040,82
Santa Fe,SAN MARTIN NORTE,2180,3045,82
Santa Fe,SOLEDAD,2181,3025,82
Santa Fe,SOUTOMAYOR,2182,3025,82
Santa Fe,VERA MUJICA,2183,3040,82
Santa Fe,VERA Y PINTADO,2184,3054,82
Santa Fe,VIDELA,2185,3048,82
Santa Fe,VILLA LASTENIA,2186,3042,82
Santa Fe,ALDAO,2187,2214,82
Santa Fe,ARSENAL DE GUERRA SAN LORENZO,2188,2156,82
Santa Fe,BARLETT,2189,2175,82
Santa Fe,BORGHI,2190,2156,82
Santa Fe,CAPITAN BERMUDEZ,2191,2154,82
Santa Fe,CARCARAÃ‘A,2192,2138,82
Santa Fe,CERANA,2193,2202,82
Santa Fe,COLONIA CLODOMIRA,2194,2123,82
Santa Fe,COLONIA EL CARMEN,2195,2138,82
Santa Fe,CORONEL ARNOLD,2196,2123,82
Santa Fe,CULLEN,2197,2202,82
Santa Fe,EL TRANSITO,2198,2202,82
Santa Fe,FABRICA MILITAR SAN LORENZO,2199,2156,82
Santa Fe,FRAY LUIS BELTRAN,2200,2156,82
Santa Fe,FUENTES,2201,2123,82
Santa Fe,GRANADEROS,2202,2156,82
Santa Fe,JESUS MARIA,2203,2204,82
Santa Fe,JUAN ORTIZ,2204,2154,82
Santa Fe,KILOMETRO 319,2205,2154,82
Santa Fe,LA SALADA,2206,2142,82
Santa Fe,LAS QUINTAS,2207,2200,82
Santa Fe,LUIS PALACIOS,2208,2142,82
Santa Fe,MAIZALES,2209,2119,82
Santa Fe,PINO DE SAN LORENZO,2210,2200,82
Santa Fe,PUEBLO KIRSTON,2211,2202,82
Santa Fe,PUERTO DE SAN LORENZO,2212,2200,82
Santa Fe,PUERTO GRAL SAN MARTIN,2213,2202,82
Santa Fe,PUJATO,2214,2123,82
Santa Fe,RICARDONE,2215,2201,82
Santa Fe,ROLDAN,2216,2134,82
Santa Fe,SAN GERONIMO,2217,2136,82
Santa Fe,SAN JERONIMO SUD,2218,2136,82
Santa Fe,SAN LORENZO,2219,2200,82
Santa Fe,SEMINO,2220,2138,82
Santa Fe,TIMBUES,2221,2204,82
Santa Fe,TTE HIPOLITO BOUCHARD,2222,2156,82
Santa Fe,VICENTE ECHEVARRIA,2223,2142,82
Santa Fe,VILLA CASSINI,2224,2154,82
Santa Fe,VILLA GARIBALDI,2225,2156,82
Santa Fe,VILLA MARGARITA,2226,2156,82
Santa Fe,VILLA MUGUETA,2227,2175,82
Santa Fe,VILLA PORUCCI,2228,2123,82
Santa Fe,AVENA,2229,2449,82
Santa Fe,BARRIO BELGRANO ORTIZ,2230,2440,82
Santa Fe,CAMPO CASTRO,2231,2148,82
Santa Fe,CAMPO FAGGIANO,2232,2440,82
Santa Fe,CAÃ‘ADA ROSQUIN,2233,2454,82
Santa Fe,CARLOS PELLEGRINI,2234,2453,82
Santa Fe,CASAS,2235,2148,82
Santa Fe,COLONIA BELGRANO,2236,2257,82
Santa Fe,CASTELAR,2237,2401,82
Santa Fe,COLONIA LA YERBA,2238,2451,82
Santa Fe,COLONIA SAN FRANCISCO,2239,2527,82
Santa Fe,COLONIA SANTA ANITA,2240,2451,82
Santa Fe,CRISPI,2241,2441,82
Santa Fe,EL TREBOL,2242,2535,82
Santa Fe,ESMERALDITA,2243,2401,82
Santa Fe,GRANADERO BASILIO BUSTOS,2244,2257,82
Santa Fe,KILOMETRO 443,2245,2454,82
Santa Fe,KILOMETRO 465,2246,2456,82
Santa Fe,LANDETA,2247,2531,82
Santa Fe,LAS PETACAS,2248,2451,82
Santa Fe,LOS CARDOS,2249,2533,82
Santa Fe,MARIA SUSANA,2250,2527,82
Santa Fe,PIAMONTE,2251,2529,82
Santa Fe,SAN JORGE,2252,2451,82
Santa Fe,SAN JOSE FRONTERA,2253,2401,82
Santa Fe,SAN MARTIN DE LAS ESCOBAS,2254,2449,82
Santa Fe,SASTRE,2255,2440,82
Santa Fe,TAIS,2256,2535,82
Santa Fe,TRAILL,2257,2456,82
Santa Fe,WILDERMUTH,2258,2257,82
Santa Fe,CALCHAQUI,2259,3050,82
Santa Fe,CAMPO MONTE LA VIRUELA,2260,3551,82
Santa Fe,CAÃ‘ADA OMBU,2261,3551,82
Santa Fe,CARAGUATAY,2262,3557,82
Santa Fe,COLMENA,2263,3551,82
Santa Fe,COLONIA LA MARIA,2264,3056,82
Santa Fe,COLONIA LA NEGRA,2265,3054,82
Santa Fe,DESVIO KILOMETRO 282,2267,3551,82
Santa Fe,EL DIECISIETE,2268,3553,82
Santa Fe,EL TAJAMAR,2269,3565,82
Santa Fe,ESPIN,2270,3056,82
Santa Fe,ESTANCIA LAS GAMAS,2271,3057,82
Santa Fe,ESTANCIA LOS PALMARES,2272,3057,82
Santa Fe,ESTANCIA PAVENHAN,2273,3057,82
Santa Fe,FORTIN CHILCAS,2274,3553,82
Santa Fe,FORTIN OLMOS,2275,3553,82
Santa Fe,GARABATO,2276,3551,82
Santa Fe,GUAYCURU,2277,3551,82
Santa Fe,INTIYACO,2278,3551,82
Santa Fe,KILOMETRO 213,2279,3050,82
Santa Fe,KILOMETRO 302,2280,3551,82
Santa Fe,KILOMETRO 49,2281,3589,82
Santa Fe,KILOMETRO 54,2282,3589,82
Santa Fe,LA CIGUEÃ‘A,2283,3057,82
Santa Fe,LA GALLARETA,2284,3057,82
Santa Fe,LA GUAMPITA,2285,3056,82
Santa Fe,LA HOSCA,2286,3050,82
Santa Fe,LA ORIENTAL,2287,3054,82
Santa Fe,LA SARNOSA,2288,3057,82
Santa Fe,LOS AMORES,2289,3551,82
Santa Fe,LOS GALPONES,2290,3050,82
Santa Fe,LOS PALMARES,2291,3057,82
Santa Fe,LOS TABANOS DESVIO KM 366,2292,3551,82
Santa Fe,MARGARITA,2293,3056,82
Santa Fe,Ã‘ANDU,2294,3553,82
Santa Fe,OGILVIE,2295,3551,82
Santa Fe,PARAJE 29,2296,3553,82
Santa Fe,PARAJE TRAGNAGHI,2297,3551,82
Santa Fe,PAVENHAN,2298,3057,82
Santa Fe,POZO DE LOS INDIOS,2299,3551,82
Santa Fe,SANTA FELICIA,2300,3551,82
Santa Fe,SANTA LUCIA,2301,3553,82
Santa Fe,TARTAGAL,2302,3565,82
Santa Fe,TOBA,2303,3551,82
Santa Fe,VELAZQUEZ,2304,3550,82
Santa Fe,VERA,2305,3550,82
Santa Fe,SAN EUGENIO,15702,2253,82
Santa Fe,SANTA FE,16391,3000,82
Santa Fe,ESTANCIA ACHALA,17109,3060,82
Santa Fe,EL TRIANGULO,17119,3060,82
Santa Fe,FORTIN TACURU,17132,3060,82
Santa Fe,LAS ARENAS,17169,3060,82
Santa Fe,SAN BERNARDO,17209,3061,82
Santa Fe,SIN PEREZA,17217,3060,82
Santa Fe,LAS LIEBRES,17312,2520,82
Santa Fe,AREQUITO,17321,2183,82
Santa Fe,AURELIA NORTE,17368,2318,82
Santa Fe,AURELIA SUD,17372,2318,82
Santa Fe,EL BAYO,17426,2300,82
Santa Fe,ESTACION MARIA JUANA,17434,2445,82
Santa Fe,FASSI,17443,2300,82
Santa Fe,HUGENTOBLER,17450,2317,82
Santa Fe,PUEBLO TERRAGNI,17481,2300,82
Santa Fe,SIERRA PEREYRA,17491,2300,82
Santa Fe,TRES COLONIAS,17497,2300,82
Santa Fe,COPACABANA,17667,2919,82
Santa Fe,ACHAVAL RODRIGUEZ,17762,2344,82
Santa Fe,COLONIA DOS ROSAS Y LA LEGUA,17811,2349,82
Santa Fe,ESTANCIA SAN FRANCISCO,17851,2344,82
Santa Fe,COLONIA LOS ZAPALLOS,17965,3003,82
Santa Fe,CICARELLI,18092,2500,82
Santa Fe,LAS TROJAS,18155,2500,82
Santa Fe,VILLA LA RIBERA,18167,2500,82
Santa Fe,BOCA P 25,18340,2600,82
Santa Fe,CHATEAUBRIAND,18343,2600,82
Santa Fe,ESTACION TEODELINA,18346,2600,82
Santa Fe,SANTA TERESA,18350,6106,82
Santa Fe,RABIOLA,18354,2600,82
Santa Fe,VILLA ESTELA,18355,2726,82
Santa Fe,CAMPO UBAJO,18356,3560,82
Santa Fe,COLONIA EL VEINTICINCO,18358,3560,82
Santa Fe,COLONIA YAGUARETE,18360,3560,82
Santa Fe,LAS ANINTAS,18363,3560,82
Santa Fe,LAS CATALINAS,18365,3560,82
Santa Fe,LAS GARSITAS,18368,3560,82
Santa Fe,TRES BOCAS,18372,3560,82
Santa Fe,COLONIA SAN ROQUE,18375,3005,82
Santa Fe,EL CEIBO,18376,3005,82
Santa Fe,EL GUSANO,18378,3005,82
Santa Fe,EL PARA,18379,3005,82
Santa Fe,OMBU NORTE,18381,3005,82
Santa Fe,ASUNCION MARIA,18384,3040,82
Santa Fe,EL SOMBRERERO,18388,3046,82
Santa Fe,ESTANCIA LA CONSTANCIA,18391,3040,82
Santa Fe,ESTANCIA PRUSIA,18393,3040,82
Santa Fe,LA CAPILLA,18396,3040,82
Santa Fe,MASCIAS,18401,3041,82
Santa Fe,SCHIFFNER,18407,2451,82
Santa Fe,ALLENDE,18412,3550,82
Santa Fe,CERRITO,18415,3550,82
Santa Fe,EL 38,18419,3550,82
Santa Fe,EL 44,18421,3550,82
Santa Fe,EL CINCUENTA,18423,3550,82
Santa Fe,EL BONETE,18425,3550,82
Santa Fe,PARAJE KILOMETRO 12,18429,3550,82
Santa Fe,PUEBLO GOLONDRINA,18431,3551,82
Santa Fe,ROSARIO,20949,2000,82
Santa Fe,SAN JOSE,27663,3016,82
Santa Fe,PIÃ‘ERO,27664,2119,82
Santa Fe,SANTA MARIA NORTE,27831,3011,82
Santa Fe,COSTA DEL TOBA,27855,3553,82
