Tucuman,AGUA NEGRA,12078,4101,90
Tucuman,ALTA GRACIA DE VILLA BURRUYACU,12079,4101,90
Tucuman,ANGOSTURA,12080,4117,90
Tucuman,ANTA CHICA,12081,4187,90
Tucuman,ANTILLAS,12082,4119,90
Tucuman,ASERRADERO,12083,4101,90
Tucuman,CAÃ‘ADA ALEGRE,12084,4119,90
Tucuman,CAÃ‘ADA DE ALZOGARAY,12085,4117,90
Tucuman,CAÃ‘ADA DE LOS NEGROS,12086,4119,90
Tucuman,CAÃ‘ADA HONDA,12087,4101,90
Tucuman,CAÃ‘ADA LARGA,12088,4101,90
Tucuman,CEJA POZO,12089,4187,90
Tucuman,CHABELA,12090,4117,90
Tucuman,CHAÃ‘AR VIA,12091,4117,90
Tucuman,CHAÃ‘AR VIEJO,12092,4117,90
Tucuman,CHILCA,12093,4119,90
Tucuman,COLONIA LOS HILLS,12094,4101,90
Tucuman,COLONIA NRO 2,12095,4119,90
Tucuman,COLONIA SAN RAMON,12096,4101,90
Tucuman,CORTADERAS,12098,4195,90
Tucuman,COSSIO,12099,4119,90
Tucuman,CUCHILLAS,12100,4101,90
Tucuman,EL BACHI,12101,4187,90
Tucuman,EL BARCO,12102,4119,90
Tucuman,EL CAJON,12103,4119,90
Tucuman,EL CHAÃ‘AR,12104,4117,90
Tucuman,EL CHORRO,12105,4119,90
Tucuman,EL ESPINILLO,12106,4117,90
Tucuman,EL MUTUL,12107,4101,90
Tucuman,EL NARANJO,12108,4117,90
Tucuman,EL OBRAJE,12109,4119,90
Tucuman,EL PUESTITO,12110,4119,90
Tucuman,EL PUESTO DEL MEDIO,12111,4187,90
Tucuman,EL RODEO,12112,4119,90
Tucuman,EL SAUZAL,12113,4151,90
Tucuman,EL TAJAMAR,12114,4119,90
Tucuman,EL TIMBO,12115,4101,90
Tucuman,EL ZAPALLAR,12116,4119,90
Tucuman,GARMENDIA,12117,4187,90
Tucuman,GOBERNADOR PIEDRABUENA,12118,4187,90
Tucuman,JAGUEL,12119,4119,90
Tucuman,KILOMETRO 37,12120,4119,90
Tucuman,LA ARGENTINA,12121,4119,90
Tucuman,LA CAÃ‘ADA,12122,4119,90
Tucuman,LA CIENAGA,12123,4101,90
Tucuman,LA CRUZ,12124,4119,90
Tucuman,LA FLORIDA,12125,4195,90
Tucuman,LA PUERTA,12126,4101,90
Tucuman,LA RAMADA,12127,4119,90
Tucuman,LA RAMADA DE ABAJO,12128,4119,90
Tucuman,LAGUNA DE ROBLES,12130,4119,90
Tucuman,LAS COLAS,12131,4195,90
Tucuman,LAS PECHOSAS,12132,4119,90
Tucuman,LAS ZANJAS,12133,4119,90
Tucuman,LEO HUASI,12134,4101,90
Tucuman,LOMA GRANDE,12135,4119,90
Tucuman,LOS CHORRILLOS,12136,4119,90
Tucuman,LOS HILOS,12137,4101,90
Tucuman,LUJAN,12138,4187,90
Tucuman,MACOMITA,12139,4117,90
Tucuman,MARIÃ‘O,12140,4117,90
Tucuman,MATUL,12141,4101,90
Tucuman,MEDINA,12142,4101,90
Tucuman,MOJON,12143,4115,90
Tucuman,MONTE CRISTO,12144,4187,90
Tucuman,NIO VILLA PADRE MONTI,12145,4101,90
Tucuman,NOGALITO,12146,4101,90
Tucuman,NUEVA ROSA,12147,4101,90
Tucuman,OJO,12148,4101,90
Tucuman,PACARA MARCADO,12149,4119,90
Tucuman,PAJA COLORADA,12150,4187,90
Tucuman,PALOMITAS,12151,4119,90
Tucuman,PAMPA POZO,12152,4242,90
Tucuman,PASO DE LA PATRIA,12153,4187,90
Tucuman,POZO DEL ALGARROBO,12155,4119,90
Tucuman,POZO GRANDE,12156,4195,90
Tucuman,POZO HONDO,12157,4117,90
Tucuman,POZO LARGO,12158,4195,90
Tucuman,PUERTA ALEGRE,12159,4187,90
Tucuman,PUERTA VIEJA,12160,4101,90
Tucuman,PUESTO DE LOS VALDES,12161,4149,90
Tucuman,PUESTO DE UNCOS,12162,4119,90
Tucuman,REQUELME,12163,4119,90
Tucuman,RIO DEL NIO,12164,4119,90
Tucuman,RODEO TORO,12166,4119,90
Tucuman,ROSARIO,12167,4187,90
Tucuman,SALADILLO,12168,4146,90
Tucuman,SAN ARTURO,12169,4187,90
Tucuman,SAN CARLOS,12170,4186,90
Tucuman,SAN EUSEBIO,12171,4119,90
Tucuman,SAN FEDERICO,12172,4187,90
Tucuman,SAN IGNACIO,12173,4178,90
Tucuman,SAN JOSE DE MACOMITA,12175,4117,90
Tucuman,SAN MIGUEL,12176,4119,90
Tucuman,SAN PATRICIO,12177,4119,90
Tucuman,SAN PEDRO,12178,4187,90
Tucuman,SAN RAMON,12179,4149,90
Tucuman,SANTA ROSA,12180,4119,90
Tucuman,SANTA TERESA,12181,4117,90
Tucuman,7 DE abril,12182,4195,90
Tucuman,SINQUEAL,12183,4119,90
Tucuman,SUNCHAL,12184,4101,90
Tucuman,SURIYACU,12185,4195,90
Tucuman,TACO,12186,4117,90
Tucuman,TACO PALTA,12187,4117,90
Tucuman,TALA BAJADA,12188,4195,90
Tucuman,TALA POZO,12189,4119,90
Tucuman,TAQUELLO,12190,4117,90
Tucuman,TARUCA PAMPA,12191,4119,90
Tucuman,TIMBO NUEVO,12192,4101,90
Tucuman,TINAJEROS,12194,4187,90
Tucuman,TRANQUITAS,12195,4101,90
Tucuman,TRES SARGENTOS,12196,4101,90
Tucuman,TUSCAL REDONDO,12197,4186,90
Tucuman,URIZAR,12198,4187,90
Tucuman,UTURUNO,12199,4187,90
Tucuman,VACAHUASI,12200,4101,90
Tucuman,VILLA BENJAMIN ARAOZ,12201,4119,90
Tucuman,VILLA BURRUYACU,12202,4119,90
Tucuman,VILLA COLMENA,12203,4103,90
Tucuman,VILLA DE LOS BRITOS,12204,4101,90
Tucuman,VILLA DESIERTO DE LUZ,12205,4187,90
Tucuman,VILLA EL BACHE,12206,4187,90
Tucuman,VILLA EL RETIRO,12207,4187,90
Tucuman,VILLA LA SOLEDAD,12208,4187,90
Tucuman,VILLA LA TUNA,12209,4187,90
Tucuman,VILLA MARIA,12210,4187,90
Tucuman,VILLA MERCEDES,12211,4187,90
Tucuman,VILLA MONTE CRISTO,12212,4187,90
Tucuman,VILLA NUEVA,12213,4162,90
Tucuman,VILLA PADRE MONTI,12214,4101,90
Tucuman,VILLA ROSA,12215,4101,90
Tucuman,VILLA SAN ANTONIO,12216,4187,90
Tucuman,VIRGINIA,12217,4186,90
Tucuman,ESTACION EXPERIMENTAL AGRICOLA,12218,4101,90
Tucuman,ESTACION SUPERIOR AGRICOLA,12219,4101,90
Tucuman,GOBERNADOR NOUGES,12220,4111,90
Tucuman,KILOMETRO 792,12221,4105,90
Tucuman,NUEVOS MATADEROS,12222,4109,90
Tucuman,SAN MIGUEL DE TUCUMAN,12223,4000,90
Tucuman,VILLA ZENON SANTILLAN,12225,4000,90
Tucuman,ALPACHIRI,12226,4149,90
Tucuman,ALTO VERDE,12227,4153,90
Tucuman,ARCADIA,12228,4147,90
Tucuman,BAJO DE LOS SUELDOS,12229,4151,90
Tucuman,BARRIO BELGRANO,12230,4146,90
Tucuman,BELICHA HUAICO,12231,4149,90
Tucuman,CARRETA QUEMADA,12232,4146,90
Tucuman,COCHUNA,12233,4149,90
Tucuman,COLONIA FARA,12234,4147,90
Tucuman,COLONIA HUMAITA PRIMERA,12235,4151,90
Tucuman,COLONIA JUAN JOSE IRAMAIN,12236,4147,90
Tucuman,COLONIA PEDRO LEON CORNET,12237,4147,90
Tucuman,CONCEPCION,12238,4146,90
Tucuman,CORTADERAS,12239,4153,90
Tucuman,CUESTA DE CHILCA,12240,4146,90
Tucuman,EL CEIBAL,12241,4153,90
Tucuman,EL MILAGRO,12242,4151,90
Tucuman,EL MISTOLAR,12243,4174,90
Tucuman,EL MOLINO,12244,4149,90
Tucuman,EL PORVENIR,12245,4151,90
Tucuman,EL POTRERILLO,12246,4149,90
Tucuman,EL POTRERO,12247,4146,90
Tucuman,FINCA ENTRE RIOS,12248,4151,90
Tucuman,GASTONA,12249,4149,90
Tucuman,GASTONILLA,12250,4147,90
Tucuman,HUMAITA 1,12251,4151,90
Tucuman,HUMAITA 2,12252,4151,90
Tucuman,ILTICO,12253,4146,90
Tucuman,INGENIO LA CORONA,12254,4146,90
Tucuman,INGENIO LA TRINIDAD,12255,4151,90
Tucuman,JAYA,12256,4149,90
Tucuman,KILOMETRO 66,12258,4146,90
Tucuman,LA CALERA,12259,4158,90
Tucuman,LA ESPERANZA,12260,4151,90
Tucuman,LA HIGUERA,12261,4122,90
Tucuman,LAGARTE,12263,4174,90
Tucuman,LAS ANIMAS,12264,4149,90
Tucuman,LAS FALDAS,12265,4147,90
Tucuman,LAS LEGUAS,12266,4149,90
Tucuman,LESCANO,12267,4146,90
Tucuman,LOS GUCHEA,12268,4151,90
Tucuman,LOS TIMBRES,12269,4147,90
Tucuman,LOS VEGA,12270,4146,90
Tucuman,MARIA LUISA,12271,4174,90
Tucuman,MEDINAS,12272,4151,90
Tucuman,MEMBRILLO,12273,4146,90
Tucuman,MOLINOS,12274,4151,90
Tucuman,MONTE RICO,12275,4152,90
Tucuman,POSTA,12276,4157,90
Tucuman,RESCATE,12277,4174,90
Tucuman,RIO SECO KILOMETRO 1207,12278,4174,90
Tucuman,RODEO GRANDE,12279,4174,90
Tucuman,ROSARIO OESTE,12280,4151,90
Tucuman,SAN JOSE,12281,4146,90
Tucuman,SAN RAMON CHICLIGASTA,12282,4149,90
Tucuman,SUD DE SANDOVALES,12283,4174,90
Tucuman,SURIYACO,12284,4174,90
Tucuman,VILLA ALVEAR,12285,4146,90
Tucuman,VILLA CAROLINA,12286,4147,90
Tucuman,VILLA LA TRINIDAD,12287,4151,90
Tucuman,YUCUMANITA,12288,4151,90
Tucuman,AGUA DULCE,12289,4115,90
Tucuman,ALABAMA,12290,4117,90
Tucuman,ALDERETES,12291,4178,90
Tucuman,ALTO NUESTRA SEÃ‘ORA DEL VALLE,12292,4109,90
Tucuman,ARBOL SOLO,12293,4178,90
Tucuman,BANDA DEL RIO SALI,12294,4109,90
Tucuman,BARRIO BELGRANO,12295,4109,90
Tucuman,BLANCO POZO,12296,4178,90
Tucuman,BOCA DEL TIGRE,12297,4178,90
Tucuman,CAMPO LA FLOR,12298,4178,90
Tucuman,CAÃ‘ETE,12299,4186,90
Tucuman,CARBON POZO,12300,4111,90
Tucuman,CAROLINAS BAJAS,12301,4117,90
Tucuman,CASA ROSADA,12302,4178,90
Tucuman,CEJAS DE BEÃ‘ACHILLOS,12303,4178,90
Tucuman,CEVIL POZO,12304,4178,90
Tucuman,CHAÃ‘AR TAQUEÃ‘O,12305,4117,90
Tucuman,COHIGAC,12306,4178,90
Tucuman,COLMENA LOLITA,12307,4182,90
Tucuman,COLOMBRES,12309,4111,90
Tucuman,COLONIA LOLITA NORTE,12310,4182,90
Tucuman,CRUZ DEL NORTE ESTACION FCGM,12311,4178,90
Tucuman,DELFIN GALLO,12312,4117,90
Tucuman,EL BRACHO,12313,4111,90
Tucuman,EL CEVILAR COLOMBRES,12314,4111,90
Tucuman,EL COCHUCHAL,12315,4117,90
Tucuman,EL NARANJITO,12316,4115,90
Tucuman,EL PARAISO,12317,4117,90
Tucuman,EL PUERTO,12318,4178,90
Tucuman,EL PUESTO,12319,4178,90
Tucuman,EL RINCON,12320,4186,90
Tucuman,EMPALME AGUA DULCE,12321,4178,90
Tucuman,FAVORINA,12322,4115,90
Tucuman,FINCA ELISA,12323,4111,90
Tucuman,FINCA MAYO,12324,4182,90
Tucuman,LA FAVORITA,12325,4178,90
Tucuman,LA FLOR,12326,4178,90
Tucuman,LA FLORIDA,12327,4117,90
Tucuman,LA LIBERTAD,12328,4186,90
Tucuman,LA MARAVILLA,12329,4124,90
Tucuman,LA TALA,12330,4178,90
Tucuman,LAPACHITOS,12331,4186,90
Tucuman,LAS CEJAS,12332,4186,90
Tucuman,LAS MERCEDES,12333,4111,90
Tucuman,LAS PALOMITAS,12334,4178,90
Tucuman,LAS PIEDRITAS,12335,4178,90
Tucuman,LASTENIA,12336,4111,90
Tucuman,LOLITA,12337,4182,90
Tucuman,LOS GODOS,12338,4117,90
Tucuman,LOS GODOY,12339,4186,90
Tucuman,LOS GUTIERREZ,12340,4178,90
Tucuman,LOS HARDOY,12341,4186,90
Tucuman,LOS PEREYRA,12342,4178,90
Tucuman,LOS PEREZ,12343,4117,90
Tucuman,LOS PORCELES,12344,4111,90
Tucuman,LOS RALOS,12345,4182,90
Tucuman,LOS VALLISTOS,12346,4109,90
Tucuman,LOS VILLAGRA,12347,4111,90
Tucuman,LUISIANA ESTACION FCGM,12348,4117,90
Tucuman,LUJAN,12349,4117,90
Tucuman,MAYO,12350,4182,90
Tucuman,MONTE LARGO,12351,4117,90
Tucuman,MOYA,12352,4117,90
Tucuman,NUEVO PUEBLO LA FLORIDA,12353,4117,90
Tucuman,PACARA,12354,4111,90
Tucuman,PACARA PINTADO,12355,4111,90
Tucuman,PALMAS REDONDAS,12356,4178,90
Tucuman,POLITO,12357,4111,90
Tucuman,POZO LAPACHO,12358,4186,90
Tucuman,PUENTE RIO SALI,12359,4109,90
Tucuman,RANCHILLOS,12360,4178,90
Tucuman,RANCHILLOS VIEJOS,12361,4178,90
Tucuman,RETIRO,12362,4111,90
Tucuman,SAN AGUSTIN,12363,4186,90
Tucuman,SAN ANTONIO,12364,4115,90
Tucuman,SAN JOSE,12365,4186,90
Tucuman,SAN MIGUEL,12366,4178,90
Tucuman,SAN MIGUELITO,12367,4178,90
Tucuman,SAN PEDRO,12368,4117,90
Tucuman,SAN PEREYRA,12369,4182,90
Tucuman,SAN VICENTE,12370,4178,90
Tucuman,SANTA LUISA,12371,4186,90
Tucuman,SANTILLAN,12372,4186,90
Tucuman,VILLA TERCERA,12373,4182,90
Tucuman,GUANACO MUERTO,12374,4178,90
Tucuman,GUZMAN ESTACION FCGB,12375,4117,90
Tucuman,INGENIO CONCEPCION,12376,4109,90
Tucuman,INGENIO CRUZ ALTA,12377,4184,90
Tucuman,INGENIO LA FLORIDA,12378,4117,90
Tucuman,INGENIO SAN JUAN,12379,4109,90
Tucuman,AGUA AZUL,12380,4132,90
Tucuman,ARROYO DE LA CRUZ,12381,4132,90
Tucuman,BUEN RETIRO,12382,4132,90
Tucuman,CAMPO HERRERA,12383,4105,90
Tucuman,CAÃ‘ADA,12384,4129,90
Tucuman,CARRICHANGO,12385,4132,90
Tucuman,COLONIA EL SUNCHAL,12386,4168,90
Tucuman,COLONIA MARIA ELENA,12387,4129,90
Tucuman,COLONIA SANTA CLARA,12388,4132,90
Tucuman,EL CARMEN,12389,4128,90
Tucuman,EL CEIBAL,12390,4105,90
Tucuman,EL CRUCE,12391,4132,90
Tucuman,EL MOYAR,12392,4168,90
Tucuman,EL OBRAJE,12393,4129,90
Tucuman,ENTRE RIOS,12394,4166,90
Tucuman,FAMAILLA,12395,4132,90
Tucuman,FINCA PEREYRA,12396,4132,90
Tucuman,FINCA TULIO,12397,4168,90
Tucuman,INGENIO LULES,12398,4129,90
Tucuman,INVERNADA,12399,4132,90
Tucuman,KILOMETRO 102,12400,4132,90
Tucuman,KILOMETRO 5,12401,4166,90
Tucuman,KILOMETRO 99,12402,4134,90
Tucuman,LA AGUADITA,12403,4101,90
Tucuman,LA BANDA,12404,4133,90
Tucuman,LA CAPILLA,12405,4128,90
Tucuman,LA FRONTERITA,12406,4132,90
Tucuman,LA RINCONADA PARADA,12407,4107,90
Tucuman,LAS BANDERITAS,12408,4132,90
Tucuman,LAS MORERAS,12409,4128,90
Tucuman,LAS TABLAS,12410,4129,90
Tucuman,LAURELES,12411,4132,90
Tucuman,MALVINAS,12413,4129,90
Tucuman,MANANTIAL DE OVANTA,12414,4105,90
Tucuman,MERCEDES,12415,4128,90
Tucuman,MONTE GRANDE,12416,4133,90
Tucuman,NUEVA BAVIERA,12417,4132,90
Tucuman,OBRAJE,12418,4129,90
Tucuman,PADILLA,12419,4133,90
Tucuman,POTRERO,12420,4129,90
Tucuman,PUERTAS GRANDES,12421,4168,90
Tucuman,PUNTA DEL MONTE,12422,4129,90
Tucuman,QUEBRADA DE LULES,12423,4129,90
Tucuman,RIO LULES,12424,4166,90
Tucuman,SAN FELIPE,12425,4166,90
Tucuman,SAN GABRIEL DEL MONTE,12426,4132,90
Tucuman,SAN JENARO,12427,4129,90
Tucuman,SAN JOSE DE BUENA VISTA,12428,4132,90
Tucuman,SAN JOSE DE LULES,12429,4128,90
Tucuman,SAN LUIS,12430,4132,90
Tucuman,SAUCE HUACHO,12431,4132,90
Tucuman,TRES ALMACENES,12432,4132,90
Tucuman,25 DE mayo,12433,4242,90
Tucuman,9 DE julio,12434,4242,90
Tucuman,ALONGO,12435,4161,90
Tucuman,AMUNPA,12436,4176,90
Tucuman,ARBOLES GRANDES,12437,4176,90
Tucuman,BARRANCAS,12438,4176,90
Tucuman,BELTRAN,12439,4242,90
Tucuman,CAMPO GRANDE,12440,4159,90
Tucuman,CAMPO LA CRUZ,12441,4161,90
Tucuman,CASA VIEJA,12442,4162,90
Tucuman,CHALCHACITO,12443,4242,90
Tucuman,CHILCA,12444,4242,90
Tucuman,COCO,12445,4242,90
Tucuman,DURAZNO,12446,4242,90
Tucuman,EL PARAISO,12447,4242,90
Tucuman,EL PUESTITO,12448,4242,90
Tucuman,EL QUEBRACHITO,12449,4242,90
Tucuman,EL SESTEADERO,12450,4242,90
Tucuman,EL TOSTADO,12451,4242,90
Tucuman,ENCRUCIJADA,12452,4242,90
Tucuman,ESCOBAS,12453,4159,90
Tucuman,GRANEROS,12454,4159,90
Tucuman,KILOMETRO 19,12455,4162,90
Tucuman,LA CAÃ‘ADA,12456,4242,90
Tucuman,LA CHILCA,12457,4242,90
Tucuman,LA FLORIDA,12458,4174,90
Tucuman,LA GRAMA,12459,4174,90
Tucuman,LA IGUANA,12460,4242,90
Tucuman,LA LAGUNILLA,12461,4163,90
Tucuman,LA ZANJA,12463,4242,90
Tucuman,LACHICO,12464,4242,90
Tucuman,LAMADRID,12465,4176,90
Tucuman,LAS BRISAS,12466,4242,90
Tucuman,LAS CAÃ‘ITAS,12467,4103,90
Tucuman,LAS LOMITAS,12468,4176,90
Tucuman,LOS AGUDOS,12469,4157,90
Tucuman,LOS CERCOS,12471,4176,90
Tucuman,LOS DIAZ,12472,4159,90
Tucuman,LOS GONZALEZ,12473,4119,90
Tucuman,LOS GRAMAJOS,12474,4159,90
Tucuman,LOS PARAISOS,12475,4176,90
Tucuman,LOS SAUCES,12476,4176,90
Tucuman,MISTOL,12477,4162,90
Tucuman,MONTUOSO,12478,4242,90
Tucuman,MORON,12479,4242,90
Tucuman,PAEZ,12480,4242,90
Tucuman,PALO BLANCO,12481,4161,90
Tucuman,PALOMAS,12482,4174,90
Tucuman,PAMPA LARGA,12483,4159,90
Tucuman,POZO HONDO,12484,4242,90
Tucuman,PUESTO 9 DE JULIO,12485,4242,90
Tucuman,PUESTO LOS AVILAS,12486,4242,90
Tucuman,PUESTO LOS PEREZ,12487,4242,90
Tucuman,RAMADITAS,12488,4242,90
Tucuman,RAMOS,12489,4242,90
Tucuman,RETIRO,12490,4162,90
Tucuman,ROMERELLO,12491,4163,90
Tucuman,RUMI YURA,12492,4242,90
Tucuman,SALA VIEJA,12493,4242,90
Tucuman,SAN ANTONIO DE QUISCA,12494,4176,90
Tucuman,SAN GERMAN,12496,4242,90
Tucuman,SAN JUANCITO,12497,4242,90
Tucuman,SAN MIGUEL,12498,4242,90
Tucuman,SANTA BARBARA,12499,4242,90
Tucuman,SANTA CRUZ,12500,4149,90
Tucuman,SANTA ROSA,12501,4242,90
Tucuman,SAUCE GAUCHO,12502,4242,90
Tucuman,SAUCE SECO,12503,4162,90
Tucuman,SIMBOL,12504,4242,90
Tucuman,SOL DE MAYO,12505,4176,90
Tucuman,TACO RALO,12506,4242,90
Tucuman,TACO RODEO,12507,4159,90
Tucuman,TALA CAIDA,12508,4176,90
Tucuman,TALITAS,12509,4242,90
Tucuman,TORO MUERTO,12510,4242,90
Tucuman,VILTRAN,12512,4242,90
Tucuman,YAPACHIN,12513,4242,90
Tucuman,YMPAS,12514,4159,90
Tucuman,ZAPALLAR,12515,4159,90
Tucuman,CAMPO BELLO,12517,4159,90
Tucuman,DONATO ALVAREZ,12518,4161,90
Tucuman,EL BATIRUANO,12519,4158,90
Tucuman,EL CORRALITO,12520,4158,90
Tucuman,ESCABA,12521,4158,90
Tucuman,KILOMETRO 36,12522,4158,90
Tucuman,KILOMETRO 46,12523,4158,90
Tucuman,LA PUERTA DE MARAPA,12524,4158,90
Tucuman,LOS ARROYO,12525,4158,90
Tucuman,LOS GUAYACANES,12526,4158,90
Tucuman,MARAPA,12527,4158,90
Tucuman,NARANJO ESQUINA,12528,4158,90
Tucuman,TALAMUYO,12529,4158,90
Tucuman,VILLA BELGRANO,12530,4158,90
Tucuman,YAQUILO,12531,4158,90
Tucuman,ALTO EL PUESTO,12532,4159,90
Tucuman,BAJASTINE,12533,4164,90
Tucuman,DOMINGO MILLAN,12534,4161,90
Tucuman,EL BAJO,12535,4164,90
Tucuman,EL HUAICO,12536,4142,90
Tucuman,EL NOGAL,12537,4161,90
Tucuman,EL PORVENIR,12538,4162,90
Tucuman,EL RINCON,12539,4157,90
Tucuman,EL SUNCHO,12540,4164,90
Tucuman,HUASA PAMPA NORTE,12541,4163,90
Tucuman,KILOMETRO 29,12542,4159,90
Tucuman,KILOMETRO 10 FCGB,12543,4161,90
Tucuman,LA CAÃ‘ADA,12544,4159,90
Tucuman,LA COCHA,12545,4162,90
Tucuman,LA INVERNADA,12546,4158,90
Tucuman,LA POSTA,12547,4164,90
Tucuman,LAS ABRAS,12548,4187,90
Tucuman,LAS CEJAS,12549,4162,90
Tucuman,LOS BAJOS,12550,4161,90
Tucuman,LOS MOLLES,12551,4242,90
Tucuman,LOS PIZARRO,12552,4162,90
Tucuman,MONTE GRANDE,12554,4162,90
Tucuman,MONTE REDONDO,12555,4162,90
Tucuman,POZO CAVADO,12556,4162,90
Tucuman,PUEBLO VIEJO,12557,4164,90
Tucuman,PUESTO NUEVO,12558,4163,90
Tucuman,RUMI PUNCO,12559,4164,90
Tucuman,SACRIFICIO,12560,4161,90
Tucuman,SAN FRANCISCO,12561,4161,90
Tucuman,SAN IGNACIO,12562,4162,90
Tucuman,SAN LUIS DE LAS CASAS VIEJAS,12563,4159,90
Tucuman,SAUCE YACU,12565,4162,90
Tucuman,ACOSTILLA,12567,4113,90
Tucuman,AGUA BLANCA,12568,4168,90
Tucuman,AGUADA,12569,4111,90
Tucuman,AHI VEREMOS,12570,4115,90
Tucuman,AMAICHA DEL LLANO,12571,4168,90
Tucuman,AVESTILLA,12572,4113,90
Tucuman,BAJO GRANDE,12573,4111,90
Tucuman,BAÃ‘ADO DEL VALLE,12574,4111,90
Tucuman,BARREALITO,12575,4115,90
Tucuman,BELLA VISTA,12576,4168,90
Tucuman,BUENA VISTA,12577,4115,90
Tucuman,CACHI HUASI,12578,4168,90
Tucuman,CACHI YACO,12579,4113,90
Tucuman,CAMAS AMONTONADAS,12580,4168,90
Tucuman,CAMPANA,12581,4168,90
Tucuman,CAMPO AZUL,12582,4168,90
Tucuman,CAÃ‘ADA EL ARENAL,12584,4168,90
Tucuman,CANDELILLAL,12585,4168,90
Tucuman,CEVILARCITO,12586,4168,90
Tucuman,CHAÃ‘AR PAGO,12587,4111,90
Tucuman,CHAÃ‘ARITO,12588,4168,90
Tucuman,COLONIA AGRICOLA,12589,4111,90
Tucuman,COLONIA ARGENTINA,12590,4111,90
Tucuman,CONDOR HUASI,12591,4115,90
Tucuman,CORTADERAL,12592,4111,90
Tucuman,CORTADERAS,12593,4111,90
Tucuman,COSTA ARROYO ESQUINA,12594,4111,90
Tucuman,CUATRO SAUCES,12595,4105,90
Tucuman,EL BARRIALITO,12596,4119,90
Tucuman,EL CARMEN,12597,4113,90
Tucuman,EL CORTADERAL,12598,4111,90
Tucuman,EL DURAZNO,12599,4113,90
Tucuman,EL GUARDAMONTE,12600,4113,90
Tucuman,EL MELON,12601,4178,90
Tucuman,EL MOJON,12602,4178,90
Tucuman,EL MOLLAR,12603,4115,90
Tucuman,EL NARANJO,12604,4113,90
Tucuman,EL PAVON,12605,4115,90
Tucuman,EL QUIMIL,12606,4178,90
Tucuman,EL ROSARIO,12607,4113,90
Tucuman,EL SUNCHO,12608,4115,90
Tucuman,ENTRE RIOS,12609,4113,90
Tucuman,ESQUINA DEL LLANO,12610,4111,90
Tucuman,ESTACION ARAOZ,12611,4178,90
Tucuman,GOMEZ CHICO,12612,4113,90
Tucuman,INGENIO BELLA VISTA,12613,4168,90
Tucuman,INGENIO LEALES,12614,4111,90
Tucuman,JUAN POSSE,12615,4111,90
Tucuman,JUSCO POZO,12616,4115,90
Tucuman,KILOMETRO 1220,12617,4166,90
Tucuman,KILOMETRO 1235,12618,4166,90
Tucuman,KILOMETRO 1248,12619,4166,90
Tucuman,KILOMETRO 1256,12620,4166,90
Tucuman,KILOMETRO 794,12621,4111,90
Tucuman,LA EMPATADA,12622,4111,90
Tucuman,LA FLORIDA,12623,4115,90
Tucuman,LA FRONTERITA,12624,4111,90
Tucuman,LA TUNA,12625,4149,90
Tucuman,LAGUNA BLANCA,12626,4115,90
Tucuman,LAS ACOSTILLAS,12627,4113,90
Tucuman,LAS CAÃ‘ADAS,12628,4113,90
Tucuman,LAS CELAYAS,12629,4115,90
Tucuman,LAS COLONIAS,12630,4115,90
Tucuman,LAS ENCRUCIJADAS,12631,4115,90
Tucuman,LAS MERCEDES,12632,4111,90
Tucuman,LAS PALMITAS,12633,4115,90
Tucuman,LAS ZORRAS,12634,4115,90
Tucuman,LOMA VERDE,12635,4111,90
Tucuman,LOS BRITOS,12636,4113,90
Tucuman,LOS CAMPEROS,12637,4111,90
Tucuman,LOS CHAÃ‘ARITOS,12638,4115,90
Tucuman,LOS CRESPO,12639,4113,90
Tucuman,LOS GOMEZ,12641,4113,90
Tucuman,LOS HERRERAS,12642,4113,90
Tucuman,LOS JUAREZ,12643,4113,90
Tucuman,LOS PUESTOS,12644,4115,90
Tucuman,LOS QUEMADOS,12645,4113,90
Tucuman,LOS ROMANOS,12646,4113,90
Tucuman,LOS SUELDOS,12647,4111,90
Tucuman,LOS VILLEGAS,12648,4115,90
Tucuman,LOS ZELAYAS,12649,4115,90
Tucuman,LUNAREJOS,12650,4113,90
Tucuman,MANCHALA,12651,4166,90
Tucuman,MANCOPA,12652,4115,90
Tucuman,MANUEL GARCIA FERNANDEZ,12653,4166,90
Tucuman,MARIA ELENA,12654,4168,90
Tucuman,MIGUEL LILLO,12655,4113,90
Tucuman,MIXTA,12656,4115,90
Tucuman,MONTE BELLO,12657,4115,90
Tucuman,MOYAR,12658,4115,90
Tucuman,MUJER MUERTA,12659,4178,90
Tucuman,NOARIO,12660,4113,90
Tucuman,NUEVA ESPAÃ‘A,12661,4113,90
Tucuman,ORAN,12662,4115,90
Tucuman,PALA PALA,12663,4111,90
Tucuman,PALMITAS,12664,4115,90
Tucuman,PIRHUAS,12665,4115,90
Tucuman,POSSE DESVIO PARTICULAR FCGM,12666,4115,90
Tucuman,POZO DEL ALTO,12667,4111,90
Tucuman,PUENTE EL MANANTIAL,12668,4166,90
Tucuman,PUESTO CHICO,12669,4111,90
Tucuman,PUMA POZO,12670,4115,90
Tucuman,PUNTA RIELES,12671,4115,90
Tucuman,QUILMES,12672,4111,90
Tucuman,RIO COLORADO,12673,4166,90
Tucuman,ROMA,12674,4111,90
Tucuman,ROMERA POZO,12675,4115,90
Tucuman,ROSARIO OESTE,12676,4111,90
Tucuman,SAN ANTONIO,12677,4115,90
Tucuman,SAN JOSE DE LEALES,12678,4113,90
Tucuman,SAN NICOLAS,12679,4111,90
Tucuman,SAN RAMON,12680,4166,90
Tucuman,SANDIS,12681,4115,90
Tucuman,SANTA FELISA,12682,4111,90
Tucuman,SANTA ROSA DE LEALES,12683,4111,90
Tucuman,SOLEDAD,12685,4115,90
Tucuman,SUELDOS,12686,4111,90
Tucuman,SUPERINTENDENTE LEDESMA,12687,4178,90
Tucuman,TACANAS,12688,4178,90
Tucuman,TRES POZOS,12689,4178,90
Tucuman,TUSCA POZO,12690,4113,90
Tucuman,TUSQUITAS,12691,4113,90
Tucuman,VIELOS,12692,4115,90
Tucuman,VILCA POZO,12693,4115,90
Tucuman,VILLA FIAD,12694,4111,90
Tucuman,VILLA DE LEALES,12695,4113,90
Tucuman,YALAPA,12696,4147,90
Tucuman,YATAPAYANA,12697,4113,90
Tucuman,EL CEIBAL,12698,4128,90
Tucuman,EL MANANTIAL,12699,4105,90
Tucuman,EL NOGALITO,12700,4105,90
Tucuman,LA REDUCCION,12702,4129,90
Tucuman,LOS AGUIRRE,12704,4105,90
Tucuman,LOS ALCARACES,12705,4105,90
Tucuman,LOS CHAÃ‘ARITOS,12706,4111,90
Tucuman,LULES,12707,4128,90
Tucuman,POTRERO DE LAS TABLAS,12708,4128,90
Tucuman,PUERTA GRANDE,12709,4164,90
Tucuman,SAN FELIPE,12710,4105,90
Tucuman,SAN JOSE,12711,4163,90
Tucuman,SAN PABLO,12712,4129,90
Tucuman,SAN RAFAEL,12713,4129,90
Tucuman,SANTA BARBARA,12714,4105,90
Tucuman,VILLA NOGUES,12715,4105,90
Tucuman,ACHERAL,12716,4134,90
Tucuman,AMBERES,12717,4144,90
Tucuman,ARAGONES,12718,4142,90
Tucuman,ARAN,12719,4142,90
Tucuman,ARENILLA,12720,4134,90
Tucuman,CAPITAN CACERES,12721,4142,90
Tucuman,CASA DE PIEDRA,12722,4142,90
Tucuman,CASPINCHANGO,12723,4135,90
Tucuman,CHILCAR,12724,4142,90
Tucuman,COLONIA SANTA CATALINA,12725,4142,90
Tucuman,COSTILLA,12726,4142,90
Tucuman,DURAZNOS BLANCOS,12727,4135,90
Tucuman,EL CERCADO,12728,4142,90
Tucuman,EL CHURQUIS,12729,4142,90
Tucuman,EL NOGALAR,12730,4135,90
Tucuman,HUASA PAMPA,12731,4142,90
Tucuman,INDEPENDENCIA,12732,4143,90
Tucuman,INGENIO Ã‘UÃ‘ORCO,12733,4142,90
Tucuman,INGENIO LA PROVIDENCIA,12734,4145,90
Tucuman,INGENIO SANTA ROSA,12735,4143,90
Tucuman,ISLA SAN JOSE,12736,4142,90
Tucuman,LA FLORIDA,12737,4144,90
Tucuman,LA RAMADITA,12739,4135,90
Tucuman,LAS CIENAGAS,12740,4135,90
Tucuman,LAS HIGUERITAS,12741,4144,90
Tucuman,LEON ROUGES,12743,4143,90
Tucuman,LOS MOYES,12744,4143,90
Tucuman,LOS REYES,12745,4143,90
Tucuman,LOS ROBLES,12746,4142,90
Tucuman,LOS RODRIGUEZ,12747,4135,90
Tucuman,LOS ROJOS,12748,4143,90
Tucuman,LOS SOSAS,12749,4142,90
Tucuman,MONTEROS,12751,4142,90
Tucuman,NEGRO POTRERO,12752,4135,90
Tucuman,ORAN,12753,4142,90
Tucuman,PILCO,12754,4142,90
Tucuman,RINCON DE BALDERRAMA,12756,4166,90
Tucuman,RIO SECO,12757,4145,90
Tucuman,SAN GABRIEL,12758,4134,90
Tucuman,SAN JOSE DE FLORES,12759,4134,90
Tucuman,SANTA CATALINA,12760,4142,90
Tucuman,SANTA ELENA,12761,4135,90
Tucuman,SANTA LUCIA,12762,4135,90
Tucuman,SANTA MONICA,12763,4135,90
Tucuman,SANTA ROSA,12764,4143,90
Tucuman,SARGENTO MOYA,12765,4144,90
Tucuman,SOLDADO MALDONADO,12766,4142,90
Tucuman,TENIENTE BERDINA,12767,4132,90
Tucuman,VILLA NUEVA AGUILARES,12768,4142,90
Tucuman,VILLA QUINTEROS,12769,4144,90
Tucuman,YACUCHINA,12770,4142,90
Tucuman,YONOPONGO,12771,4142,90
Tucuman,AGUILARES,12772,4152,90
Tucuman,ARROYO BARRIENTO,12773,4152,90
Tucuman,ARROYO MAL PASO,12774,4157,90
Tucuman,CEVIL GRANDE,12775,4155,90
Tucuman,CEVIL SOLO,12776,4157,90
Tucuman,CHAVARRIA,12777,4155,90
Tucuman,COLONIA MARULL,12778,4152,90
Tucuman,COLONIA NASCHI,12779,4152,90
Tucuman,DOLAVON,12780,4161,90
Tucuman,EL CARMEN,12781,4157,90
Tucuman,EL POLEAR,12782,4161,90
Tucuman,EL RODEO,12783,4155,90
Tucuman,EL TUSCAL,12784,4157,90
Tucuman,FALDA DE ARCADIA,12785,4157,90
Tucuman,HUASA RINCON,12786,4152,90
Tucuman,INGENIO MARAPA,12787,4158,90
Tucuman,INGENIO SANTA BARBARA,12788,4157,90
Tucuman,JUAN BAUTISTA ALBERDI,12789,4158,90
Tucuman,KILOMETRO 55,12790,4155,90
Tucuman,LA TAPIA,12791,4157,90
Tucuman,LA TIPA,12792,4157,90
Tucuman,LAS ANIMAS,12793,4176,90
Tucuman,LOS ALISOS,12794,4158,90
Tucuman,LOS CALLEJONES,12795,4152,90
Tucuman,LOS CORDOBA,12796,4157,90
Tucuman,LOS GALPONES,12797,4157,90
Tucuman,LOS LUNAS,12798,4155,90
Tucuman,LOS RIOS,12799,4157,90
Tucuman,LOS RIZOS,12800,4157,90
Tucuman,LOS SARMIENTOS,12801,4157,90
Tucuman,MAL PASO,12802,4157,90
Tucuman,MARIA BLANCA,12803,4157,90
Tucuman,MERCEDES,12804,4152,90
Tucuman,MONTE BELLO,12805,4157,90
Tucuman,MONTE REDONDO,12806,4152,90
Tucuman,MULTIFLORES,12807,4152,90
Tucuman,NASCHE,12808,4152,90
Tucuman,NUEVA ESQUINA,12809,4161,90
Tucuman,RINCON HUASA,12810,4152,90
Tucuman,RIO CHICO,12811,4153,90
Tucuman,SAN MIGUEL,12812,4152,90
Tucuman,SANTA ANA,12813,4155,90
Tucuman,SANTA ROSA,12814,4152,90
Tucuman,TUSCAL,12815,4155,90
Tucuman,VILLA ALBERDI,12816,4158,90
Tucuman,VILLA CLODOMIRO HILERET,12817,4155,90
Tucuman,YAMINAS,12818,4158,90
Tucuman,ATAHONA,12819,4174,90
Tucuman,ALTO LAS FLORES,12820,4152,90
Tucuman,AMPATA,12821,4174,90
Tucuman,AMPATILLA,12822,4174,90
Tucuman,ARROYO ATAHONA,12823,4174,90
Tucuman,BALDERRAMA,12824,4166,90
Tucuman,BUENA VISTA,12825,4172,90
Tucuman,CAMPO VOLANTE,12826,4172,90
Tucuman,CEJAS DE AROCA,12827,4174,90
Tucuman,CHIGLIGASTA,12828,4174,90
Tucuman,CIUDACITA,12829,4174,90
Tucuman,EL CHILCAR,12830,4172,90
Tucuman,EL JARDIN,12831,4172,90
Tucuman,EL POLEAR,12832,4172,90
Tucuman,EL TOBAR,12833,4174,90
Tucuman,GUEMES,12834,4172,90
Tucuman,ICHIPUCA,12835,4174,90
Tucuman,KILOMETRO 1194,12836,4174,90
Tucuman,KILOMETRO 1207,12837,4174,90
Tucuman,LA RINCONADA,12838,4172,90
Tucuman,LAS CEJAS,12839,4172,90
Tucuman,LAZARTE,12840,4174,90
Tucuman,LOS ARRIETAS,12841,4151,90
Tucuman,LOS MENDOZAS,12842,4174,90
Tucuman,LOS PEREZ,12843,4174,90
Tucuman,LOS TREJOS,12844,4174,90
Tucuman,MACIO,12845,4172,90
Tucuman,MANUELA PEDRAZA,12846,4166,90
Tucuman,MONTEAGUDO,12847,4174,90
Tucuman,NIOGASTA,12848,4174,90
Tucuman,NUEVA TRINIDAD,12849,4157,90
Tucuman,PALOMINOS,12850,4174,90
Tucuman,SAN ANTONIO DE PADUA,12851,4174,90
Tucuman,SANDOVALES,12852,4174,90
Tucuman,SANTA ISABEL,12853,4152,90
Tucuman,SIMOCA,12854,4172,90
Tucuman,SUD DE LAZARTE,12855,4174,90
Tucuman,SUD DE TREJOS,12856,4174,90
Tucuman,VALENZUELA,12857,4149,90
Tucuman,VILLA STA ROSA DE NVA TRINIDAD,12858,4187,90
Tucuman,YERBA BUENA,12859,4172,90
Tucuman,ACONQUIJA,12860,4107,90
Tucuman,ALISOS,12861,4137,90
Tucuman,AMAICHA DEL VALLE,12862,4137,90
Tucuman,ANCHILLOS,12863,4141,90
Tucuman,ANJUANA,12864,4141,90
Tucuman,ANTAMA,12865,4107,90
Tucuman,BARRIO CASINO,12866,4107,90
Tucuman,CALIMONTE,12867,4141,90
Tucuman,CAÃ‘ADA YERBA BUENA,12868,4129,90
Tucuman,CASAS VIEJAS,12869,4137,90
Tucuman,CHORRILLOS,12870,4101,90
Tucuman,CHURQUI,12871,4119,90
Tucuman,COLALAO DEL VALLE,12872,4141,90
Tucuman,CUATRO GATOS,12873,4107,90
Tucuman,EL ARBOLAR,12874,4141,90
Tucuman,EL BAÃ‘ADO,12875,4141,90
Tucuman,EL CARRIZAL,12876,4141,90
Tucuman,EL CATORCE,12877,4105,90
Tucuman,EL CUARTEADERO,12878,4103,90
Tucuman,EL MOLINO,12879,4158,90
Tucuman,EL MOLLAR,12880,4135,90
Tucuman,EL PASO,12881,4141,90
Tucuman,EL ZANJON,12882,4103,90
Tucuman,FRONTERITAS,12884,4111,90
Tucuman,HIGUERITAS,12885,4107,90
Tucuman,HOYADA,12886,4105,90
Tucuman,JULIPAO,12888,4141,90
Tucuman,JUNTA,12889,4122,90
Tucuman,LA ANGOSTURA,12891,4137,90
Tucuman,LA CAÃ‘ADA PARADA,12892,4107,90
Tucuman,LA CIENAGA,12893,4137,90
Tucuman,LA CRUZ,12894,4119,90
Tucuman,LA QUEBRADA,12895,4129,90
Tucuman,LARA,12896,4137,90
Tucuman,LAS CAÃ‘AS,12898,4141,90
Tucuman,LAS CARRERAS,12899,4137,90
Tucuman,LAS MORITAS,12900,4103,90
Tucuman,LAS SALINAS,12901,4101,90
Tucuman,LAS TIPAS DE COLALAO,12902,4124,90
Tucuman,LAS ZANJAS,12903,4119,90
Tucuman,LOMA COLORADA,12904,4141,90
Tucuman,LOS CHAÃ‘ARES,12905,4141,90
Tucuman,LOS COLORADOS,12906,4137,90
Tucuman,LOS CORDONES,12907,4137,90
Tucuman,LOS CORPITOS,12908,4137,90
Tucuman,LOS CUARTOS,12909,4137,90
Tucuman,LOS ZAZOS,12910,4137,90
Tucuman,MANAGUA,12911,4141,90
Tucuman,OJO DE AGUA,12912,4107,90
Tucuman,OVEJERIA,12913,4124,90
Tucuman,PARAISO,12914,4117,90
Tucuman,PICHAO,12915,4141,90
Tucuman,PIE DE LA CUESTA,12916,4124,90
Tucuman,PIE DEL ACONQUIJA,12917,4107,90
Tucuman,PUERTA SAN JAVIER,12918,4107,90
Tucuman,QUILMES,12919,4141,90
Tucuman,QUISCA CHICA,12920,4141,90
Tucuman,RINCON,12921,4103,90
Tucuman,SALADILLO,12923,4146,90
Tucuman,SALAS,12924,4137,90
Tucuman,SAN JOSE DE CHASQUIVIL,12925,4137,90
Tucuman,TAFI DEL VALLE,12927,4137,90
Tucuman,TALA PASO,12928,4141,90
Tucuman,TALLERES NACIONALES,12929,4103,90
Tucuman,TIO FRANCO,12930,4141,90
Tucuman,TIO PUNCO,12931,4137,90
Tucuman,TOTORITAS,12932,4141,90
Tucuman,YASYAMAYO,12933,4141,90
Tucuman,ZURITA,12934,4137,90
Tucuman,AGUADITA,12935,4101,90
Tucuman,ALTO DE ANFAMA,12936,4107,90
Tucuman,ANCA JULI,12937,4105,90
Tucuman,ANFANA,12938,4105,90
Tucuman,BARRIO DIAGONAL,12939,4101,90
Tucuman,BARRIO RIVADAVIA,12940,4101,90
Tucuman,CHASQUIVIL,12941,4105,90
Tucuman,COMUNA LA ESPERANZA,12942,4103,90
Tucuman,EL DURAZNITO,12944,4103,90
Tucuman,EL SIAMBON,12945,4105,90
Tucuman,EL TIRO ARGENTINO,12946,4103,90
Tucuman,EMBALSE EL CADILLAL,12947,4101,90
Tucuman,GRANJA MODELO,12949,4101,90
Tucuman,LA ESPERANZA,12950,4176,90
Tucuman,LA PICADA,12951,4103,90
Tucuman,LA TOMA,12952,4103,90
Tucuman,LAS TALITAS,12953,4101,90
Tucuman,LAS TIPAS,12955,4105,90
Tucuman,LOS ESTANQUES,12956,4103,90
Tucuman,LOS NOGALES,12957,4101,90
Tucuman,LOS POCITOS,12958,4101,90
Tucuman,NUEVA ESPERANZA,12959,4103,90
Tucuman,PUEBLO OBRERO,12960,4103,90
Tucuman,RACO,12962,4105,90
Tucuman,RIO LORO,12963,4101,90
Tucuman,TAFI VIEJO,12965,4103,90
Tucuman,TAFICILLO,12966,4103,90
Tucuman,VILLA MITRE,12967,4103,90
Tucuman,ACEQUIONES,12968,4124,90
Tucuman,AGUA ROSADA,12969,4124,90
Tucuman,AGUA SALADA,12970,4124,90
Tucuman,BARBORIN,12971,4124,90
Tucuman,BENJAMIN PAZ,12972,4122,90
Tucuman,CASA DEL ALTO,12973,4122,90
Tucuman,CHOROMORO,12974,4122,90
Tucuman,CHULCA,12975,4124,90
Tucuman,CHUSCHA,12976,4122,90
Tucuman,CORRAL VIEJO,12977,4124,90
Tucuman,DESMONTE,12978,4122,90
Tucuman,EL CEDRO,12979,4122,90
Tucuman,EL MISTOL,12980,4124,90
Tucuman,EL OJO,12981,4122,90
Tucuman,EL QUEBRACHAL,12982,4124,90
Tucuman,GONZALO,12983,4122,90
Tucuman,LA AGUADITA,12985,4101,90
Tucuman,LA BANDA,12986,4119,90
Tucuman,LA CAÃ‘ADA,12987,4124,90
Tucuman,LA CUESTA,12988,4126,90
Tucuman,LA DORITA,12989,4124,90
Tucuman,LA HIGUERA,12990,4122,90
Tucuman,LA ZANJA,12992,4242,90
Tucuman,LAS ARCAS,12993,4124,90
Tucuman,LAS CRIOLLAS,12994,4122,90
Tucuman,LAS MESADAS,12995,4132,90
Tucuman,LAS TACANAS,12996,4124,90
Tucuman,LAUREL YACO,12997,4124,90
Tucuman,LEOCADIO PAZ,12998,4124,90
Tucuman,LOMA DEL MEDIO,12999,4122,90
Tucuman,LOS PLANCHONES,13000,4105,90
Tucuman,LOS SAUCES,13001,4176,90
Tucuman,MANANTIALES,13002,4124,90
Tucuman,MATO YACO,13003,4122,90
Tucuman,MIRANDA,13004,4124,90
Tucuman,MONTE BELLO,13005,4124,90
Tucuman,Ã‘OREO,13006,4122,90
Tucuman,PERUCHO,13007,4124,90
Tucuman,PINGOLLAR,13009,4124,90
Tucuman,PUERTAS,13010,4122,90
Tucuman,PUESTO GRANDE,13011,4122,90
Tucuman,RIARTE,13012,4126,90
Tucuman,RIO VIPOS,13013,4122,90
Tucuman,RODEO DEL ALGARROBO,13014,4122,90
Tucuman,RODEO GRANDE,13015,4122,90
Tucuman,SALAMANCA,13016,4122,90
Tucuman,SALINAS,13017,4122,90
Tucuman,SAN FERNANDO,13018,4124,90
Tucuman,SAN ISIDRO,13019,4124,90
Tucuman,SAN JOSE,13020,4124,90
Tucuman,SAN JULIAN YACO,13021,4122,90
Tucuman,SAN MIGUEL,13022,4122,90
Tucuman,SAN PEDRO DE COLALAO,13023,4124,90
Tucuman,SAN VICENTE,13024,4122,90
Tucuman,SAUCE YACU,13025,4122,90
Tucuman,SAUZAL,13026,4124,90
Tucuman,SEPULTURA,13027,4122,90
Tucuman,SIMBOLAR,13028,4122,90
Tucuman,TACO YANA,13029,4124,90
Tucuman,TALA YACO,13030,4122,90
Tucuman,TAPIA,13031,4122,90
Tucuman,TICUCHO,13032,4122,90
Tucuman,TOCO LLANA,13033,4124,90
Tucuman,TORO LOCO,13034,4124,90
Tucuman,TOTORAL,13035,4119,90
Tucuman,TUNA SOLA,13036,4122,90
Tucuman,UTURUNGU,13037,4113,90
Tucuman,VIADUCTO DEL TORO,13038,4122,90
Tucuman,VILLA TRANCAS,13039,4124,90
Tucuman,VIPOS,13040,4122,90
Tucuman,ZARATE,13041,4124,90
Tucuman,CAMINO DEL PERU,13042,4105,90
Tucuman,CEVIL REDONDO,13043,4105,90
Tucuman,CURVA DE LOS VEGAS,13044,4105,90
Tucuman,KILOMETRO 808,13045,4105,90
Tucuman,LA BANDA,13046,4105,90
Tucuman,LA CAVERA,13047,4105,90
Tucuman,LAS TALAS,13048,4105,90
Tucuman,LOS BULACIO,13049,4105,90
Tucuman,PARADA DE OHUANTA,13050,4105,90
Tucuman,SAN ALBERTO,13052,4105,90
Tucuman,VILLA CARMELA,13053,4105,90
Tucuman,VILLA MARCOS PAZ,13054,4107,90
Tucuman,SAN JAVIER,16597,4105,90
Tucuman,YERBA BUENA,16598,4107,90
Tucuman,AGUA COLORADA,20712,4119,90
Tucuman,AGUAS BLANCAS,20717,4119,90
Tucuman,ALTO DE MEDINA,20718,4117,90
Tucuman,ALTO VERDE,20719,4119,90
Tucuman,ANTU MAPU,20726,4119,90
Tucuman,ASNA YACO,20727,4119,90
Tucuman,BENJAMIN ARAOZ,20728,4119,90
Tucuman,BENJAMIN PAZ,20729,4119,90
Tucuman,BURRUYACU,20730,4119,90
Tucuman,CALERA ACONQUIJA,20731,4119,90
Tucuman,CALIFORNIA,20732,4119,90
Tucuman,CAÃ‘ADA ANGOSTA,20733,4119,90
Tucuman,CAÃ‘ADA DE LA CRUZ,20734,4119,90
Tucuman,CASA DEL ALTO,20735,4119,90
Tucuman,CASALES,20736,4119,90
Tucuman,CHAMICO,20737,4119,90
Tucuman,CHORRILLOS,20739,4119,90
Tucuman,COLONIA SARMIENTO,20740,4101,90
Tucuman,CONCEPCION,20741,4119,90
Tucuman,COOPERATIVA AGRONOMICA,20742,4119,90
Tucuman,COROMAMA,20743,4119,90
Tucuman,CRUZ DE ABAJO,20746,4119,90
Tucuman,DESCANSO,20751,4119,90
Tucuman,DESMONTE,20754,4119,90
Tucuman,EL ASERRADERO,20756,4119,90
Tucuman,EL ATACAL,20757,4119,90
Tucuman,EL AZUL,20758,4119,90
Tucuman,EL CASTORAL,20759,4119,90
Tucuman,EL CHURQUI,20760,4119,90
Tucuman,EL CRUCE,20761,4119,90
Tucuman,EL ESTABLO,20762,4119,90
Tucuman,EL FRASQUILLO,20763,4119,90
Tucuman,EL GUAYACAN,20764,4178,90
Tucuman,EL INTERES,20765,4119,90
Tucuman,EL JARDIN,20766,4119,90
Tucuman,EL MATAL,20767,4119,90
Tucuman,EL MORADO,20769,4119,90
Tucuman,EL NARANJITO,20770,4119,90
Tucuman,EL ONCE,20771,4119,90
Tucuman,EL PALOMAR,20772,4187,90
Tucuman,EL PORVENIR,20773,4119,90
Tucuman,EL SINQUIAL,20781,4119,90
Tucuman,EL SUNCHAL,20782,4119,90
Tucuman,EL TIPAL,20783,4119,90
Tucuman,EL TRIUNFO,20784,4119,90
Tucuman,ESCUELA 112,20786,4187,90
Tucuman,ESCUELA 118,20787,4187,90
Tucuman,ESCUELA 149,20788,4187,90
Tucuman,ESCUELA 150,20789,4187,90
Tucuman,ESCUELA 152,20790,4187,90
Tucuman,ESCUELA 166,20791,4187,90
Tucuman,ESCUELA 167,20792,4187,90
Tucuman,ESCUELA 173,20793,4187,90
Tucuman,ESCUELA 177,20794,4187,90
Tucuman,ESCUELA 205,20795,4187,90
Tucuman,ESCUELA 208,20796,4187,90
Tucuman,ESCUELA 211,20797,4187,90
Tucuman,ESCUELA 242,20798,4187,90
Tucuman,ESCUELA 246,20799,4187,90
Tucuman,ESCUELA 250,20800,4187,90
Tucuman,ESCUELA 262,20801,4187,90
Tucuman,ESCUELA 275,20802,4187,90
Tucuman,ESCUELA 276,20803,4187,90
Tucuman,ESCUELA 278,20805,4187,90
Tucuman,ESCUELA 292,20807,4187,90
Tucuman,ESCUELA 30,20808,4187,90
Tucuman,ESCUELA 310,20810,4187,90
Tucuman,ESCUELA 313,20812,4187,90
Tucuman,ESCUELA 314,20815,4187,90
Tucuman,ESCUELA 326,20816,4187,90
Tucuman,ESCUELA 331,20818,4187,90
Tucuman,ESCUELA 339,20822,4187,90
Tucuman,ESCUELA 34,20823,4187,90
Tucuman,ESCUELA 344,20824,4187,90
Tucuman,ESCUELA 347,20826,4187,90
Tucuman,ESCUELA 353,20827,4187,90
Tucuman,ESCUELA 366,20828,4187,90
Tucuman,ESCUELA 368,20829,4187,90
Tucuman,ESCUELA 369,20830,4187,90
Tucuman,ESCUELA 375,20831,4187,90
Tucuman,ESCUELA 386,20832,4187,90
Tucuman,ESCUELA 4,20833,4187,90
Tucuman,ESCUELA 5,20834,4187,90
Tucuman,ESCUELA 57,20836,4187,90
Tucuman,ESCUELA 60,20837,4187,90
Tucuman,ESCUELA 61,20838,4187,90
Tucuman,ESCUELA 62,20839,4187,90
Tucuman,ESCUELA 7,20840,4187,90
Tucuman,ESCUELA 83,20841,4187,90
Tucuman,ESCUELA 91,20842,4187,90
Tucuman,ESCUELA ADOLFO ALSINA,20843,4187,90
Tucuman,ESCUELA ALBERTO SOLDATI,20844,4187,90
Tucuman,ESCUELA ALVAREZ CONDARCO,20845,4187,90
Tucuman,ESCUELA CAMPAMENTO EL PLUMERIL,20847,4187,90
Tucuman,ESCUELA CAP CANDELARIA,20849,4187,90
Tucuman,ESCUELA CAUPOLICAN MOLINA,20850,4187,90
Tucuman,ESCUELA DIEGO DE VILLAFAÃ‘E,20853,4187,90
Tucuman,ESCUELA LEO HUASI,20855,4187,90
Tucuman,ESCUELA MANUEL COSSIO,20857,4187,90
Tucuman,ESCUELA MARIANO SALAS,20859,4187,90
Tucuman,ESCUELA PEDRO ARAOZ,20861,4187,90
Tucuman,ESCUELA PUESTITO DE ARRIBA,20863,4187,90
Tucuman,ESCUELA SALVADOR ALONSO,20865,4187,90
Tucuman,ESTANCIA EL DIAMANTE,20876,4119,90
Tucuman,FINCA ANCHORENA,20879,4119,90
Tucuman,FINCA CRISTINA,20880,4119,90
Tucuman,FINCA PIEDRA BLANCA,20882,4119,90
Tucuman,GRAMILLA,20888,4119,90
Tucuman,JULIANA,20891,4119,90
Tucuman,KILOMETRO 80,20895,4119,90
Tucuman,KILOMETRO 94,20896,4119,90
Tucuman,LA AGUITA,20897,4119,90
Tucuman,LA BANDA,20898,4119,90
Tucuman,LA CALERA,20899,4119,90
Tucuman,LA CAUTIVA,20901,4119,90
Tucuman,LA CORZUELA,20902,4119,90
Tucuman,LA CRUZ DE ARRIBA,20906,4119,90
Tucuman,LA ESPERANZA,20908,4187,90
Tucuman,LA FORTUNA,20914,4119,90
Tucuman,LA JUNTA,20918,4119,90
Tucuman,LA LOMA,20920,4119,90
Tucuman,LA MARTA,20923,4119,90
Tucuman,LA POLA,20927,4119,90
Tucuman,LA PUERTA DE LUCA,20930,4119,90
Tucuman,LA RUDA,20934,4119,90
Tucuman,LA SOLEDAD,20935,4119,90
Tucuman,LA TOMA,20938,4119,90
Tucuman,LA TUNA,20940,4149,90
Tucuman,LA UNION,20942,4119,90
Tucuman,LA VERDE,20945,4119,90
Tucuman,LAS CHACRAS,20948,4119,90
Tucuman,LAS TRANCAS TRANQUITAS,20950,4101,90
Tucuman,LOMA NEGRA,20951,4119,90
Tucuman,LOS EUCALIPTOS,20952,4119,90
Tucuman,LOS GONZALES,20953,4119,90
Tucuman,LOS PEDRAZA,20958,4119,90
Tucuman,LOS PINOS B,20959,4000,90
Tucuman,MOLLE CHATO,20962,4119,90
Tucuman,MONTE REDOMON,20963,4162,90
Tucuman,NIO EL PUESTITO,20965,4119,90
Tucuman,PACARA,20972,4119,90
Tucuman,PACARA PINTADO,21034,4119,90
Tucuman,PASO DE LAS LANZAS,21040,4119,90
Tucuman,PIEDRA TENDIDA,21051,4119,90
Tucuman,POTRERILLO,21058,4101,90
Tucuman,PUERTA DE PALAVECINO,21088,4101,90
Tucuman,PUERTA QUEMADA,21094,4119,90
Tucuman,PUESTO DE AVILA,21110,4117,90
Tucuman,PUESTITO DE ARRIBA,21117,4119,90
Tucuman,PUESTO CEVIL CON AGUA,21123,4119,90
Tucuman,PUESTO VILLAGRA,21137,4119,90
Tucuman,PUNTA DEL AGUA,21141,4119,90
Tucuman,SAN GERONIMO,21181,4119,90
Tucuman,SAN JOSE DE SAN MARTIN,21183,4119,90
Tucuman,SAN LORENZO,21186,4119,90
Tucuman,SANTA LUCIA,21196,4119,90
Tucuman,SANTOS LUGARES,21198,4119,90
Tucuman,SORAIRE,21200,4119,90
Tucuman,TALA PAMPA,21201,4119,90
Tucuman,TIERRAS BLANCAS,21202,4119,90
Tucuman,TOQUELLO,21203,4119,90
Tucuman,TOTORILLA,21204,4141,90
Tucuman,TUNALITO,21216,4119,90
Tucuman,TUSCA PAMPA,21221,4119,90
Tucuman,VILLA LA COLMENA,21232,4103,90
Tucuman,ZAPALLAR,21233,4242,90
Tucuman,KILOMETRO 180,21847,4000,90
Tucuman,VILLA ANGELINA,21851,4105,90
Tucuman,ALTO LAS LECHUZAS,21856,4147,90
Tucuman,AROCAS,21857,4174,90
Tucuman,BARRIO TEXTIL,21858,4146,90
Tucuman,CALERA DE CHIRIMAYO,21859,4146,90
Tucuman,CAMPO SOLCO LOS COCHAMOLLES,21860,4146,90
Tucuman,COCHAMOLLE,21861,4146,90
Tucuman,COSTA DEL RIO SECO,21863,4149,90
Tucuman,EL PUESTO,21864,4149,90
Tucuman,ENSENADA,21865,4174,90
Tucuman,ESCUELA 115,21866,4146,90
Tucuman,ESCUELA 168,21867,4146,90
Tucuman,ESCUELA 17,21868,4146,90
Tucuman,ESCUELA 18,21870,4146,90
Tucuman,ESCUELA 118,21871,4146,90
Tucuman,ESCUELA 186,21872,4146,90
Tucuman,ESCUELA 19,21873,4146,90
Tucuman,ESCUELA 234,21874,4146,90
Tucuman,ESCUELA 239,21875,4146,90
Tucuman,ESCUELA 268,21876,4146,90
Tucuman,ESCUELA 365,21877,4146,90
Tucuman,ESCUELA 387,21878,4146,90
Tucuman,ESCUELA 6,21879,4146,90
Tucuman,ESCUELA 65,21880,4146,90
Tucuman,ESCUELA 85,21881,4146,90
Tucuman,ESCUELA ALMIRANTE BROWN,21882,4146,90
Tucuman,ESCUELA FLORENCIO VARELA,21883,4146,90
Tucuman,ESCUELA GREGORIA LAMADRID,21884,4146,90
Tucuman,ESCUELA MANUEL DOMINGO BASSAIL,21885,4146,90
Tucuman,ESCUELA MERCEDES PACHECO,21886,4146,90
Tucuman,ISCHILLON,21887,4146,90
Tucuman,LA BANDERITA,21888,4132,90
Tucuman,LAS CUEVAS,21889,4146,90
Tucuman,LAS GUCHAS LOS GUCHEA,21890,4151,90
Tucuman,LAS LENGUAS LAS LEGUAS,21891,4149,90
Tucuman,LAS PAVAS,21892,4146,90
Tucuman,LOS AGUEROS,21897,4174,90
Tucuman,LOS AGUIRRE,21901,4174,90
Tucuman,LOS LESCANOS,21909,4174,90
Tucuman,LOS TIMBOS,21910,4101,90
Tucuman,MUYO,21923,4146,90
Tucuman,PIEDRA GRANDE,21926,4146,90
Tucuman,RIEGASTA,21932,4174,90
Tucuman,SAN ANTONIO,21958,4174,90
Tucuman,SAN CARLOS,21961,4146,90
Tucuman,SAN RAMON,21967,4149,90
Tucuman,SANTA ROSA,21971,4242,90
Tucuman,VILLA DEVOTO,21984,4146,90
Tucuman,YUNCA SUMA,21990,4146,90
Tucuman,AGUADITA,22014,4178,90
Tucuman,ALABAMA NUEVA,22021,4178,90
Tucuman,ALTO LAS LECHUZAS,22031,4178,90
Tucuman,ANDRES FERREYRA,22038,4178,90
Tucuman,BAJO GRANDE,22043,4111,90
Tucuman,BELLO HORIZONTE,22045,4178,90
Tucuman,BRACHO VIEJO,22048,4178,90
Tucuman,BUSTAMANTE,22049,4184,90
Tucuman,CAMPO LA FLOR LOS RALOS,22070,4182,90
Tucuman,CERCO CUATRO,22082,4178,90
Tucuman,COLONIA EL PUESTO,22093,4178,90
Tucuman,COLONIA EL TARCO,22097,4178,90
Tucuman,COLONIA LA BONARIA,22100,4178,90
Tucuman,COLONIA LA ORTIZ,22108,4178,90
Tucuman,COLONIA LA ROCA,22111,4178,90
Tucuman,COLONIA MERCEDES,22123,4178,90
Tucuman,COLONIA MISTOL,22124,4178,90
Tucuman,COLONIA MONTEROS,22125,4178,90
Tucuman,COLONIA SAN LUIS,22126,4178,90
Tucuman,COLONIA SAN MIGUEL,22127,4178,90
Tucuman,COLONIA SANTA RITA,22129,4178,90
Tucuman,CRUZ ALTA,22131,4178,90
Tucuman,EL CARBON,22140,4184,90
Tucuman,EL CARDENAL,22143,4178,90
Tucuman,EL CARMEN PUENTE ALTO,22146,4178,90
Tucuman,EL CEVILAR,22166,4178,90
Tucuman,EL CORTE,22170,4178,90
Tucuman,EL CRUCE,22171,4178,90
Tucuman,EL CUADRO,22173,4178,90
Tucuman,EL PAJAL,22180,4178,90
Tucuman,EL PRADO,22186,4184,90
Tucuman,EL TALAR,22187,4178,90
Tucuman,ESCUELA BLAS PARERA,22190,4178,90
Tucuman,ESCUELA 106,22192,4178,90
Tucuman,ESCUELA 108,22195,4178,90
Tucuman,ESCUELA 109,22197,4178,90
Tucuman,ESCUELA 110,22198,4178,90
Tucuman,ESCUELA 111,22200,4178,90
Tucuman,ESCUELA 12 DE OCTUBRE,22203,4178,90
Tucuman,ESCUELA 141,22206,4178,90
Tucuman,ESCUELA 142,22208,4178,90
Tucuman,ESCUELA 220,22211,4178,90
Tucuman,ESCUELA 225,22214,4178,90
Tucuman,ESCUELA 228,22216,4178,90
Tucuman,ESCUELA 270,22219,4178,90
Tucuman,ESCUELA 277,22221,4178,90
Tucuman,ESCUELA 283,22224,4178,90
Tucuman,ESCUELA 284,22225,4178,90
Tucuman,ESCUELA 291,22226,4178,90
Tucuman,ESCUELA 3,22228,4178,90
Tucuman,ESCUELA 308,22230,4178,90
Tucuman,ESCUELA 312,22233,4178,90
Tucuman,ESCUELA 327,22236,4178,90
Tucuman,ESCUELA 329,22237,4178,90
Tucuman,ESCUELA 330,22240,4178,90
Tucuman,ESCUELA 334,22242,4178,90
Tucuman,ESCUELA 335,22244,4178,90
Tucuman,ESCUELA 56,22246,4178,90
Tucuman,ESCUELA 76,22248,4178,90
Tucuman,ESCUELA 86,22250,4178,90
Tucuman,ESCUELA 9,22252,4178,90
Tucuman,ESCUELA ALMAFUERTE,22260,4178,90
Tucuman,ESCUELA ARENALES,22263,4178,90
Tucuman,ESCUELA CORONEL ROCA,22266,4178,90
Tucuman,ESCUELA E DE LUCAS,22268,4178,90
Tucuman,ESCUELA G DE VEGA,22270,4178,90
Tucuman,ESCUELA GUIDO SPANO,22272,4178,90
Tucuman,ESCUELA INGENIERO BASCARY,22274,4178,90
Tucuman,ESCUELA JOSE COLOMBRES,22277,4178,90
Tucuman,ESCUELA JOSE POSSE,22280,4178,90
Tucuman,ESCUELA JUANA MANSO,22282,4178,90
Tucuman,ESCUELA N VERGARA,22285,4178,90
Tucuman,ESCUELA R J FREYRE,22290,4178,90
Tucuman,ESCUELA SANTIAGO GALLO,22293,4178,90
Tucuman,ESCUELA SARGENTO CABRAL,22299,4178,90
Tucuman,ESCUELA W POSSE,22301,4178,90
Tucuman,FINCA EL CEIBO,22309,4178,90
Tucuman,FINCA LEILA,22311,4178,90
Tucuman,FINCA LOPEZ,22312,4117,90
Tucuman,FINCA SAN LUIS,22314,4132,90
Tucuman,INGENIO ESPERANZA,22318,4187,90
Tucuman,INGENIO LOS RALOS,22320,4182,90
Tucuman,KILOMETRO 781,22322,4184,90
Tucuman,KILOMETRO 784,22324,4184,90
Tucuman,KILOMETRO 794,22325,4184,90
Tucuman,EL ARENAL,22326,4166,90
Tucuman,KILOMETRO 1270,22328,4178,90
Tucuman,KILOMETRO 34,22330,4178,90
Tucuman,KILOMETRO 771,22331,4178,90
Tucuman,EL INDIO,22334,4142,90
Tucuman,LA CANTINA,22336,4178,90
Tucuman,EL NARANJAL,22337,4142,90
Tucuman,LA CORNELIA,22338,4178,90
Tucuman,LA ERCILIA,22341,4178,90
Tucuman,EL PALCARA,22349,4151,90
Tucuman,ESCUELA,22352,4142,90
Tucuman,ESCUELA 101,22353,4142,90
Tucuman,LA GUILLERMINA,22354,4178,90
Tucuman,ESCUELA 121,22355,4142,90
Tucuman,ESCUELA 13,22356,4142,90
Tucuman,ESCUELA 135,22357,4142,90
Tucuman,ESCUELA 139,22358,4142,90
Tucuman,ESCUELA 14,22359,4142,90
Tucuman,ESCUELA 143,22360,4142,90
Tucuman,ESCUELA 144,22361,4142,90
Tucuman,LA MEDIA AGUA,22362,4178,90
Tucuman,ESCUELA 148,22363,4142,90
Tucuman,ESCUELA 165,22364,4142,90
Tucuman,ESCUELA 202,22366,4142,90
Tucuman,ESCUELA 236,22368,4142,90
Tucuman,ESCUELA 258,22369,4142,90
Tucuman,ESCUELA 281,22370,4142,90
Tucuman,ESCUELA 285,22371,4142,90
Tucuman,ESCUELA 29,22372,4142,90
Tucuman,ESCUELA 290,22373,4142,90
Tucuman,ESCUELA 297,22374,4142,90
Tucuman,ESCUELA 315,22375,4142,90
Tucuman,ESCUELA 319,22376,4142,90
Tucuman,ESCUELA 35,22377,4142,90
Tucuman,ESCUELA 361,22378,4142,90
Tucuman,ESCUELA 53,22379,4142,90
Tucuman,LOLITA NUEVA,22382,4182,90
Tucuman,ESCUELA FRAY M ESQUIU,22383,4142,90
Tucuman,ESCUELA IBATIN,22385,4142,90
Tucuman,LOPEZ DOMINGUEZ,22387,4184,90
Tucuman,ESCUELA J CASTELLANO,22388,4142,90
Tucuman,ESCUELA M ARIZA,22390,4142,90
Tucuman,LOS BULACIO,22392,4111,90
Tucuman,ESCUELA MANUEL BORDA,22393,4142,90
Tucuman,ESCUELA TAMBOR DE TACUARI,22394,4142,90
Tucuman,ESCUELA 380,22396,4142,90
Tucuman,FIN DEL MUNDO,22398,4142,90
Tucuman,IBATIN,22400,4142,90
Tucuman,INGENIO SANTA LUCIA,22405,4135,90
Tucuman,MARTA,22409,4178,90
Tucuman,ISLA SAN JOSE SUD,22411,4142,90
Tucuman,NARANJITO,22416,4115,90
Tucuman,KILOMETRO 1500,22417,4142,90
Tucuman,KILOMETRO 93,22418,4142,90
Tucuman,OVERO POZO,22419,4178,90
Tucuman,P G MENDEZ,22420,4117,90
Tucuman,LA HELADERA,22421,4142,90
Tucuman,LA QUINTA,22422,4142,90
Tucuman,LUIS PASTEUR,22423,4178,90
Tucuman,PEREYRA NORTE,22424,4178,90
Tucuman,LAS PAMPITAS,22426,4142,90
Tucuman,LAS TALITAS,22428,4242,90
Tucuman,PEREYRA SUR,22429,4178,90
Tucuman,POTRERO DE LOS ALAMOS,22442,4178,90
Tucuman,POZO ALTO,22447,4111,90
Tucuman,POZO DEL ALTO,22454,4184,90
Tucuman,MONTEROS VIEJO,22469,4142,90
Tucuman,MOTHE,22474,4172,90
Tucuman,QUINTEROS 1,22478,4144,90
Tucuman,QUINTEROS 2,22483,4144,90
Tucuman,RAFAELA POZO,22486,4115,90
Tucuman,RUTA NACIONAL 9,22498,4178,90
Tucuman,RUTA PROVINCIAL 302,22499,4178,90
Tucuman,PIEDRAS COLORADAS,22500,4142,90
Tucuman,RUTA PROVINCIAL 303,22502,4178,90
Tucuman,RUTA PROVINCIAL 304,22506,4178,90
Tucuman,RUTA PROVINCIAL 306,22508,4178,90
Tucuman,RUTA PROVINCIAL 319,22512,4178,90
Tucuman,PLAYA LARGA,22514,4142,90
Tucuman,RUTA PROVINCIAL 335,22521,4178,90
Tucuman,RANCHO DE CASCADA,22526,4142,90
Tucuman,RINCON GRANDE,22531,4142,90
Tucuman,RUTA NACIONAL 38,22541,4142,90
Tucuman,SAN ANDRES,22555,4111,90
Tucuman,SANTA RITA,22581,4178,90
Tucuman,SINQUIAL,22584,4178,90
Tucuman,TAMBOR DE TACUARI,22586,4117,90
Tucuman,VILLA RECASTE,22588,4178,90
Tucuman,SANTO DOMINGO,22592,4142,90
Tucuman,VILLA BRAVA,22595,4142,90
Tucuman,YONOPONGO SUD,22596,4142,90
Tucuman,ZANJON MASCIO,22599,4172,90
Tucuman,ZAVALIA,22600,4142,90
Tucuman,AGUA BLANCA,22602,4132,90
Tucuman,BARRANCAS COLORADAS,22606,4132,90
Tucuman,CAMPO REDONDO,22611,4168,90
Tucuman,COLONIA ACEVEDO,22614,4132,90
Tucuman,COLONIA BASCARY,22616,4132,90
Tucuman,COLONIA PACARA,22620,4132,90
Tucuman,COLONIA NUEVA TRINIDAD,22622,4152,90
Tucuman,CUESTA DE LA CHILCA,22623,4153,90
Tucuman,COLONIA SANTA LUCIA,22624,4132,90
Tucuman,EL CEBIL,22625,4152,90
Tucuman,COLONIA SANTA RITA,22626,4132,90
Tucuman,ESCUELA 137,22627,4152,90
Tucuman,ESCUELA 140,22628,4152,90
Tucuman,EL MATADERO,22629,4132,90
Tucuman,ESCUELA 176,22630,4152,90
Tucuman,ESCUELA 21,22631,4152,90
Tucuman,ESCUELA 264,22632,4152,90
Tucuman,ESCUELA 274,22634,4152,90
Tucuman,ESCUELA 279,22635,4152,90
Tucuman,EL TROPEZON,22636,4132,90
Tucuman,ESCUELA 280,22637,4152,90
Tucuman,ESCUELA 287,22638,4152,90
Tucuman,ESCUELA 288,22639,4152,90
Tucuman,ESCUELA 289,22640,4152,90
Tucuman,ESCUELA 100,22641,4132,90
Tucuman,ESCUELA 124,22642,4132,90
Tucuman,ESCUELA 320,22643,4152,90
Tucuman,ESCUELA 64,22644,4152,90
Tucuman,ESCUELA 66,22645,4152,90
Tucuman,ESCUELA 154,22646,4132,90
Tucuman,ESCUELA 160,22647,4132,90
Tucuman,ESCUELA 67,22648,4152,90
Tucuman,ESCUELA 197,22650,4132,90
Tucuman,ESCUELA ALFONSINA STORNI,22651,4152,90
Tucuman,ESCUELA CARLOS PELLEGRINI,22652,4152,90
Tucuman,ESCUELA 200,22653,4132,90
Tucuman,ESCUELA DOMINGO GARCIA,22654,4152,90
Tucuman,ESCUELA 206,22655,4132,90
Tucuman,ESCUELA 257,22657,4132,90
Tucuman,ESCUELA LUIS GIANNEO,22658,4152,90
Tucuman,ESCUELA 261,22659,4132,90
Tucuman,ESCUELA 298,22660,4132,90
Tucuman,ESCUELA 321,22661,4132,90
Tucuman,ESCUELA 356,22663,4132,90
Tucuman,ESCUELA 373,22664,4132,90
Tucuman,ESCUELA 63,22665,4132,90
Tucuman,ESCUELA 88,22666,4132,90
Tucuman,ESCUELA CONGRESALES TUCUMANOS,22668,4132,90
Tucuman,ESCUELA GUILLERMINA MOREIRA,22670,4132,90
Tucuman,ESCUELA MONTE GRANDE,22672,4132,90
Tucuman,ESCUELA VELEZ SARSFIELD,22674,4132,90
Tucuman,ESQUINA NORTE,22676,4132,90
Tucuman,FINCA ARAOZ,22680,4168,90
Tucuman,INGENIO LA FRONTERITA,22686,4132,90
Tucuman,KILOMETRO 1240,22692,4168,90
Tucuman,KILOMETRO 1244,22694,4168,90
Tucuman,KILOMETRO 108,22717,4132,90
Tucuman,LA AGUADA,22718,4111,90
Tucuman,LA PINTA Y LA CUARENTA,22719,4132,90
Tucuman,LAS RATAS,22720,4132,90
Tucuman,LAS TRES FLORES,22721,4132,90
Tucuman,INGENIO SANTA ANA,22722,4155,90
Tucuman,KILOMETRO 1455,22723,4152,90
Tucuman,LAS TUSCAS TUSCAL,22724,4155,90
Tucuman,LOS OCHO CUARTOS,22725,4152,90
Tucuman,LAURELES NORTE,22726,4132,90
Tucuman,MORAS MINUCAS,22727,4152,90
Tucuman,POTRERO DE LAS CABRAS,22728,4152,90
Tucuman,LAURELES SUR,22729,4132,90
Tucuman,VILLA VIEJA SANTA ANA,22733,4155,90
Tucuman,LOS SIFONES,22734,4132,90
Tucuman,RUTA NACIONAL 157,22756,4132,90
Tucuman,RUTA NACIONAL 38,22757,4132,90
Tucuman,RUTA PROVINCIAL 322,22760,4132,90
Tucuman,RUTA PROVINCIAL 334,22761,4132,90
Tucuman,RUTA PROVINCIAL 380,22764,4132,90
Tucuman,SAUCE PARTIDO,22781,4132,90
Tucuman,ALTO DEL PUESTO,22801,4176,90
Tucuman,ALTO VERDE,22805,4176,90
Tucuman,AMIMPA,22809,4176,90
Tucuman,ANIMAS,22817,4176,90
Tucuman,ARBOLES VERDES,22824,4176,90
Tucuman,BARRANQUERAS,22831,4176,90
Tucuman,BARROSA,22835,4176,90
Tucuman,CAJAS VIEJAS,22842,4162,90
Tucuman,CAMPO ALEGRE,22845,4176,90
Tucuman,CAÃ‘ADAS,22848,4176,90
Tucuman,BALDERRAMA SUR,22849,4174,90
Tucuman,BUENA YERBA,22851,4174,90
Tucuman,CORONA,22852,4174,90
Tucuman,EL DURAZNO,22853,4174,90
Tucuman,CASA SANTA,22854,4176,90
Tucuman,EL MOLLAR,22856,4174,90
Tucuman,EL RODEO,22859,4174,90
Tucuman,ENTRE RIOS,22861,4174,90
Tucuman,ESCUELA 116,22864,4172,90
Tucuman,ESCUELA 126,22867,4172,90
Tucuman,CHAÃ‘AR,22872,4176,90
Tucuman,ESCUELA 129,22875,4172,90
Tucuman,CHAÃ‘ARITOS,22877,4242,90
Tucuman,ESCUELA 131,22879,4172,90
Tucuman,ESCUELA 133,22882,4172,90
Tucuman,CONSIMO,22925,4174,90
Tucuman,DOS POZOS,22927,4176,90
Tucuman,EL BAÃ‘ADO,22931,4176,90
Tucuman,EL BARRANQUERO,22933,4176,90
Tucuman,ESCUELA 134,22935,4172,90
Tucuman,ESCUELA 15,22936,4172,90
Tucuman,EL CAMPO,22937,4176,90
Tucuman,ESCUELA 16,22938,4172,90
Tucuman,ESCUELA 162,22939,4172,90
Tucuman,EL ESPINAL,22940,4137,90
Tucuman,ESCUELA 183,22941,4172,90
Tucuman,ESCUELA 193,22942,4172,90
Tucuman,ESCUELA 198,22943,4172,90
Tucuman,ESCUELA 199,22944,4172,90
Tucuman,ESCUELA 20,22945,4172,90
Tucuman,ESCUELA 201,22946,4172,90
Tucuman,EL MISTOL,22947,4176,90
Tucuman,ESCUELA 203,22948,4172,90
Tucuman,ESCUELA 237,22950,4172,90
Tucuman,ESCUELA 241,22951,4172,90
Tucuman,EL MOJON,22952,4117,90
Tucuman,ESCUELA 266,22953,4172,90
Tucuman,ESCUELA 269,22954,4172,90
Tucuman,ESCUELA 286,22956,4172,90
Tucuman,EL NIAL,22957,4176,90
Tucuman,ESCUELA 297,22958,4172,90
Tucuman,ESCUELA 317,22959,4172,90
Tucuman,ESCUELA 322,22960,4172,90
Tucuman,ESCUELA 332,22961,4172,90
Tucuman,EL PALANCHO,22962,4176,90
Tucuman,ESCUELA 345,22963,4172,90
Tucuman,ESCUELA 36,22966,4172,90
Tucuman,ESCUELA 391,22968,4172,90
Tucuman,ESCUELA 41,22969,4172,90
Tucuman,ESCUELA 43,22971,4172,90
Tucuman,ESCUELA 55,22973,4172,90
Tucuman,ESCUELA 68,22974,4172,90
Tucuman,ESCUELA 84,22976,4172,90
Tucuman,ESCUELA 93,22978,4172,90
Tucuman,ESCUELA 94,22979,4172,90
Tucuman,ESCUELA 95,22980,4172,90
Tucuman,EL RODEO,22981,4176,90
Tucuman,ESCUELA 97,22982,4172,90
Tucuman,ESCUELA 99,22985,4172,90
Tucuman,EL SAUZAL,22986,4176,90
Tucuman,ESCUELA AGUEDA DE POSSE,22988,4172,90
Tucuman,ESCUELA ARAOZ ALFARO,22989,4172,90
Tucuman,ESCUELA CNEL GERONIMO HELGUERA,22992,4172,90
Tucuman,ESCUELA CORNELIO SAAVEDRA,22994,4172,90
Tucuman,ESCUELA GOMEZ,22995,4172,90
Tucuman,ESCUELA LOPEZ MAÃ‘AR,22996,4172,90
Tucuman,EL VALLECITO,22998,4176,90
Tucuman,ESCUELA LOPEZ Y PLANES,22999,4172,90
Tucuman,ESCUELA LUGONES,23001,4172,90
Tucuman,ESCUELA MATIENZO,23003,4172,90
Tucuman,ESTANCIA SURI YACO,23004,4174,90
Tucuman,EMBALSE RIO HONDO,23006,4176,90
Tucuman,FINCA PACARA,23007,4111,90
Tucuman,GRAMAJOS,23009,4159,90
Tucuman,INGAS,23011,4174,90
Tucuman,KILOMETRO 1213,23012,4172,90
Tucuman,LA LOMA,23016,4174,90
Tucuman,LA PLANTA,23017,4174,90
Tucuman,LA REINA,23018,4174,90
Tucuman,LA TUNA,23019,4174,90
Tucuman,LOMA GRANDE,23022,4174,90
Tucuman,ESCUELA 151,23023,4176,90
Tucuman,LOS TRES BAJOS,23024,4161,90
Tucuman,LOVAR,23025,4174,90
Tucuman,ESCUELA 158,23026,4176,90
Tucuman,MASCIO PILCO,23028,4172,90
Tucuman,ESCUELA 172,23030,4176,90
Tucuman,ESCUELA 178,23032,4176,90
Tucuman,ESCUELA 179,23033,4176,90
Tucuman,ESCUELA 180,23035,4176,90
Tucuman,ESCUELA 182,23036,4176,90
Tucuman,ESCUELA 184,23039,4176,90
Tucuman,ESCUELA 187,23040,4176,90
Tucuman,ESCUELA 189,23042,4176,90
Tucuman,ESCUELA 191,23044,4176,90
Tucuman,ESCUELA 245,23047,4176,90
Tucuman,ESCUELA 302,23048,4176,90
Tucuman,ESCUELA 303,23049,4176,90
Tucuman,ESCUELA 306,23052,4176,90
Tucuman,ESCUELA 316,23054,4176,90
Tucuman,ESCUELA 343,23056,4176,90
Tucuman,ESCUELA 346,23058,4176,90
Tucuman,ESCUELA 72,23059,4176,90
Tucuman,ESCUELA 74,23060,4176,90
Tucuman,ESCUELA 75,23062,4176,90
Tucuman,KILOMETRO 1185,23063,4174,90
Tucuman,ESCUELA 90,23064,4176,90
Tucuman,ESCUELA 92,23065,4176,90
Tucuman,ESCUELA 96,23066,4176,90
Tucuman,PAMPA MAYO,23067,4172,90
Tucuman,PLANTA COMPRESORA YPF,23068,4174,90
Tucuman,ESCUELA CAP DIEGO FCO PEREYRA,23069,4176,90
Tucuman,POLIAR,23070,4174,90
Tucuman,ESCUELA CRISTOBAL COLON,23072,4176,90
Tucuman,ESCUELA 123,23073,4176,90
Tucuman,ESQUINA,23077,4176,90
Tucuman,SAN CARLOS,23079,4174,90
Tucuman,SAN PEDRO MARTIR,23080,4172,90
Tucuman,SUELDO,23082,4111,90
Tucuman,IGUANA,23086,4242,90
Tucuman,KILOMETRO 12,23088,4176,90
Tucuman,KM 12,23094,4159,90
Tucuman,LA BRAMA,23097,4176,90
Tucuman,LA CONCEPCION,23101,4176,90
Tucuman,LA COSTA PALAMPA,23102,4176,90
Tucuman,LA ESPERANZA,23103,4176,90
Tucuman,LA ESTRELLA,23104,4176,90
Tucuman,LA LOMA,23106,4176,90
Tucuman,LA SOLEDAD,23107,4176,90
Tucuman,LAGUNA LARGA,23122,4176,90
Tucuman,ABRA BAYA,23130,4137,90
Tucuman,ABRA DE LA PICAZA,23131,4137,90
Tucuman,ABRA DE YARETA,23132,4137,90
Tucuman,ABRA DEL INFIERNILLO,23135,4137,90
Tucuman,AGUA SALADA,23136,4141,90
Tucuman,AGUADA,23137,4137,90
Tucuman,ALTO CAZADERA,23140,4137,90
Tucuman,ALTO DE LOS REALES,23141,4137,90
Tucuman,ALTO DEL HUASCHO,23142,4137,90
Tucuman,LAS PARRITAS,23143,4176,90
Tucuman,ALTO DEL LAMPAZO,23145,4137,90
Tucuman,ALTO LOS CARDONES,23147,4137,90
Tucuman,AMPIMPA,23148,4137,90
Tucuman,ANTIGUO QUILMES,23149,4137,90
Tucuman,BANDA,23151,4137,90
Tucuman,LAS ZANJITAS,23152,4176,90
Tucuman,CAMPO BLANCO,23153,4137,90
Tucuman,CAMPO DE LAS GALLINAS,23155,4137,90
Tucuman,CAMPO DE LOS CARDONES,23156,4137,90
Tucuman,CAMPO DE LOS CHAÃ‘ARES,23158,4137,90
Tucuman,CAMPO ZAUZAL,23160,4137,90
Tucuman,CARAPUNCO,23162,4137,90
Tucuman,CASA DE CAMPO,23163,4137,90
Tucuman,CASA DE PIEDRAS,23166,4158,90
Tucuman,CASA DE ZINC,23167,4137,90
Tucuman,CHILCAS,23168,4119,90
Tucuman,CIENAGUITA,23169,4137,90
Tucuman,CORRAL BLANCO,23170,4137,90
Tucuman,CORRAL GRANDE,23171,4137,90
Tucuman,EL ANTIGAL,23172,4137,90
Tucuman,EL ARBOLITO,23173,4187,90
Tucuman,EL ARQUEAL,23174,4137,90
Tucuman,EL CARMEN,23175,4137,90
Tucuman,LOS MISTOLES,23176,4162,90
Tucuman,LOS PANCHILLOS,23177,4176,90
Tucuman,LOS RUIZ,23178,4176,90
Tucuman,LOS SARACHO,23179,4176,90
Tucuman,LOS SORAIRE,23180,4176,90
Tucuman,LOS SOTELO,23183,4176,90
Tucuman,LOS VAZQUEZ,23184,4105,90
Tucuman,MOLLES,23189,4242,90
Tucuman,PALO SECO,23199,4176,90
Tucuman,PALOS QUEMADOS,23203,4176,90
Tucuman,PAMPA MUYO,23212,4176,90
Tucuman,PAMPA ROSA,23216,4176,90
Tucuman,PASO DE LOS NIEVAS,23219,4176,90
Tucuman,PASO GRANDE,23221,4176,90
Tucuman,POZO EL QUEBRACHO,23225,4176,90
Tucuman,POZO VERDE,23229,4176,90
Tucuman,PUEBLO NUEVO,23232,4164,90
Tucuman,PUESTO BELEN,23238,4176,90
Tucuman,PUESTO DE GALVANES,23241,4176,90
Tucuman,PUESTO DEL MEDIO,23244,4187,90
Tucuman,PUESTO LOS BARRAZA,23251,4176,90
Tucuman,PUESTO LOS GALVEZ,23256,4176,90
Tucuman,PUESTO LOS ROBLES,23259,4142,90
Tucuman,RIO HONDITO,23264,4176,90
Tucuman,RUMI COCHA,23266,4176,90
Tucuman,RUTA NACIONAL 157,23269,4176,90
Tucuman,RUTA PROVINCIAL 333,23273,4176,90
Tucuman,RUTA PROVINCIAL 334,23275,4176,90
Tucuman,SANTA CLARA SUD,23301,4168,90
Tucuman,EL CASIAL,23302,4137,90
Tucuman,EL CASIALITO,23303,4137,90
Tucuman,EL CHORRO,23304,4124,90
Tucuman,EL INFIERNILLO,23305,4137,90
Tucuman,EL LAMEDERO,23306,4137,90
Tucuman,EL LAMPARAZO,23307,4137,90
Tucuman,EL MOLLE,23308,4137,90
Tucuman,EL MOLLE VIEJO,23309,4137,90
Tucuman,EL PAYANAL,23310,4137,90
Tucuman,EL PORTEZUELO,23317,4117,90
Tucuman,EL POTRERILLO,23318,4137,90
Tucuman,EL POZO,23319,4137,90
Tucuman,EL TORO,23321,4137,90
Tucuman,ESCUELA 213,23322,4137,90
Tucuman,ESCUELA 217,23323,4137,90
Tucuman,ESCUELA 22,23324,4137,90
Tucuman,ESCUELA 23,23325,4137,90
Tucuman,ESCUELA 28,23326,4137,90
Tucuman,ESCUELA 325,23327,4137,90
Tucuman,ESCUELA 33,23328,4137,90
Tucuman,ESCUELA 336,23329,4137,90
Tucuman,ESCUELA 337,23330,4137,90
Tucuman,ESCUELA 338,23331,4137,90
Tucuman,SESTEADERO,23332,4242,90
Tucuman,ESCUELA 340,23333,4137,90
Tucuman,ESCUELA 342,23334,4137,90
Tucuman,ESCUELA 357,23335,4137,90
Tucuman,ESCUELA 37,23336,4137,90
Tucuman,ESCUELA 371,23337,4137,90
Tucuman,ESCUELA 374,23339,4137,90
Tucuman,ESCUELA 379,23340,4137,90
Tucuman,SUNCHO PUNTA,23341,4164,90
Tucuman,ESCUELA 38,23342,4137,90
Tucuman,ESCUELA 390,23343,4137,90
Tucuman,ESCUELA 50,23344,4137,90
Tucuman,ESCUELA CNEL IGNACIO MURGA,23345,4137,90
Tucuman,ESCUELA GOB JOSE MANUEL SILVA,23346,4137,90
Tucuman,ESCUELA MANUELA PEDRAZA,23347,4137,90
Tucuman,ESPIADERO,23348,4137,90
Tucuman,ESQUINA DEL VALLE,23349,4137,90
Tucuman,FUERTE QUEMADO,23350,4137,90
Tucuman,IGLESIAS,23351,4107,90
Tucuman,KILOMETRO 1025,23352,4137,90
Tucuman,TALA SACHA,23353,4176,90
Tucuman,KILOMETRO 1041,23354,4137,90
Tucuman,KILOMETRO 118,23355,4137,90
Tucuman,KILOMETRO 52,23357,4137,90
Tucuman,KILOMETRO 62,23358,4137,90
Tucuman,LA COMBADA,23360,4137,90
Tucuman,LA FALDA,23362,4103,90
Tucuman,LA MARAVILLA,23363,4137,90
Tucuman,TOSTADO,23364,4242,90
Tucuman,VILLA PUJIO,23374,4176,90
Tucuman,YUMILLURA,23384,4242,90
Tucuman,EL PABELLON,23399,4137,90
Tucuman,EL CHURQUI,23400,4158,90
Tucuman,EL DIVISADERO,23405,4158,90
Tucuman,EL LAMEDERO,23409,4158,90
Tucuman,ESCABA DE ABAJO,23414,4158,90
Tucuman,ESCABA DE ARRIBA,23416,4158,90
Tucuman,ESCUELA 138,23417,4158,90
Tucuman,ESCUELA 190,23418,4158,90
Tucuman,ESCUELA 26,23419,4158,90
Tucuman,ESCUELA 263,23420,4158,90
Tucuman,ESCUELA 267,23422,4158,90
Tucuman,ESCUELA 307,23424,4158,90
Tucuman,ESCUELA 318,23427,4158,90
Tucuman,ESCUELA 328,23429,4158,90
Tucuman,ESCUELA 352,23431,4158,90
Tucuman,ESCUELA 376,23433,4158,90
Tucuman,ESCUELA 69,23435,4158,90
Tucuman,ESCUELA V GENERALA,23439,4158,90
Tucuman,FUERTE ALTO,23440,4158,90
Tucuman,LA CALERA,23444,4158,90
Tucuman,LAS TABLITAS,23448,4158,90
Tucuman,LOS ALAMITOS,23453,4158,90
Tucuman,RUTA NACIONAL 38,23465,4158,90
Tucuman,RUTA PROVINCIAL 308,23471,4158,90
Tucuman,SAN BERNARDO B,23478,4000,90
Tucuman,UCUCHACRA,23486,4158,90
Tucuman,CAMPO DE TALAMAYO,23518,4158,90
Tucuman,DIQUE ESCABA,23524,4158,90
Tucuman,LAS HIGUERILLAS,23531,4144,90
Tucuman,VILLA ALBERDI ESTACION,23548,4158,90
Tucuman,BATIRUANA,23562,4162,90
Tucuman,BOCA DE LA QUEBRADA,23568,4162,90
Tucuman,LA MESADA,23585,4137,90
Tucuman,LA PUNTILLA,23586,4137,90
Tucuman,LA QUESERIA,23587,4137,90
Tucuman,LA SALA,23588,4137,90
Tucuman,LA SALAMANCA,23589,4137,90
Tucuman,LA SILLA,23590,4137,90
Tucuman,LA TRANCA,23591,4137,90
Tucuman,LA VIÃ‘ITA,23592,4137,90
Tucuman,LACAVERA,23593,4103,90
Tucuman,LAMPARCITO,23594,4137,90
Tucuman,LAS BOLSAS,23595,4137,90
Tucuman,LAS MELLIZAS,23596,4107,90
Tucuman,LOMA REDONDA,23597,4137,90
Tucuman,LOS POCITOS,23603,4137,90
Tucuman,MACHO HUAÃ‘USCA,23606,4137,90
Tucuman,EL COLCOLAR,23608,4162,90
Tucuman,MESADA DE ENCIMA,23609,4137,90
Tucuman,MOLLE DE ABAJO,23610,4137,90
Tucuman,MOLLE YACO,23611,4137,90
Tucuman,NOGALITA,23613,4137,90
Tucuman,EL DURAZNITO,23615,4162,90
Tucuman,PALO GACHO,23616,4137,90
Tucuman,PEÃ‘A OVERA,23618,4137,90
Tucuman,PEÃ‘A PICAZA,23620,4137,90
Tucuman,PIEDRA BLANCA,23622,4119,90
Tucuman,PIEDRAS BLANCAS,23624,4137,90
Tucuman,PORTEZUELO DE LAS ANIMAS,23626,4137,90
Tucuman,EL JARDIN,23627,4162,90
Tucuman,PORTEZUELO DE TOMAS,23629,4137,90
Tucuman,PUERTA DE JULIPAO,23632,4141,90
Tucuman,PUERTO COCHUCHO,23634,4105,90
Tucuman,PUESTO DE JULIPAO,23635,4141,90
Tucuman,PUESTO DE ALUMBRE,23637,4137,90
Tucuman,EL PILA,23638,4162,90
Tucuman,PUESTO DE ZARZO,23639,4137,90
Tucuman,PUESTO DE ENCALILLO,23641,4137,90
Tucuman,PUESTO LA RAMADITA,23643,4135,90
Tucuman,PUESTO VIEJO,23645,4137,90
Tucuman,REARTE,23647,4137,90
Tucuman,RINCON DE LAS TACANAS,23649,4178,90
Tucuman,RINCON DE QUILMES,23650,4141,90
Tucuman,RIO BLANCO,23652,4137,90
Tucuman,ESCUELA 125,23656,4162,90
Tucuman,ESCUELA 159,23659,4162,90
Tucuman,ESCUELA 188,23662,4162,90
Tucuman,ESCUELA 24,23664,4162,90
Tucuman,ESCUELA 244,23666,4162,90
Tucuman,ESCUELA 25,23668,4162,90
Tucuman,ESCUELA 282,23671,4162,90
Tucuman,ESCUELA 294,23673,4162,90
Tucuman,ESCUELA 355,23678,4162,90
Tucuman,ESCUELA 363,23680,4162,90
Tucuman,ESCUELA 73,23682,4162,90
Tucuman,ESCUELA 89,23685,4162,90
Tucuman,ESCUELA JOAQUIN V GONZALEZ,23691,4162,90
Tucuman,ESCUELA MARIO BRAVO,23695,4162,90
Tucuman,ESCUELA OLEGARIO ANDRADE,23701,4162,90
Tucuman,ESCUELA PEDRO MEDRANO,23704,4162,90
Tucuman,HUACRA,23707,4162,90
Tucuman,HUASA PAMPA SUR,23714,4162,90
Tucuman,LOS BATEONES,23736,4137,90
Tucuman,KILOMETRO 1402,23760,4162,90
Tucuman,KILOMETRO 1412,23763,4162,90
Tucuman,KILOMETRO 1438,23765,4162,90
Tucuman,LA HUERTA,23772,4162,90
Tucuman,LA LAGUNITA,23780,4137,90
Tucuman,PONZACON,23822,4162,90
Tucuman,POTRERILLOS,23827,4162,90
Tucuman,PUESTO LOS ROBLES,23846,4162,90
Tucuman,QUEBRACHITO,23857,4242,90
Tucuman,RUTA NACIONAL 38,23862,4162,90
Tucuman,RUTA NACIONAL 64,23863,4162,90
Tucuman,RUTA PROVINCIAL 334,23864,4162,90
Tucuman,SAN JOSE DE LA COCHA,23877,4163,90
Tucuman,TALITA POZO,23892,4119,90
Tucuman,TATA YACU,23897,4162,90
Tucuman,YANIMA,23903,4158,90
Tucuman,SAN CARLITOS,24099,4137,90
Tucuman,SAN FRANCISCO,24100,4137,90
Tucuman,TORO YACO,24101,4137,90
Tucuman,YACO,24102,4122,90
Tucuman,ANGOSTURA,24117,4124,90
Tucuman,BAJO DE RACO,24119,4103,90
Tucuman,EL CADILLAL,24120,4103,90
Tucuman,EL PELADO,24123,4103,90
Tucuman,ESCUELA 107,24125,4101,90
Tucuman,ESCUELA 163,24127,4101,90
Tucuman,ESCUELA 164,24128,4101,90
Tucuman,ESCUELA 210,24130,4101,90
Tucuman,ESCUELA 215,24132,4101,90
Tucuman,ESCUELA 218,24133,4101,90
Tucuman,ESCUELA 219,24135,4101,90
Tucuman,ESCUELA 256,24136,4101,90
Tucuman,ESCUELA 299,24137,4101,90
Tucuman,ESCUELA 300 LA PICADA,24139,4101,90
Tucuman,ESCUELA 350,24140,4101,90
Tucuman,ESCUELA 393,24141,4101,90
Tucuman,ESCUELA 48,24143,4101,90
Tucuman,ESCUELA 59,24144,4101,90
Tucuman,ESCUELA 70,24146,4101,90
Tucuman,ESCUELA CAPITAN GASPAR DE MEDI,24148,4101,90
Tucuman,ESCUELA EE UU,24149,4101,90
Tucuman,ESCUELA FORTUNATA GARCIA,24152,4101,90
Tucuman,ESCUELA MIGUEL AZCUENAGA,24153,4101,90
Tucuman,ESCUELA MIGUEL CERVANTES,24155,4101,90
Tucuman,ESCUELA RAMON CARRILLO,24157,4101,90
Tucuman,ESCUELA 255,24159,4101,90
Tucuman,VILLA MUÃ‘ECAS,24161,4000,90
Tucuman,GRAL ANSELMO ROJO,24162,4103,90
Tucuman,KILOMETRO 925,24163,4103,90
Tucuman,LA BANDA,24164,4124,90
Tucuman,LA HOYADA,24166,4105,90
Tucuman,LA MANGA,24167,4103,90
Tucuman,LA RAMADA,24168,4103,90
Tucuman,LA SALA,24169,4119,90
Tucuman,LAGUNA GRANDE,24170,4103,90
Tucuman,LAS CAÃ‘ITAS,24172,4103,90
Tucuman,LOS ZARAGOZA,24200,4103,90
Tucuman,LUZ Y FUERZA,24202,4103,90
Tucuman,PORTEZUELO,24204,4117,90
Tucuman,PUESTO CIENAGA AMARILLA,24206,4103,90
Tucuman,SAUCE YACO,24217,4162,90
Tucuman,MONASTERIO,24231,4103,90
Tucuman,ABRA RICA,24239,4178,90
Tucuman,AGUA AZUL,24244,4115,90
Tucuman,AGUA DULCE,24249,4168,90
Tucuman,AGUA SALADA,24254,4168,90
Tucuman,ANEGADOS,24260,4168,90
Tucuman,ARAOZ,24263,4178,90
Tucuman,BILCA POZO,24270,4111,90
Tucuman,BUENA VISTA OESTE,24273,4168,90
Tucuman,ABRA EL CANDADO,24274,4124,90
Tucuman,AGUA EL SIMBO,24275,4124,90
Tucuman,AGUADA DE JORGE,24276,4124,90
Tucuman,ALIZAL,24277,4122,90
Tucuman,ALTO DE LA ANGOSTURA,24278,4124,90
Tucuman,ALTO DE LOS GIMENEZ,24280,4124,90
Tucuman,CACHI HUASI,24281,4113,90
Tucuman,ALTO LA TOTORA,24282,4124,90
Tucuman,ALURRALDE,24283,4122,90
Tucuman,ANTA,24284,4434,90
Tucuman,ARAGON,24285,4122,90
Tucuman,CACHI YACO,24286,4178,90
Tucuman,BOBA YACU,24287,4124,90
Tucuman,CACHI YACO,24289,4124,90
Tucuman,CAMPO REDONDO,24290,4124,90
Tucuman,CAPILLA,24291,4124,90
Tucuman,CASAS VIEJAS,24292,4124,90
Tucuman,CERVALITO,24294,4124,90
Tucuman,CRIOLLAS,24295,4122,90
Tucuman,CACHI YACO APEADERO FCGB,24296,4113,90
Tucuman,EL ALPIZAR,24298,4124,90
Tucuman,EL ARENAL,24299,4124,90
Tucuman,EL ASERRADERO,24300,4117,90
Tucuman,EL BOYERO,24301,4124,90
Tucuman,EL BRETE,24303,4126,90
Tucuman,EL CADILLAL,24304,4124,90
Tucuman,EL JUNQUILLAR,24305,4124,90
Tucuman,EL MILAGRO,24306,4124,90
Tucuman,EL MOLINO,24308,4124,90
Tucuman,EL MOLLAR,24309,4124,90
Tucuman,EL PELADO,24311,4124,90
Tucuman,CACHIYACO,24312,4168,90
Tucuman,EL PELADO DE PARANILLO,24313,4124,90
Tucuman,EL PORVENIR,24314,4124,90
Tucuman,CAMAS AMONTONADAS,24316,4115,90
Tucuman,CAMPANA,24318,4111,90
Tucuman,CAMPO AZUL,24319,4115,90
Tucuman,CAMPO EL LUISITO,24321,4178,90
Tucuman,CAMPO EL MOLLAR,24324,4178,90
Tucuman,CAÃ‘ADA DE VICLOS,24327,4178,90
Tucuman,CAÃ‘ADA DEL ARENAL,24328,4124,90
Tucuman,CANDELILLAL,24330,4111,90
Tucuman,CARANCHO POZO,24333,4168,90
Tucuman,CEVILARCITO,24336,4111,90
Tucuman,CHAÃ‘AR MUYA,24340,4168,90
Tucuman,CHAÃ‘AR POZO,24341,4168,90
Tucuman,CHILCAL,24353,4111,90
Tucuman,COLONIA SOBRECASA,24358,4168,90
Tucuman,EL AGUILAR,24366,4168,90
Tucuman,EL ATACAT,24369,4168,90
Tucuman,EL BAGUAL,24372,4178,90
Tucuman,EL CASTORAL,24380,4168,90
Tucuman,EL CEIBAL,24383,4168,90
Tucuman,ESCUELA 1,24409,4168,90
Tucuman,ESCUELA 102,24412,4168,90
Tucuman,ESCUELA 103,24413,4168,90
Tucuman,ESCUELA 104,24414,4168,90
Tucuman,ESCUELA 105,24417,4168,90
Tucuman,ESCUELA 11,24418,4168,90
Tucuman,ESCUELA 114,24419,4168,90
Tucuman,ESCUELA 122,24421,4168,90
Tucuman,ESCUELA 132,24424,4168,90
Tucuman,ESCUELA 145,24425,4168,90
Tucuman,ESCUELA 146,24427,4168,90
Tucuman,ESCUELA 147,24428,4168,90
Tucuman,ESCUELA 153,24429,4168,90
Tucuman,ESCUELA 156,24430,4168,90
Tucuman,ESCUELA 157,24432,4168,90
Tucuman,ESCUELA 174,24433,4168,90
Tucuman,ESCUELA 175,24434,4168,90
Tucuman,ESCUELA 185,24436,4168,90
Tucuman,ESCUELA 192,24437,4168,90
Tucuman,ESCUELA 194,24439,4168,90
Tucuman,ESCUELA 195,24440,4168,90
Tucuman,ESCUELA 1 JUNTA,24441,4168,90
Tucuman,ESCUELA 207,24443,4168,90
Tucuman,ESCUELA 209,24444,4168,90
Tucuman,ESCUELA 224,24446,4168,90
Tucuman,EL POTRERO,24447,4124,90
Tucuman,ESCUELA 226,24448,4168,90
Tucuman,EL POZO,24449,4124,90
Tucuman,EL PUESTITO,24450,4124,90
Tucuman,ESCUELA 227,24451,4168,90
Tucuman,EL SUNCAL,24452,4124,90
Tucuman,EL TALAR,24454,4124,90
Tucuman,ESCUELA 229,24455,4168,90
Tucuman,EL ZAUZAL,24456,4124,90
Tucuman,ESCUELA 231,24457,4168,90
Tucuman,ESCUELA 128,24458,4124,90
Tucuman,ESCUELA 232,24459,4168,90
Tucuman,ESCUELA 170,24461,4124,90
Tucuman,ESCUELA 235,24462,4168,90
Tucuman,ESCUELA 171,24463,4124,90
Tucuman,ESCUELA 204,24464,4124,90
Tucuman,ESCUELA 238,24465,4168,90
Tucuman,ESCUELA 214,24466,4124,90
Tucuman,ESCUELA 221,24467,4124,90
Tucuman,ESCUELA 25 DE MAYO,24468,4168,90
Tucuman,ESCUELA 233,24470,4124,90
Tucuman,ESCUELA 27,24471,4168,90
Tucuman,ESCUELA 265,24472,4124,90
Tucuman,ESCUELA 272,24473,4168,90
Tucuman,ESCUELA 309,24474,4124,90
Tucuman,ESCUELA 273,24476,4168,90
Tucuman,ESCUELA 293,24477,4168,90
Tucuman,ESCUELA 31,24478,4124,90
Tucuman,ESCUELA 341,24479,4124,90
Tucuman,ESCUELA 323,24480,4168,90
Tucuman,ESCUELA 349,24482,4124,90
Tucuman,ESCUELA 354,24483,4168,90
Tucuman,ESCUELA 356,24484,4124,90
Tucuman,ESCUELA 364,24485,4168,90
Tucuman,ESCUELA 362,24486,4124,90
Tucuman,ESCUELA 385,24487,4124,90
Tucuman,ESCUELA 370,24489,4168,90
Tucuman,ESCUELA 389,24490,4124,90
Tucuman,ESCUELA 392,24491,4124,90
Tucuman,ESCUELA 52,24492,4168,90
Tucuman,ESCUELA 42,24493,4124,90
Tucuman,ESCUELA 77,24494,4168,90
Tucuman,ESCUELA 44,24495,4124,90
Tucuman,ESCUELA 45,24497,4124,90
Tucuman,ESCUELA 78,24498,4168,90
Tucuman,ESCUELA 47,24499,4124,90
Tucuman,ESCUELA 79,24500,4168,90
Tucuman,ESCUELA GDOR LOPEZ,24501,4124,90
Tucuman,ESCUELA HERNAN MIRAVAL,24503,4124,90
Tucuman,ESCUELA 80,24504,4168,90
Tucuman,ESCUELA 81,24505,4168,90
Tucuman,ESCUELA J J THAMES,24506,4124,90
Tucuman,ESCUELA 82,24507,4168,90
Tucuman,ESCUELA JUAN JOSE PASO,24509,4124,90
Tucuman,ESCUELA 216,24510,4124,90
Tucuman,ESCUELA ALEJANDRO HEREDIA,24511,4168,90
Tucuman,ESCUELA ANGEL PADILLA,24512,4168,90
Tucuman,ESTANQUE,24513,4124,90
Tucuman,HUALINCHAY,24515,4124,90
Tucuman,ESCUELA BATALLA DE TUCUMAN,24516,4168,90
Tucuman,HUASAMAYO,24517,4122,90
Tucuman,HUASAMAYO SUD,24518,4122,90
Tucuman,INDIA MUERTA,24519,4124,90
Tucuman,ESCUELA CACIQUE MANAMICO,24520,4168,90
Tucuman,KILOMETRO 1340,24521,4124,90
Tucuman,KILOMETRO 847,24523,4124,90
Tucuman,LA AGUADA,24524,4124,90
Tucuman,ESCUELA ESTANISLAO ZEBALLOS,24526,4168,90
Tucuman,LA COLONIA,24528,4115,90
Tucuman,LA CUEVA,24529,4126,90
Tucuman,LA ESPERANZA,24530,4151,90
Tucuman,LA ESQUINA,24531,4124,90
Tucuman,LA LAGUNA,24532,4124,90
Tucuman,LAS BOTIJAS,24533,4124,90
Tucuman,LAS BURRAS,24534,4124,90
Tucuman,LAS CAÃ‘ITAS,24535,4124,90
Tucuman,LAS JUNTAS,24536,4122,90
Tucuman,LAS PIRCAS,24537,4124,90
Tucuman,LOS ANGELES,24538,4178,90
Tucuman,LOS BORDOS,24539,4124,90
Tucuman,ESCUELA GOBERNADOR MIGUEL NOGU,24540,4168,90
Tucuman,ESCUELA GRANILLO,24542,4168,90
Tucuman,ESCUELA IGNACIO BAS,24543,4168,90
Tucuman,ESCUELA LA ASUNCION,24544,4168,90
Tucuman,ESCUELA M DE PUEYRREDON,24545,4168,90
Tucuman,ESCUELA P DE MENDOZA,24546,4168,90
Tucuman,ESCUELA PEDRO ECHEVERRY,24548,4168,90
Tucuman,ESCUELA R ROJAS,24549,4168,90
Tucuman,ESQUINA,24555,4111,90
Tucuman,ESTABLECIMIENTO LAS COLONIAS,24557,4115,90
Tucuman,ESTACION DE ZOOTECNIA B,24562,4000,90
Tucuman,ESTANCIA LA PRINCESA,24565,4168,90
Tucuman,FINCA TINTA,24568,4168,90
Tucuman,FINCA LOS LLANOS,24569,4168,90
Tucuman,KILOMETRO 1231,24586,4168,90
Tucuman,LOS PUESTOS,24630,4124,90
Tucuman,MIMILTO,24632,4124,90
Tucuman,MOLLE YACO,24633,4124,90
Tucuman,Ã‘ORCO,24636,4122,90
Tucuman,PANTANILLO,24637,4124,90
Tucuman,PORTEZUELO,24638,4124,90
Tucuman,POSTA VIEJA,24639,4122,90
Tucuman,POTRERO GRANDE,24640,4168,90
Tucuman,POTRO YACO,24641,4122,90
Tucuman,POZO SUNCHO,24643,4124,90
Tucuman,PRADERA ALEGRE,24644,4124,90
Tucuman,PUESTO VARELA,24645,4124,90
Tucuman,REARTE,24646,4124,90
Tucuman,RODEO,24647,4122,90
Tucuman,SAN CARLOS,24656,4124,90
Tucuman,SANTA RITA,24657,4124,90
Tucuman,TACANAS,24658,4124,90
Tucuman,TACO LLANO,24659,4124,90
Tucuman,TACO PUNCO,24661,4124,90
Tucuman,TACO YACO,24662,4124,90
Tucuman,TIPA MAYO,24663,4124,90
Tucuman,TIPAS,24665,4105,90
Tucuman,TRANCAS,24666,4124,90
Tucuman,VESUBIO,24667,4122,90
Tucuman,VILLA GLORIA,24669,4124,90
Tucuman,VILLA RITA,24670,4124,90
Tucuman,VILLA VIEJA,24671,4124,90
Tucuman,YARAMI,24690,4124,90
Tucuman,YUCHACO,24692,4124,90
Tucuman,ESCUELA,24706,4105,90
Tucuman,ESCUELA 113,24707,4105,90
Tucuman,ESCUELA 311,24708,4105,90
Tucuman,ESCUELA ANTONIO MEDINA,24710,4105,90
Tucuman,ESCUELA GRANADEROS DE SAN MART,24711,4105,90
Tucuman,ESCUELA OTILDE DE TORO,24713,4105,90
Tucuman,HORCO MOLLE,24714,4105,90
Tucuman,LA SALA,24715,4105,90
Tucuman,LOMAS DE IMBAUD,24716,4105,90
Tucuman,RUTA PROVINCIAL 338,24717,4105,90
Tucuman,VILLA SAN JAVIER,24718,4105,90
Tucuman,KILOMETRO 1260,24896,4168,90
Tucuman,KILOMETRO 35,24898,4168,90
Tucuman,LA BOLSA,24901,4128,90
Tucuman,LA DONOSA,24902,4168,90
Tucuman,LA ENCANTADA,24905,4111,90
Tucuman,LA ISLA,24910,4168,90
Tucuman,LA PRINCESA,24912,4168,90
Tucuman,LAS BARRANCAS,24921,4168,90
Tucuman,LAS CUATRO ESQUINAS,24932,4168,90
Tucuman,LAS JUNTAS,24938,4168,90
Tucuman,LAS PIRVAS,24945,4168,90
Tucuman,LAS TALAS,24948,4178,90
Tucuman,LEALES,24954,4113,90
Tucuman,LOS AGUDOS,24957,4168,90
Tucuman,LOS DECIMA,24969,4168,90
Tucuman,LOS GRAMAJO,24975,4159,90
Tucuman,LOS POCITOS,24983,4168,90
Tucuman,LOS VALDES,24996,4168,90
Tucuman,LOS VILLAGRA,24998,4178,90
Tucuman,MASCIO SUR,25002,4172,90
Tucuman,MANCOPA CHICO,25005,4115,90
Tucuman,ESCUELA 324,25009,4128,90
Tucuman,ESCUELA 333,25010,4128,90
Tucuman,ESCUELA 348,25011,4128,90
Tucuman,ESCUELA 39,25012,4128,90
Tucuman,ESCUELA 51,25013,4128,90
Tucuman,ESCUELA DE MANUALIDADES,25015,4128,90
Tucuman,ESCUELA DE MANUALIDADES OUANTA,25016,4128,90
Tucuman,ESCUELA DEAN SALCEDO,25017,4128,90
Tucuman,ESCUELA E CANTON,25018,4128,90
Tucuman,MOLLE POZO,25019,4168,90
Tucuman,ESCUELA F NOGUES,25020,4128,90
Tucuman,ESCUELA F N LAPRIDA,25022,4128,90
Tucuman,ESCUELA IGNACIO COLOMBRES,25024,4128,90
Tucuman,ESCUELA ING BERTRE,25026,4128,90
Tucuman,ESCUELA L BLANCO,25028,4128,90
Tucuman,ESCUELA MALVINAS,25030,4128,90
Tucuman,ESCUELA MANUEL SAVIO,25032,4128,90
Tucuman,FAGSA,25033,4105,90
Tucuman,FINCA TINA,25034,4105,90
Tucuman,HITACHI,25035,4105,90
Tucuman,ING MERCEDES,25038,4152,90
Tucuman,JAVA,25039,4149,90
Tucuman,LA BOMBA,25040,4105,90
Tucuman,LAS JUNTAS,25041,4105,90
Tucuman,LOS ALAMOS,25042,4105,90
Tucuman,LOS CHAMICOS,25043,4105,90
Tucuman,MISKY,25044,4105,90
Tucuman,MUNDO NUEVO,25047,4105,90
Tucuman,POTRERILLO,25048,4105,90
Tucuman,RUTA NACIONAL 157,25050,4128,90
Tucuman,RUTA NACIONAL 38,25052,4128,90
Tucuman,PAJA BLANCA,25053,4168,90
Tucuman,RUTA PROVINCIAL 301,25054,4128,90
Tucuman,RUTA PROVINCIAL 338,25057,4128,90
Tucuman,RUTA PROVINCIAL 380,25058,4128,90
Tucuman,SAN MIGUEL,25060,4105,90
Tucuman,TECOTEX,25062,4105,90
Tucuman,YERBA HUASI,25063,4105,90
Tucuman,PAMPA MAYO NOROESTE,25066,4172,90
Tucuman,PLANTA DE BOMBEO DE YPF,25069,4168,90
Tucuman,PORVENIR,25072,4178,90
Tucuman,PUNTA DE RIELES,25104,4115,90
Tucuman,ALTO DE LEIVA,25110,4142,90
Tucuman,ALTO VERDE,25111,4142,90
Tucuman,APARADERO MILITAR GRAL MUÃ‘OZ,25114,4142,90
Tucuman,ARANILLA,25115,4134,90
Tucuman,B ZORRILLA,25117,4142,90
Tucuman,CASPICHANGO VIEJO,25120,4142,90
Tucuman,CASTILLAS,25123,4172,90
Tucuman,CHILCAR,25124,4172,90
Tucuman,COLONIA SANTA MARINA,25126,4142,90
Tucuman,RUTA NACIONAL 157,25132,4168,90
Tucuman,RUTA NACIONAL 9,25134,4168,90
Tucuman,RUTA PROVINCIAL 302,25136,4168,90
Tucuman,RUTA PROVINCIAL 306,25139,4168,90
Tucuman,COLONIA 6,25141,4142,90
Tucuman,RUTA PROVINCIAL 320,25145,4168,90
Tucuman,RUTA PROVINCIAL 323,25146,4168,90
Tucuman,RUTA PROVINCIAL 366,25148,4168,90
Tucuman,RUTA PROVINCIAL 374,25155,4168,90
Tucuman,RUTA PROVINCIAL 375,25161,4168,90
Tucuman,SAN CARLOS,25166,4186,90
Tucuman,TALILAR,25176,4168,90
Tucuman,VICLOS,25177,4178,90
Tucuman,VIZCACHERA,25178,4168,90
Tucuman,YACUCHIRI,25179,4174,90
Tucuman,YANGALLO,25180,4168,90
Tucuman,ABRA DEL TAFI,25191,4105,90
Tucuman,CALIMAYO,25193,4105,90
Tucuman,CAMPO REDONDO,25194,4105,90
Tucuman,COLONIA FELIPE,25195,4105,90
Tucuman,COLONIA LOS CHASALES,25197,4105,90
Tucuman,COLONIA TACAPUNCO,25200,4105,90
Tucuman,EL CARMEN,25202,4128,90
Tucuman,EL DURAZNILLO,25203,4105,90
Tucuman,ESCUELA 12,25204,4128,90
Tucuman,ESCUELA 130,25205,4128,90
Tucuman,ESCUELA 212,25206,4128,90
Tucuman,ESCUELA 222,25207,4128,90
Tucuman,ESCUELA 243,25208,4128,90
Tucuman,ESCUELA 247,25209,4128,90
Tucuman,ESCUELA 251,25210,4128,90
Tucuman,ESCUELA 253,25211,4128,90
Tucuman,ESCUELA 254,25212,4128,90
Tucuman,ESCUELA 260,25213,4128,90
Tucuman,LOS AGUDOS,27625,4152,90
Tucuman,LOS AMAYA,27691,4174,90
Tucuman,TIMBO VIEJO,27692,4101,90
Tucuman,COLONIA 4,27693,4178,90
Tucuman,COLONIA 4 DE COLOMBRES,27797,4178,90
Tucuman,EL REMATE,27868,4137,90
Tucuman,ESQUINA,27874,4119,90
Tucuman,LA AGUADITA,27878,4137,90
Tucuman,PUEBLO VIEJO,27880,4142,90
Tucuman,LOS DIAZ,27881,4172,90
Tucuman,LA SALVACION,27882,4162,90
